descricao;ano_inicial;ano_final;anos_distintos;preco_inicial;preco_final;variacao_nominal_pct;ipca_periodo_pct;variacao_real_pct;diagnostico
"SACO PLÁSTICO TRANSPARENTE NA MEDIDA 40X50CM;";2015;2024;3;0.11;248.0;225354.55;58.06;142536.36;⚠️ Pressão de demanda — subiu acima do IPCA
MAO DE OBRA;2015;2020;5;71.75;27900.0;38785.02;23.77;31317.16;⚠️ Pressão de demanda — subiu acima do IPCA
SACO PLÁSTICO TRANSPARENTE NA MEDIDA 60X80CM;2015;2024;5;0.34;88.0;25789.97;58.06;16276.47;⚠️ Pressão de demanda — subiu acima do IPCA
PLUG ROSCAVEL 1/2 PVC;2015;2021;6;0.43;93.0;21527.91;36.22;15776.74;⚠️ Pressão de demanda — subiu acima do IPCA
PRESERVATIVOS MASCULINOS DE 52 MM, SEM LUBRIFICANTE;2021;2024;3;0.3;46.8;15710.81;16.03;13359.09;⚠️ Pressão de demanda — subiu acima do IPCA
POTE TIPO MARMITEX TÉRMICO ISOPOR COM TAMPA;2020;2023;4;0.46;73.0;15769.57;21.81;12986.49;⚠️ Pressão de demanda — subiu acima do IPCA
AGULHAS HIPODÉRMICAS 20MMX5,5MM;2015;2021;5;0.05;8.75;16270.44;36.22;11572.73;⚠️ Pressão de demanda — subiu acima do IPCA
CARTOLINA TAMANHO OFÍCIO.;2018;2024;5;0.09;12.58;13877.78;39.22;9850.0;⚠️ Pressão de demanda — subiu acima do IPCA
CONFECÇÃO DE CONVITE 4X4 PAPEL ADESIVO GROSSO;2020;2024;3;0.03;2.03;7418.52;27.7;6300.0;⚠️ Pressão de demanda — subiu acima do IPCA
AGULHAS HIPODÉRMICAS 13MMX4,5MM;2015;2024;6;0.05;4.99;10317.54;58.06;6220.0;⚠️ Pressão de demanda — subiu acima do IPCA
LEVONORGESTREL 0,15MG + ETINILESTRADIOL 0,03MG;2015;2023;3;0.02;1.69;7581.82;50.77;5500.0;⚠️ Pressão de demanda — subiu acima do IPCA
FIO DE NYLON PARA ROCADEIRA;2017;2021;3;0.79;48.0;5975.95;24.48;4794.44;⚠️ Pressão de demanda — subiu acima do IPCA
CITROEN AIRCROSS /C3 PICASSO GLX 1.6 16V FLEX 2013;2019;2022;4;1.0;57.0;5600.0;21.69;4608.33;⚠️ Pressão de demanda — subiu acima do IPCA
COLA INSTANTÂNEA;2018;2020;3;0.97;47.9;4838.14;9.02;4452.94;⚠️ Pressão de demanda — subiu acima do IPCA
HONDA NEW CIVIC (12 - ) LXR 2.0 16V I-VTEC FLEX AT 2016;2019;2022;4;1.0;55.0;5400.0;21.69;4444.05;⚠️ Pressão de demanda — subiu acima do IPCA
MANGUEIRA;2015;2020;6;5.02;266.22;5203.23;23.77;4184.73;⚠️ Pressão de demanda — subiu acima do IPCA
TOYOTA COROLLA XEI 2.0 FLEX 2018 - 2022;2019;2024;4;1.0;47.76;4676.25;33.47;3497.32;⚠️ Pressão de demanda — subiu acima do IPCA
FIAT SIENA FASE IV EL 1.0 FIRE 8V FLEX 2014;2019;2023;5;1.0;40.45;3945.17;27.32;3093.85;⚠️ Pressão de demanda — subiu acima do IPCA
VW GOL IV GERAÇÃO G4 1.0 4P 1.0 MI AT FLEX 68/71CV 2011;2019;2023;5;1.0;40.42;3941.67;27.32;3091.07;⚠️ Pressão de demanda — subiu acima do IPCA
FIAT PALIO FASE III 4P ATTRACTIVE 1.0MPI FIRE 8V FLEX 2017;2019;2023;5;1.0;40.33;3933.33;27.32;3084.72;⚠️ Pressão de demanda — subiu acima do IPCA
VW VIRTUS HL AD 4P 128CV 2019;2019;2023;5;1.0;40.33;3933.33;27.32;3084.52;⚠️ Pressão de demanda — subiu acima do IPCA
FORD KÁ SE 1.5 SD B 2018;2019;2023;5;1.0;40.29;3928.5;27.32;3080.75;⚠️ Pressão de demanda — subiu acima do IPCA
VW GOL TRENDLINE 1.6 8V FLEX 2017-2018;2019;2023;5;1.0;40.0;3900.0;27.32;3058.13;⚠️ Pressão de demanda — subiu acima do IPCA
PEUGEOT 207 HB ACTIVE 1.4 8V FLEX 2015;2019;2023;5;1.0;39.67;3866.67;27.32;3031.94;⚠️ Pressão de demanda — subiu acima do IPCA
EFFA CAMINHONETE C. FECHADA V21 2017;2019;2023;5;1.0;38.24;3724.17;27.32;2919.44;⚠️ Pressão de demanda — subiu acima do IPCA
RENAULT DUSTER 20 D 4X2A 2015;2019;2023;5;1.0;36.57;3557.14;27.32;2787.59;⚠️ Pressão de demanda — subiu acima do IPCA
VW GOL 1.6L MB5 4P (2019 - 2020);2019;2023;5;1.0;36.0;3500.0;27.32;2742.86;⚠️ Pressão de demanda — subiu acima do IPCA
FIAT UNO (10 - ) 2P VIVACE 1.0 EVO FLEX 2014;2019;2023;3;1.0;35.0;3400.0;27.32;2663.1;⚠️ Pressão de demanda — subiu acima do IPCA
GM SPIN 1.8L MT LT 8V ECONO.FLEX 2014;2019;2021;3;1.0;31.44;3044.0;15.03;2647.62;⚠️ Pressão de demanda — subiu acima do IPCA
VW/15.190 EOD E.S.ORE (NACIONAL) 2012;2019;2021;3;1.0;31.44;3044.0;15.03;2647.38;⚠️ Pressão de demanda — subiu acima do IPCA
VW PARATI III GERAÇÃO 1.8 MI 1.8 MI AP GASOLINA 2002;2019;2021;3;1.0;31.24;3024.0;15.03;2630.0;⚠️ Pressão de demanda — subiu acima do IPCA
GARROTE TUBO LÁTEX NO. 202;2015;2021;4;1.33;48.5;3546.62;36.22;2576.69;⚠️ Pressão de demanda — subiu acima do IPCA
FIAT DOBLO (02 - 09) CARGO 1.8MPI 8V FLEX 2009;2019;2021;3;1.0;29.5;2850.0;15.03;2478.57;⚠️ Pressão de demanda — subiu acima do IPCA
VW SPACEFOX (06 - 10) SPORTLINE 4P 1.6 TOTAL FLEX 2009;2019;2021;3;1.0;29.5;2850.0;15.03;2477.98;⚠️ Pressão de demanda — subiu acima do IPCA
HONDA NEW CIVIC (06 - 11) LXS 1.8 16V FLEX MT 2010;2019;2021;3;1.0;29.0;2800.0;15.03;2434.52;⚠️ Pressão de demanda — subiu acima do IPCA
SCANIA/T112 HW 4X2(NACIONAL) 1990;2019;2021;3;1.0;28.44;2744.0;15.03;2385.24;⚠️ Pressão de demanda — subiu acima do IPCA
CINTA PLASTICA 15CM X 2,5MM;2015;2017;3;0.08;1.99;2387.5;9.43;2175.0;⚠️ Pressão de demanda — subiu acima do IPCA
KIA K2500 LD (2009 - 2021);2019;2021;3;1.0;25.77;2477.17;15.03;2151.98;⚠️ Pressão de demanda — subiu acima do IPCA
SALAMINHO DEFUMADO;2018;2023;5;4.05;116.9;2786.42;32.8;2071.99;⚠️ Pressão de demanda — subiu acima do IPCA
FIAT STRADA HD WORKING CC E GASOLINA 2017;2019;2025;7;1.0;27.5;2650.0;39.16;1886.9;⚠️ Pressão de demanda — subiu acima do IPCA
M.BENZ/L 1113(NACIONAL) 1978;2019;2024;6;1.0;25.6;2460.0;33.47;1828.57;⚠️ Pressão de demanda — subiu acima do IPCA
FIAT PALIO FASE III 4P ATTRACTIVE 1.4MPI FIRE 8V FLEX 2011;2019;2021;3;1.0;22.0;2100.0;15.03;1822.62;⚠️ Pressão de demanda — subiu acima do IPCA
HONDA NEW CIVIC (12 - ) LXL 1.8 16V I-VTEC FLEX MT 2011;2019;2021;3;1.0;21.5;2050.0;15.03;1779.17;⚠️ Pressão de demanda — subiu acima do IPCA
FIAT PALIO FASE III 4P ELX 1.0MPI FIRE 8V FLEX 2007 - 2014;2019;2021;3;1.0;21.5;2050.0;15.03;1779.17;⚠️ Pressão de demanda — subiu acima do IPCA
MILHO VERDE EM CONSERVA;2018;2024;5;1.38;36.0;2508.7;39.22;1767.21;⚠️ Pressão de demanda — subiu acima do IPCA
AGUA MINERAL COM GÁS;2019;2021;3;1.85;34.8;1781.08;15.03;1537.82;⚠️ Pressão de demanda — subiu acima do IPCA
MANGUEIRA JARDIM 3/4 X 2,5MM;2015;2021;6;2.4;53.0;2108.33;36.22;1521.25;⚠️ Pressão de demanda — subiu acima do IPCA
AGUA MINERAL SEM GÁS;2019;2021;3;1.79;30.6;1609.5;15.03;1387.42;⚠️ Pressão de demanda — subiu acima do IPCA
CORRETIVO LIQUIDO;2017;2024;4;0.87;17.81;1947.13;44.44;1308.75;⚠️ Pressão de demanda — subiu acima do IPCA
GM SPIN 1.8L MT LTZ 8V ECONO.FLEX 2019;2019;2025;4;1.0;19.5;1850.0;39.16;1308.33;⚠️ Pressão de demanda — subiu acima do IPCA
REBITE ALUMÍNIO 4,0 X 10MM;2015;2021;6;0.02;0.38;1800.0;36.22;1300.0;⚠️ Pressão de demanda — subiu acima do IPCA
VW/14.140(NACIONAL) 1990;2019;2021;3;1.0;15.0;1400.0;15.03;1210.71;⚠️ Pressão de demanda — subiu acima do IPCA
TERMÔMETRO DIGITAL;2016;2018;3;11.0;148.62;1251.09;6.81;1164.83;⚠️ Pressão de demanda — subiu acima do IPCA
AGUA DE COCO 200ML;2015;2023;6;2.7;50.25;1761.11;50.77;1134.44;⚠️ Pressão de demanda — subiu acima do IPCA
REGISTRO TIPO GLOBO PARA GÁS GLP P45;2018;2021;3;34.51;496.6;1339.0;19.99;1099.21;⚠️ Pressão de demanda — subiu acima do IPCA
GM S-10 RODEIO 2.8 D 4X4 DIESEL 2011;2019;2025;7;1.0;16.25;1525.0;39.16;1073.81;⚠️ Pressão de demanda — subiu acima do IPCA
CONECTOR P/ HASTE TERRA - CABO 35MM;2015;2021;6;1.0;15.94;1494.0;36.22;1070.0;⚠️ Pressão de demanda — subiu acima do IPCA
GM S-10 LT DD4 2015;2019;2025;7;1.0;15.75;1475.0;39.16;1037.5;⚠️ Pressão de demanda — subiu acima do IPCA
IMPRESSORA.;2018;2020;3;130.09;1593.5;1124.92;9.02;1023.54;⚠️ Pressão de demanda — subiu acima do IPCA
TIRA DE LIXA DE POLIESTER 4X170MM PARA POLIMENTO DE RESTAURA;2020;2024;4;6.3;89.86;1326.35;27.7;1016.9;⚠️ Pressão de demanda — subiu acima do IPCA
ROLAMENTO;2017;2020;3;49.16;615.4;1151.83;13.1;1006.83;⚠️ Pressão de demanda — subiu acima do IPCA
CHOCOLATE EM PÓ;2018;2023;5;3.25;44.97;1283.69;32.8;943.01;⚠️ Pressão de demanda — subiu acima do IPCA
SACO DE LIXO 100L;2018;2021;3;3.0;37.3;1143.33;19.99;937.12;⚠️ Pressão de demanda — subiu acima do IPCA
ERVILHA EM CONSERVA;2015;2023;7;4.33;67.4;1456.58;50.77;932.33;⚠️ Pressão de demanda — subiu acima do IPCA
ROLO DE ELÁSTICO CORRENTE MÉDIO CINZA;2022;2025;3;3.27;37.55;1048.32;14.35;903.96;⚠️ Pressão de demanda — subiu acima do IPCA
VERNIZ FLUORETADO;2015;2025;8;10.09;165.65;1541.72;64.79;896.23;⚠️ Pressão de demanda — subiu acima do IPCA
AÇUCAR EM SACHÊ;2016;2023;7;3.49;48.35;1285.39;41.85;877.74;⚠️ Pressão de demanda — subiu acima do IPCA
IVECO CAMIN. FURGÃO DAILY 35S14 HDG FURGÃO 2018;2019;2025;7;1.0;13.25;1225.0;39.16;857.74;⚠️ Pressão de demanda — subiu acima do IPCA
CAIXA DE SOM;2016;2024;6;24.0;333.8;1290.83;48.71;835.3;⚠️ Pressão de demanda — subiu acima do IPCA
COLHER  GRANDE DE POLIETILENO,  COM NO MÍNIMO 40 CM;2019;2025;3;4.77;62.0;1199.79;39.16;833.5;⚠️ Pressão de demanda — subiu acima do IPCA
GRAFITE DE 0,7 MM PARA LAPISEIRA TIPO B;2018;2023;3;0.6;7.03;1071.67;32.8;779.25;⚠️ Pressão de demanda — subiu acima do IPCA
VW SAVEIRO ROBUST CAB. SIMPLES 1.6 8V FLEX 2018 - 2019;2019;2025;4;1.0;12.0;1100.0;39.16;766.67;⚠️ Pressão de demanda — subiu acima do IPCA
DESINFETANTE DE USO GERAL 5 LITROS.;2018;2024;6;5.2;62.63;1104.42;39.22;765.07;⚠️ Pressão de demanda — subiu acima do IPCA
M.BENZ/L 608 D(NACIONAL) 1983;2019;2025;7;1.0;11.75;1075.0;39.16;749.4;⚠️ Pressão de demanda — subiu acima do IPCA
TINTA ACRÍLICA PARA PISO DE QUADRA ESPORTIVA;2018;2021;3;24.95;252.0;910.02;19.99;741.63;⚠️ Pressão de demanda — subiu acima do IPCA
PASSA FITA;2017;2021;3;1.6;16.47;929.37;24.48;728.08;⚠️ Pressão de demanda — subiu acima do IPCA
GRAFITE DE 0,5 MM PARA LAPISEIRA TIPO B;2018;2023;3;0.6;6.59;998.33;32.8;724.53;⚠️ Pressão de demanda — subiu acima do IPCA
CLIPES PARA PAPEL N.º 1;2018;2021;4;1.1;10.85;886.36;19.99;721.65;⚠️ Pressão de demanda — subiu acima do IPCA
CLIPES PARA PAPÉIS N.º 3;2018;2020;3;1.1;9.76;787.27;9.02;713.4;⚠️ Pressão de demanda — subiu acima do IPCA
VW/24.250 CNC 6X2 (NACIONAL) 2008;2019;2025;7;1.0;11.25;1025.0;39.16;713.1;⚠️ Pressão de demanda — subiu acima do IPCA
FORD/CARGO 712 (NACIONAL) 2010;2019;2025;7;1.0;11.25;1025.0;39.16;713.1;⚠️ Pressão de demanda — subiu acima do IPCA
AGRALE/8500 TCA(NACIONAL) 2010;2019;2025;7;1.0;11.25;1025.0;39.16;713.1;⚠️ Pressão de demanda — subiu acima do IPCA
TUBO ESGOTO EM PVC 100MM;2015;2021;6;5.0;55.1;1003.1;36.22;709.81;⚠️ Pressão de demanda — subiu acima do IPCA
IVECO MIC.ONIB. VAN DAILY 55C16 TCA 2018;2019;2025;6;1.0;11.0;1000.0;39.16;695.24;⚠️ Pressão de demanda — subiu acima do IPCA
BAQUETAS PARA BUMBO;2019;2025;4;19.0;203.8;972.63;39.16;671.01;⚠️ Pressão de demanda — subiu acima do IPCA
JEEP COMPASS LONGITUDE 2.0 TURBO DIESEL 4X4 2021;2021;2024;4;10.0;89.0;790.0;16.03;667.17;⚠️ Pressão de demanda — subiu acima do IPCA
JEEP RENEGADE (2019 A 2021) STD 1.8 16V FLEX AUT 2021;2021;2024;4;10.0;88.5;785.0;16.03;662.81;⚠️ Pressão de demanda — subiu acima do IPCA
ETIQUETA AUTO COLANTE Nº 20;2015;2018;4;10.5;90.9;765.71;13.53;662.57;⚠️ Pressão de demanda — subiu acima do IPCA
ETIQUETA AUTO COLANTE Nº 14;2015;2018;4;10.5;90.9;765.71;13.53;662.57;⚠️ Pressão de demanda — subiu acima do IPCA
SAPONÁCEO CREMOSO.;2016;2025;3;1.3;15.29;1076.15;55.04;660.66;⚠️ Pressão de demanda — subiu acima do IPCA
SOQUETE P/FL. ANTIVIB.;2016;2020;3;0.9;7.81;767.78;16.45;642.35;⚠️ Pressão de demanda — subiu acima do IPCA
PAPEL PARDO KRAFT;2015;2019;4;6.62;57.9;774.62;18.42;638.52;⚠️ Pressão de demanda — subiu acima do IPCA
TUBO ESGOTO EM PVC  40MM;2015;2021;6;2.46;23.2;841.18;36.22;590.87;⚠️ Pressão de demanda — subiu acima do IPCA
PAPEL HIGIÊNICO.;2016;2023;3;4.99;48.8;877.96;41.85;590.19;⚠️ Pressão de demanda — subiu acima do IPCA
CONFECÇÃO DE ENVELOPE TAM. 36,5X25,4 - 1 COR.;2020;2024;4;0.25;2.14;756.0;27.7;575.0;⚠️ Pressão de demanda — subiu acima do IPCA
MOUSE;2016;2020;4;9.7;74.45;667.53;16.45;558.82;⚠️ Pressão de demanda — subiu acima do IPCA
JOELHO SOLDÁVEL 25 X 45º;2015;2021;6;0.3;2.6;766.67;36.22;535.0;⚠️ Pressão de demanda — subiu acima do IPCA
TUBO SOLD. 20MM COM BOLSA ,BARRAS DE 6M EM PVC;2015;2021;6;1.74;14.75;747.7;36.22;522.41;⚠️ Pressão de demanda — subiu acima do IPCA
VALSARTANA 80MG CPR;2016;2019;3;0.32;2.19;587.46;11.41;516.67;⚠️ Pressão de demanda — subiu acima do IPCA
TUBO ESGOTO EM PVC 50MM;2015;2021;6;3.85;32.3;738.96;36.22;515.84;⚠️ Pressão de demanda — subiu acima do IPCA
CAIXA DE SOM.;2019;2023;3;36.5;284.0;678.08;27.32;511.19;⚠️ Pressão de demanda — subiu acima do IPCA
TUBO ESGOTO EM PVC 75MM;2015;2021;6;5.48;45.5;730.29;36.22;509.49;⚠️ Pressão de demanda — subiu acima do IPCA
TUBO ESGOTO EM PVC 150MM;2015;2021;6;13.98;114.72;720.6;36.22;502.43;⚠️ Pressão de demanda — subiu acima do IPCA
TESOURA GRANDE 21CM;2016;2018;3;3.72;23.65;535.75;6.81;495.14;⚠️ Pressão de demanda — subiu acima do IPCA
MOLA;2017;2020;3;157.94;1053.5;567.03;13.1;489.75;⚠️ Pressão de demanda — subiu acima do IPCA
BOLA DE FUTEBOL DE CAMPO;2016;2023;4;26.0;217.4;736.15;41.85;489.49;⚠️ Pressão de demanda — subiu acima do IPCA
CORRETIVO LIQUIDO 18ML;2018;2023;4;2.3;17.86;676.52;32.8;483.74;⚠️ Pressão de demanda — subiu acima do IPCA
TUBO DA VALVULA DE ESCAPE STERMAX;2021;2025;5;7.94;55.7;601.51;20.97;479.76;⚠️ Pressão de demanda — subiu acima do IPCA
PEPINO EM CONSERVA;2017;2024;8;4.7;39.0;729.79;44.44;475.06;⚠️ Pressão de demanda — subiu acima do IPCA
TUBO ELETRODUTO PVC 1  PRETO    (BR 3M);2015;2018;4;1.59;10.36;551.89;13.53;474.21;⚠️ Pressão de demanda — subiu acima do IPCA
TUBO SOLD. 25MM COM BOLSA ,BARRAS DE 6M EM PVC;2015;2021;6;2.09;16.35;682.3;36.22;474.16;⚠️ Pressão de demanda — subiu acima do IPCA
PÁ DE LIXO PLÁSTICA;2015;2023;4;2.3;19.75;758.7;50.77;469.57;⚠️ Pressão de demanda — subiu acima do IPCA
BOLA DE BASQUETE;2017;2024;4;18.4;149.0;709.78;44.44;460.8;⚠️ Pressão de demanda — subiu acima do IPCA
COCO EM FLOCOS;2018;2024;5;5.3;41.0;673.58;39.22;455.46;⚠️ Pressão de demanda — subiu acima do IPCA
TUBO SOLD. 60MM COM BOLSA ,BARRAS DE 6M EM PVC;2015;2021;6;8.98;67.4;650.56;36.22;451.0;⚠️ Pressão de demanda — subiu acima do IPCA
TUBO SOLD. 50MM COM BOLSA ,BARRAS DE 6M EM PVC;2015;2021;6;6.95;52.0;648.2;36.22;449.21;⚠️ Pressão de demanda — subiu acima do IPCA
ENVELOPES DE POLIETILENO;2018;2021;4;15.3;100.0;553.59;19.99;444.58;⚠️ Pressão de demanda — subiu acima do IPCA
BACIA GRANDE;2016;2023;4;5.6;42.74;663.21;41.85;437.95;⚠️ Pressão de demanda — subiu acima do IPCA
FECHADURA DE ALAVANCA PARA PORTA DE VIDRO - MODELO 1520MC;2021;2024;3;71.21;443.31;522.55;16.03;436.58;⚠️ Pressão de demanda — subiu acima do IPCA
RÉGUA ENDODONTICA MILIMETRADA CALIBRADORA - INDICADA PARA CA;2020;2025;5;49.0;350.0;614.29;33.14;436.47;⚠️ Pressão de demanda — subiu acima do IPCA
NISSAN FRONTIER II (09 - ) XE 4X4 2.5 TURBO-DIESEL 174CV;2017;2020;3;12.0;70.5;487.5;13.1;419.28;⚠️ Pressão de demanda — subiu acima do IPCA
ALFACE CRESPA .;2019;2025;4;2.14;15.44;621.5;39.16;417.68;⚠️ Pressão de demanda — subiu acima do IPCA
CONFECÇÃO DE FOLDERS EM PAPEL COUCHE 150GR, TAM A4 COM 2 DOB;2020;2022;3;0.21;1.27;504.71;16.43;417.65;⚠️ Pressão de demanda — subiu acima do IPCA
PINO ELASTICO P/ M.M E C.A DABI;2022;2024;3;14.1;79.6;464.54;9.68;414.93;⚠️ Pressão de demanda — subiu acima do IPCA
AMENDOIM DESCASCADO;2015;2024;6;2.3;18.61;709.13;58.06;411.74;⚠️ Pressão de demanda — subiu acima do IPCA
REQUEIJÃO;2018;2023;4;2.7;18.35;579.63;32.8;411.34;⚠️ Pressão de demanda — subiu acima do IPCA
TESOURA MÉDIA;2018;2021;4;1.3;8.0;515.38;19.99;410.43;⚠️ Pressão de demanda — subiu acima do IPCA
CX LUZ 2X4 (PVC);2015;2021;6;0.3;2.08;593.33;36.22;410.0;⚠️ Pressão de demanda — subiu acima do IPCA
PINCEL PARA QUADRO BRANCO RECARREGÁVEL;2016;2022;5;1.41;9.6;580.85;35.58;400.75;⚠️ Pressão de demanda — subiu acima do IPCA
MEBENDAZOL 100 MG;2016;2019;3;0.04;0.23;497.69;11.41;400.0;⚠️ Pressão de demanda — subiu acima do IPCA
COPO FILTRO DE AR JET SONIC;2022;2025;4;74.2;423.7;471.0;14.35;399.36;⚠️ Pressão de demanda — subiu acima do IPCA
REFORÇADOR DE MASSA;2015;2025;8;7.2;59.0;719.44;64.79;397.22;⚠️ Pressão de demanda — subiu acima do IPCA
PERFIL TIPO U (AL-25) PARA VIDROS;2021;2024;3;46.59;267.65;474.5;16.03;395.12;⚠️ Pressão de demanda — subiu acima do IPCA
DVD-R	4,7 GB/ 16X;2016;2022;3;0.72;4.83;570.83;35.58;392.65;⚠️ Pressão de demanda — subiu acima do IPCA
CONDIMENTO COLORÍFÍCO EM PÓ;2015;2021;7;0.67;4.5;571.64;36.22;392.54;⚠️ Pressão de demanda — subiu acima do IPCA
SELO DE SEGURANÇA;2022;2024;3;15.83;83.6;428.09;9.68;381.26;⚠️ Pressão de demanda — subiu acima do IPCA
OLEO LUBRIFICANTE;2018;2020;3;17.89;93.5;422.64;9.02;379.31;⚠️ Pressão de demanda — subiu acima do IPCA
PAPEL TOALHA INTERFOLHADO 20X21,5CM;2020;2025;5;8.26;51.65;525.3;33.14;369.87;⚠️ Pressão de demanda — subiu acima do IPCA
MANGUEIRA PRETA 3/4 X 1,5MM;2015;2021;6;0.4;2.55;537.5;36.22;367.5;⚠️ Pressão de demanda — subiu acima do IPCA
LIMPA PNEUS COM SILICONE EMBALAGEM 5 LIT.;2017;2024;3;22.85;152.15;565.86;44.44;361.02;⚠️ Pressão de demanda — subiu acima do IPCA
BICARBONATO DE SÓDIO.;2018;2024;3;2.27;14.45;536.56;39.22;357.0;⚠️ Pressão de demanda — subiu acima do IPCA
MILHO EM CONSERVA LATA DE 2 KG;2018;2023;4;9.27;55.32;496.76;32.8;349.08;⚠️ Pressão de demanda — subiu acima do IPCA
FÓRMULA INFANTIL DE SEGUIMENTO, A BASE DE PROTEÍNAS ISOLADA;2016;2023;4;11.25;71.3;533.78;41.85;346.98;⚠️ Pressão de demanda — subiu acima do IPCA
TUBO SOLD. 32MM COM BOLSA ,BARRAS DE 6M EM PVC;2015;2021;6;4.64;28.0;503.45;36.22;342.89;⚠️ Pressão de demanda — subiu acima do IPCA
VALSARTANA 160MG CPR;2016;2019;3;0.33;1.6;384.85;11.41;335.48;⚠️ Pressão de demanda — subiu acima do IPCA
CHEVROLET TRACKER (2020 A 2023) LT 1.0 12V TURBO FLEX 2022;2022;2024;3;18.87;90.0;376.95;9.68;334.99;⚠️ Pressão de demanda — subiu acima do IPCA
MICROFONE SEM FIO;2016;2021;3;58.56;325.0;454.99;28.16;333.07;⚠️ Pressão de demanda — subiu acima do IPCA
DOCE DE BANANA;2015;2025;9;2.38;16.9;610.08;64.79;330.88;⚠️ Pressão de demanda — subiu acima do IPCA
IVERMECTINA 6MG;2016;2020;4;0.41;2.08;407.29;16.45;330.77;⚠️ Pressão de demanda — subiu acima do IPCA
BOMBOM EMBALAGEM DE 1 KG;2022;2024;3;10.9;51.06;368.44;9.68;327.31;⚠️ Pressão de demanda — subiu acima do IPCA
IMPRESSÃO COLORIDA DIGITAL TAMANHO A3;2021;2023;3;1.11;5.2;368.47;10.68;325.93;⚠️ Pressão de demanda — subiu acima do IPCA
PILHAS DE MERCÚRIO, CR 2032, 3V;2016;2024;6;0.88;5.5;525.0;48.71;319.28;⚠️ Pressão de demanda — subiu acima do IPCA
CX LUZ 4X4 (PVC) SEXTAVADA DUPLA;2015;2021;6;0.98;5.58;469.39;36.22;318.37;⚠️ Pressão de demanda — subiu acima do IPCA
FITA ISOLANTE ROLO COM 20M.;2015;2021;6;1.43;8.0;459.44;36.22;310.49;⚠️ Pressão de demanda — subiu acima do IPCA
PATCH CORD 2,5M CAT 5E;2015;2021;6;3.77;21.0;457.03;36.22;309.02;⚠️ Pressão de demanda — subiu acima do IPCA
DISPENSER PARA PAPEL TOALHA.;2016;2020;4;31.9;149.9;369.91;16.45;303.57;⚠️ Pressão de demanda — subiu acima do IPCA
DISJUNTOR TERMOMAGNÉTICO, MONOFÁSICOCERTIFICADO CONFORME NOR;2015;2017;3;8.81;38.9;341.54;9.43;303.52;⚠️ Pressão de demanda — subiu acima do IPCA
AMINOFILINA 24MG/ML, INJETÁVEL, AMPOLA 10ML.;2019;2024;4;0.86;4.62;437.15;33.47;301.37;⚠️ Pressão de demanda — subiu acima do IPCA
TUBO SOLD. 40MM COM BOLSA ,BARRAS DE 6M EM PVC;2015;2021;6;6.48;35.36;445.68;36.22;300.62;⚠️ Pressão de demanda — subiu acima do IPCA
CONFECÇÃO DE FOLDER, 4X4 CORES, PAPEL COUCHE 180GR. TAM A4.;2020;2024;3;0.2;1.01;405.0;27.7;300.0;⚠️ Pressão de demanda — subiu acima do IPCA
PRESCRIÇÃO DE ÓCULOS;2016;2022;5;1.3;7.0;438.46;35.58;298.36;⚠️ Pressão de demanda — subiu acima do IPCA
CAMAS EMPILHÁVEIS;2016;2023;4;109.8;620.0;464.66;41.85;298.08;⚠️ Pressão de demanda — subiu acima do IPCA
LONA PLASTICA PRETA;2015;2021;6;0.35;1.9;442.86;36.22;297.14;⚠️ Pressão de demanda — subiu acima do IPCA
CORREIA;2017;2019;3;19.32;82.5;327.13;8.22;294.73;⚠️ Pressão de demanda — subiu acima do IPCA
MANGUEIRA PRETA 1/2 X 1,5MM;2015;2021;6;0.29;1.55;434.48;36.22;293.1;⚠️ Pressão de demanda — subiu acima do IPCA
HYUNDAI CRETA (2020 A 2022) ACTION AUT 1.6 16V FLEX 2021;2022;2024;3;18.87;81.0;329.25;9.68;291.52;⚠️ Pressão de demanda — subiu acima do IPCA
CABO FLEXIVEL 1,5MM (AZUL);2018;2020;3;0.4;1.7;325.0;9.02;291.43;⚠️ Pressão de demanda — subiu acima do IPCA
CABO FLEXIVEL 1,5MM (BRANCO);2018;2020;3;0.4;1.7;325.0;9.02;291.43;⚠️ Pressão de demanda — subiu acima do IPCA
CABO FLEXIVEL 1,5MM (PRETO);2018;2020;3;0.4;1.7;325.0;9.02;291.43;⚠️ Pressão de demanda — subiu acima do IPCA
PCI CADEIRA SYNCRUS G1 / G2 NEW;2021;2024;4;417.09;1893.0;353.86;16.03;291.15;⚠️ Pressão de demanda — subiu acima do IPCA
GRAMPEADOR DE MESA PEQUENO;2018;2021;4;5.78;27.0;367.13;19.99;289.39;⚠️ Pressão de demanda — subiu acima do IPCA
CIRCUITO ELETRONICO DE POTENCIA VCA - CLASS;2022;2024;3;236.61;1010.0;326.86;9.68;289.18;⚠️ Pressão de demanda — subiu acima do IPCA
PCI PAINEL JET SONIC BP;2021;2025;5;268.13;1261.9;370.63;20.97;289.03;⚠️ Pressão de demanda — subiu acima do IPCA
CHEVROLET ONIX (2020 A 2023) MEC 1.0 12V FLEX 2021;2022;2024;3;18.53;79.0;326.34;9.68;288.65;⚠️ Pressão de demanda — subiu acima do IPCA
TOYOTA COROLLA XEI 2.0 FLEX (2018 - 2022);2017;2022;4;12.0;61.0;408.33;31.69;285.87;⚠️ Pressão de demanda — subiu acima do IPCA
TECLADO;2016;2020;3;21.0;94.0;347.62;16.45;284.36;⚠️ Pressão de demanda — subiu acima do IPCA
PLACA ELETRONICA ENCODER ENCOSTO;2016;2025;7;58.34;347.3;495.3;55.04;283.95;⚠️ Pressão de demanda — subiu acima do IPCA
TERMO DE COMPROMISSO - CAPS III;2016;2022;5;1.73;8.98;419.08;35.58;282.21;⚠️ Pressão de demanda — subiu acima do IPCA
CONFECÇÃO DE ETIQUETAS ADESIVAS, PLASTICAS, NUMERADAS, TAM 5;2019;2022;4;0.24;1.1;358.33;21.69;280.0;⚠️ Pressão de demanda — subiu acima do IPCA
MESA REDONDA PARA BIBLIOTECA COM 04 CADEIRAS;2015;2023;4;328.0;1870.0;470.12;50.77;278.14;⚠️ Pressão de demanda — subiu acima do IPCA
"GELATINA;";2016;2019;3;0.8;3.35;318.75;11.41;277.33;⚠️ Pressão de demanda — subiu acima do IPCA
CARTÕES (DIA DO PROFESSOR, DIRETOR);2016;2022;5;0.27;1.35;400.0;35.58;276.0;⚠️ Pressão de demanda — subiu acima do IPCA
TRILHO SUPERIOR PARA PORTA DE VIDRO;2021;2024;3;131.55;572.82;335.43;16.03;275.28;⚠️ Pressão de demanda — subiu acima do IPCA
PAÇOQUINHA ROLHA;2018;2023;4;7.47;36.9;393.98;32.8;271.88;⚠️ Pressão de demanda — subiu acima do IPCA
BANHA DE PORCO;2016;2021;5;4.19;19.75;371.36;28.16;268.02;⚠️ Pressão de demanda — subiu acima do IPCA
MESA REUNIÃO OVAL 100% MDF 18MM;2019;2021;3;420.0;1770.5;321.55;15.03;266.46;⚠️ Pressão de demanda — subiu acima do IPCA
FILÉ DE PEIXE CONGELADO: PAPA-TERRA;2018;2024;3;9.85;50.17;409.34;39.22;265.67;⚠️ Pressão de demanda — subiu acima do IPCA
VÁLVULA GÁS GLP P45;2018;2021;3;28.06;122.82;337.7;19.99;264.72;⚠️ Pressão de demanda — subiu acima do IPCA
APONTADOR DE LÁPIS.;2015;2020;4;2.69;12.0;346.1;23.77;260.59;⚠️ Pressão de demanda — subiu acima do IPCA
ALMOFADA DE CARIMBO (Nº2);2015;2018;4;5.4;22.0;307.41;13.53;258.89;⚠️ Pressão de demanda — subiu acima do IPCA
ROLDANA PARA PORTA DE CORRER TODAS MÓVEIS -  MODELO 1122;2021;2024;3;24.25;100.96;316.38;16.03;258.82;⚠️ Pressão de demanda — subiu acima do IPCA
TE DE COBRE 22MM;2015;2021;6;4.93;24.09;388.64;36.22;258.62;⚠️ Pressão de demanda — subiu acima do IPCA
CATALISADOR RESINA;2018;2021;4;0.93;4.0;330.11;19.99;258.54;⚠️ Pressão de demanda — subiu acima do IPCA
CLARITROMICINA 500MG;2015;2018;4;0.77;3.14;308.26;13.53;258.44;⚠️ Pressão de demanda — subiu acima do IPCA
BOIA PVC 3/4 - CX DAGUA;2015;2021;6;4.29;20.89;386.95;36.22;257.58;⚠️ Pressão de demanda — subiu acima do IPCA
QUADRO DE VIDRO INCOLOR 4MM;2021;2024;3;178.03;736.35;313.62;16.03;256.47;⚠️ Pressão de demanda — subiu acima do IPCA
VALSARTANA 320MG CPR;2016;2019;3;0.55;2.19;298.55;11.41;255.77;⚠️ Pressão de demanda — subiu acima do IPCA
FARINHA DE AVEIA;2015;2025;4;5.56;32.35;481.83;64.79;253.06;⚠️ Pressão de demanda — subiu acima do IPCA
PEDAL COMANDO PROFI;2022;2024;3;86.07;332.0;285.73;9.68;251.67;⚠️ Pressão de demanda — subiu acima do IPCA
PLUGUE TOMADA TELEFONE C/ 1 ADAPTADOR JACK (MACHO);2015;2021;6;1.5;7.18;378.67;36.22;251.33;⚠️ Pressão de demanda — subiu acima do IPCA
RENAULT DUSTER (2016 A 2020) DYNAMIQUE AUT 1.6 16V FLEX 2018;2022;2024;3;23.17;89.0;284.12;9.68;250.19;⚠️ Pressão de demanda — subiu acima do IPCA
CONFECÇÃO DE FLEYRS FRENTE E VERSO EM 4X4 CORES, 15X21CM, PA;2020;2024;3;0.15;0.67;346.67;27.7;250.0;⚠️ Pressão de demanda — subiu acima do IPCA
FOLDER 297X21CM 3 DOBRAS- PAPEL COUCHE;2016;2023;3;0.06;0.31;425.42;41.85;250.0;⚠️ Pressão de demanda — subiu acima do IPCA
TUBO DE ALUMÍNIO 5X10CM;2021;2024;3;267.78;1084.4;304.96;16.03;249.0;⚠️ Pressão de demanda — subiu acima do IPCA
VW/CONSTELLATION 24.250 CABINE SIMPLES CUINS 6.0 250CV 6X2 2011;2022;2024;3;23.17;88.0;279.8;9.68;246.27;⚠️ Pressão de demanda — subiu acima do IPCA
PERFIL SUPERIOR PARA PORTA DE VIDRO DUAS MÓVEIS;2021;2024;3;196.16;787.19;301.3;16.03;245.85;⚠️ Pressão de demanda — subiu acima do IPCA
TINTA ACRÍLICA ACABAMENTO FOSCO NA COR:BRANCO NEVE CONTENDO;2015;2021;5;69.9;326.0;366.38;36.22;242.37;⚠️ Pressão de demanda — subiu acima do IPCA
PERFIL TRANSPASSE PARA VEDAÇÃO;2021;2024;3;42.6;169.11;296.99;16.03;242.15;⚠️ Pressão de demanda — subiu acima do IPCA
FOLDER 297X21CM 3 DOBRAS;2018;2023;4;0.06;0.25;320.17;32.8;240.0;⚠️ Pressão de demanda — subiu acima do IPCA
HÉLICE AR COND. 10/18000BTUS.;2015;2018;4;28.5;109.62;284.63;13.53;238.79;⚠️ Pressão de demanda — subiu acima do IPCA
PONTA DE ASPIRAÇÃO CAPILLARY TIPS (ROXA);2023;2025;3;15.0;55.39;269.27;9.3;237.79;⚠️ Pressão de demanda — subiu acima do IPCA
CINARIZINA 75MG CPR, EM BLISTER.;2019;2024;5;0.09;0.42;366.67;33.47;237.5;⚠️ Pressão de demanda — subiu acima do IPCA
AUTOCLAVE ESTERILIZAÇÃO A VAPOR;2018;2021;4;4192.44;16900.0;303.11;19.99;235.96;⚠️ Pressão de demanda — subiu acima do IPCA
CAMPO CIRÚRGICO FENESTRADO 50X50CM;2019;2025;4;11.0;51.1;364.55;39.16;233.8;⚠️ Pressão de demanda — subiu acima do IPCA
JOELHO HIDRAÚLICO PARA ESGOTO  50 X 45º;2015;2021;6;0.74;3.35;352.7;36.22;232.43;⚠️ Pressão de demanda — subiu acima do IPCA
BOIA PVC 1/2 - CX DAGUA;2015;2021;6;3.98;18.0;352.26;36.22;231.91;⚠️ Pressão de demanda — subiu acima do IPCA
ACCESS POINT;2016;2024;6;181.0;890.0;391.71;48.71;230.66;⚠️ Pressão de demanda — subiu acima do IPCA
FURADEIRA DE IMPACTO;2019;2023;3;226.0;948.13;319.53;27.32;229.5;⚠️ Pressão de demanda — subiu acima do IPCA
TRATOR AGRÍCOLA BUDNY 7540;2022;2024;3;10.7;38.62;260.98;9.68;229.35;⚠️ Pressão de demanda — subiu acima do IPCA
PASSAGENS RODOVIARIAS;2018;2024;5;22.0;100.0;354.55;39.22;226.47;⚠️ Pressão de demanda — subiu acima do IPCA
FOSFATO CALCIO TRIBASICO/COLECALCIFEROL 600/400MG;2016;2019;3;0.2;0.73;265.0;11.41;226.32;⚠️ Pressão de demanda — subiu acima do IPCA
ABRAÇADEIRA PCT COM 100 UNIDADES;2015;2021;7;7.9;35.0;343.32;36.22;225.4;⚠️ Pressão de demanda — subiu acima do IPCA
DISCO ABAFADOR KAVO;2022;2025;4;10.89;40.0;267.29;14.35;221.03;⚠️ Pressão de demanda — subiu acima do IPCA
CONFECÇÃO DE CONVITE TAM. 21X29,7 EM PAPEL COUCHE MATTE 210.;2019;2024;3;0.24;1.01;320.83;33.47;220.0;⚠️ Pressão de demanda — subiu acima do IPCA
MÁSCARA FACIAL DESCARTÁVEL;2018;2020;3;5.3;18.49;248.87;9.02;219.91;⚠️ Pressão de demanda — subiu acima do IPCA
TINTA ACRÍLICA FOSCA PADRÃO CBMSC AMARELA 18 L;2018;2021;3;170.0;650.0;282.35;19.99;218.67;⚠️ Pressão de demanda — subiu acima do IPCA
TINTA ACRÍLICA FOSCA PADRÃO CBMSC VERMELHA 18 L;2018;2021;3;170.0;650.0;282.35;19.99;218.67;⚠️ Pressão de demanda — subiu acima do IPCA
JOELHO 90 GRAUS SOLDAVEL 32MM;2017;2021;3;0.65;2.55;292.31;24.48;216.95;⚠️ Pressão de demanda — subiu acima do IPCA
JACK RJ 45 KEYSTONE;2015;2021;7;3.9;16.8;330.77;36.22;216.15;⚠️ Pressão de demanda — subiu acima do IPCA
CONE GUTA PERCHA MICROTIPPED F 28MM;2020;2025;3;18.0;75.73;320.72;33.14;216.09;⚠️ Pressão de demanda — subiu acima do IPCA
PONTA DE ULTRASSON R1 - (ROSCA EXTERNA);2020;2024;3;60.0;241.5;302.5;27.7;215.16;⚠️ Pressão de demanda — subiu acima do IPCA
ESCOVA DE VEDAÇÃO;2021;2024;3;38.97;141.56;263.28;16.03;213.04;⚠️ Pressão de demanda — subiu acima do IPCA
LIGAÇÃO FLEXIVEL 30 CM ( PVC);2015;2018;4;0.95;3.38;255.26;13.53;212.63;⚠️ Pressão de demanda — subiu acima do IPCA
MARCOPOLO/VOLARE V6L MO 2015;2018;2024;6;20.0;87.0;335.0;39.22;212.37;⚠️ Pressão de demanda — subiu acima do IPCA
ROLO COMPACTADOR LIU GONG;2022;2024;3;11.35;38.88;242.51;9.68;212.12;⚠️ Pressão de demanda — subiu acima do IPCA
MANGUEIRA PRETA 1 X 2,0MM;2015;2021;6;0.58;2.46;324.14;36.22;212.07;⚠️ Pressão de demanda — subiu acima do IPCA
EXTRATO DE TOMATE;2015;2024;9;2.25;11.05;390.73;58.06;210.21;⚠️ Pressão de demanda — subiu acima do IPCA
PÁ DE CORTE (CORTADEIRA) COM CABO DE MADEIRA;2015;2018;4;7.99;28.11;251.81;13.53;209.89;⚠️ Pressão de demanda — subiu acima do IPCA
PLACA ELETRONICA CENTRAL CEDEIRA AQIA KAVO;2021;2024;4;436.95;1568.0;258.85;16.03;209.27;⚠️ Pressão de demanda — subiu acima do IPCA
ESPUMA DE VEDAÇÃO AR COND.;2015;2021;3;2.26;9.45;318.14;36.22;207.08;⚠️ Pressão de demanda — subiu acima do IPCA
TUBO CX DESCARGA (LONGO);2015;2021;6;4.4;18.4;318.18;36.22;207.05;⚠️ Pressão de demanda — subiu acima do IPCA
VÁLVULA PIA COZINHA PVC CR. 4.1/2 TIPO AMERICANA;2015;2021;6;8.79;36.7;317.52;36.22;206.48;⚠️ Pressão de demanda — subiu acima do IPCA
MOSTARDA;2018;2021;3;3.0;11.0;266.67;19.99;206.06;⚠️ Pressão de demanda — subiu acima do IPCA
DOBRADIÇA PARA MOLA DE PORTA DE VIDRO - MODELO 1103;2021;2024;3;56.95;202.22;255.07;16.03;206.0;⚠️ Pressão de demanda — subiu acima do IPCA
CHAVE CONTACTORA CWM 10.;2015;2017;3;47.5;158.59;233.87;9.43;205.09;⚠️ Pressão de demanda — subiu acima do IPCA
TAMPA RESERVATÓRIO DE PO (PROFI NEO/CLASS);2021;2025;5;18.87;69.5;268.31;20.97;204.48;⚠️ Pressão de demanda — subiu acima do IPCA
BOBINA DE SACO PLÁSTICO TRANSPARENTE;2019;2024;5;3.2;12.99;305.94;33.47;204.44;⚠️ Pressão de demanda — subiu acima do IPCA
LUVA SOLDAVEL 25MM;2015;2021;6;0.24;1.0;316.67;36.22;204.17;⚠️ Pressão de demanda — subiu acima do IPCA
FELTRO P/ MICRO MOTOR KAVO*;2022;2024;3;10.9;36.3;233.03;9.68;203.84;⚠️ Pressão de demanda — subiu acima do IPCA
VITAMINAS DO COMPLEXO B INJETÁVEL (B5 6MG, B3 40MG, B6 4MG,;2019;2023;4;0.73;2.83;287.66;27.32;203.23;⚠️ Pressão de demanda — subiu acima do IPCA
MEIA-CANA PINUS TAMANHO PÁDRÃO;2015;2021;6;0.97;4.0;312.37;36.22;203.09;⚠️ Pressão de demanda — subiu acima do IPCA
FORD FIESTA SEDAN (2008 A 2010) 1.6 1.6 8V FLEX 2010;2022;2024;3;23.17;77.0;232.33;9.68;202.99;⚠️ Pressão de demanda — subiu acima do IPCA
PÁ CARREGADEIRA MICHIGAN 55C;2022;2024;3;11.4;37.88;232.24;9.68;202.94;⚠️ Pressão de demanda — subiu acima do IPCA
VIDRO MARTELADO;2021;2024;3;82.59;290.3;251.49;16.03;202.92;⚠️ Pressão de demanda — subiu acima do IPCA
MAMÃO COMUM;2018;2024;4;2.49;10.45;319.68;39.22;201.83;⚠️ Pressão de demanda — subiu acima do IPCA
BRÓCOLIS;2015;2025;11;2.34;11.64;396.27;64.79;201.28;⚠️ Pressão de demanda — subiu acima do IPCA
REJUNTE PARA CERAMICA;2015;2021;6;0.99;4.06;310.1;36.22;201.01;⚠️ Pressão de demanda — subiu acima do IPCA
TRILHO INFERIOR PARA VIDROS;2021;2024;3;83.18;290.24;248.91;16.03;200.69;⚠️ Pressão de demanda — subiu acima do IPCA
TINTA ACRÍLICA ACABAMENTO FOSCO NA COR:BRANCO GELO CONTENDO;2015;2021;6;79.95;326.8;308.76;36.22;200.08;⚠️ Pressão de demanda — subiu acima do IPCA
JOELHO HIDRAÚLICO PARA ESGOTO  40 X 90º;2015;2021;6;0.5;2.05;310.0;36.22;200.0;⚠️ Pressão de demanda — subiu acima do IPCA
NIFEDIPINO 10MG CPR, EM BLISTER.;2019;2024;4;0.03;0.09;234.55;33.47;200.0;⚠️ Pressão de demanda — subiu acima do IPCA
LEVONORGESTREL + ETINILESTRADIOL 0,15MG+0,03MG CPR;2016;2019;3;0.03;0.07;187.31;11.41;200.0;⚠️ Pressão de demanda — subiu acima do IPCA
CANETA PERMANENTE;2018;2021;4;1.18;4.25;260.17;19.99;200.0;⚠️ Pressão de demanda — subiu acima do IPCA
METILDOPA 500 MG;2016;2019;4;0.2;0.68;240.0;11.41;200.0;⚠️ Pressão de demanda — subiu acima do IPCA
LUVA LÁTEX NÃO ESTÉRIL P/ PROCEDIMENTO - TAMANHO  P.;2018;2020;3;16.19;52.86;226.5;9.02;199.51;⚠️ Pressão de demanda — subiu acima do IPCA
DOBRADIÇA FERRO ZINCADO 2.1/2 SEM PARAFUSOS.;2015;2021;6;0.79;3.22;307.59;36.22;198.73;⚠️ Pressão de demanda — subiu acima do IPCA
LEITE DE COCO TRADICIONAL;2018;2024;6;5.44;22.6;315.44;39.22;198.54;⚠️ Pressão de demanda — subiu acima do IPCA
QUADRO BRANCO 1MT X 0,70 MT;2016;2018;3;32.62;104.0;218.82;6.81;198.5;⚠️ Pressão de demanda — subiu acima do IPCA
MÁSCARA DE PROTEÇÃO RESPIRATÓRIA (RESPIRADOR PARTICULADO - N;2021;2024;4;1.75;6.03;244.57;16.03;198.44;⚠️ Pressão de demanda — subiu acima do IPCA
SERVIÇOS DE BALANCEAMENTO, ALINHAMENTO, CAMBAGEM E MONTAGEM;2020;2024;3;50.0;190.0;280.0;27.7;197.55;⚠️ Pressão de demanda — subiu acima do IPCA
ROLO COMPACTADOR HAMM;2022;2024;3;11.64;37.88;225.39;9.68;196.57;⚠️ Pressão de demanda — subiu acima do IPCA
EIXO;2017;2019;3;120.43;385.0;219.69;8.22;195.42;⚠️ Pressão de demanda — subiu acima do IPCA
CANDESARTANA 8MG CPR;2016;2019;3;0.55;1.81;229.64;11.41;194.23;⚠️ Pressão de demanda — subiu acima do IPCA
BALANCEAMENTO.;2015;2021;5;5.0;20.0;300.0;36.22;193.6;⚠️ Pressão de demanda — subiu acima do IPCA
OVOS CLASSE A;2015;2021;7;3.89;15.49;298.2;36.22;192.29;⚠️ Pressão de demanda — subiu acima do IPCA
PIRULITO;2018;2023;5;3.7;14.35;287.84;32.8;192.02;⚠️ Pressão de demanda — subiu acima do IPCA
MERCEDES-BENZ SPRINTER FURGÃO (2020 A 2022) 416 CDI - EXTRA LONGO TETO ALTO OM-651 CDI 2020;2022;2024;3;23.17;74.0;219.38;9.68;191.17;⚠️ Pressão de demanda — subiu acima do IPCA
GUARDANAPO DE MESA EM PAPEL;2016;2023;4;24.7;101.9;312.55;41.85;190.83;⚠️ Pressão de demanda — subiu acima do IPCA
ATILHO;2018;2021;4;1.47;5.1;246.94;19.99;189.92;⚠️ Pressão de demanda — subiu acima do IPCA
VIDRO INCOLOR 3 MM;2021;2024;3;62.05;208.26;235.64;16.03;189.26;⚠️ Pressão de demanda — subiu acima do IPCA
CADEIRA GIRATÓRIA SECRETÁRIA;2020;2022;3;199.0;670.0;236.68;16.43;189.17;⚠️ Pressão de demanda — subiu acima do IPCA
CALDO DE GALINHA;2015;2021;5;1.04;4.09;293.27;36.22;188.46;⚠️ Pressão de demanda — subiu acima do IPCA
FIAT UNO MILLE (04 - 13) FIRE ECONOMY 4P 1.0MPI FIRE ECONOMY;2017;2021;4;12.0;43.1;259.17;24.48;188.42;⚠️ Pressão de demanda — subiu acima do IPCA
PATCH CORD 1,5M CAT 5E;2015;2021;7;3.57;14.0;292.16;36.22;187.96;⚠️ Pressão de demanda — subiu acima do IPCA
BENZOATO DE BENZILA  25% 100 ML;2016;2019;4;0.97;3.1;219.59;11.41;187.91;⚠️ Pressão de demanda — subiu acima do IPCA
DUREX FITA ADESIVA COLORIDA;2021;2024;3;0.45;1.5;233.33;16.03;187.88;⚠️ Pressão de demanda — subiu acima do IPCA
FACA DE MESA DE INOX;2018;2025;4;1.95;8.15;317.95;45.15;187.79;⚠️ Pressão de demanda — subiu acima do IPCA
FIAT PALIO WEEKEND FASE 4 ADVENTURE 1.8 16V FLEX 2018;2018;2024;6;20.0;80.0;300.0;39.22;187.23;⚠️ Pressão de demanda — subiu acima do IPCA
FACA PARA COZINHA 7;2016;2025;4;11.71;52.0;344.06;55.04;186.39;⚠️ Pressão de demanda — subiu acima do IPCA
CHAVE CONTACTORA CWM 09.;2015;2017;3;47.5;148.68;213.01;9.43;186.04;⚠️ Pressão de demanda — subiu acima do IPCA
CADEIRA GIRATORIA;2015;2022;3;150.0;617.0;311.33;44.11;185.43;⚠️ Pressão de demanda — subiu acima do IPCA
MILHO CANJICA;2015;2024;9;1.28;5.76;350.0;58.06;184.38;⚠️ Pressão de demanda — subiu acima do IPCA
PROLONGADOR ESTRUTURAL PARA VIDROS  MODELO 1932;2021;2024;3;15.46;50.98;229.82;16.03;184.14;⚠️ Pressão de demanda — subiu acima do IPCA
NORTRIPTILINA 75MG CPR;2016;2019;3;0.13;0.4;207.69;11.41;183.33;⚠️ Pressão de demanda — subiu acima do IPCA
BOLA DE BORRACHA Nº 08;2018;2025;4;7.8;32.0;310.26;45.15;182.68;⚠️ Pressão de demanda — subiu acima do IPCA
BRINZOLAMIDA 1% 5ML SOL OFTALMICA;2016;2019;3;20.0;63.0;215.0;11.41;182.68;⚠️ Pressão de demanda — subiu acima do IPCA
NIPEL ROSCAVEL 1/2;2019;2021;3;0.33;1.08;227.27;15.03;182.14;⚠️ Pressão de demanda — subiu acima do IPCA
FITA CREPE 19MM X 50MT;2015;2021;6;1.9;7.3;284.21;36.22;182.11;⚠️ Pressão de demanda — subiu acima do IPCA
ANEL DE VEDAÇÃO DE SILICONE DESTILADORA GNATUS;2022;2025;4;93.0;299.0;221.49;14.35;181.13;⚠️ Pressão de demanda — subiu acima do IPCA
CRUZETA DE CONCRETO 2,40 MTS;2018;2023;5;93.62;349.0;272.78;32.8;180.72;⚠️ Pressão de demanda — subiu acima do IPCA
CETOCONAZOL 20MG/G CREME;2016;2020;4;1.29;4.2;225.58;16.45;180.17;⚠️ Pressão de demanda — subiu acima do IPCA
LUVA SOLDÁVEL 32MM;2015;2021;6;0.6;2.27;278.33;36.22;177.5;⚠️ Pressão de demanda — subiu acima do IPCA
VOLKSWAGEN GOL G7 TRENDLINE 4P 1.0 12V FLEX 2018;2018;2024;6;20.0;77.0;285.0;39.22;176.5;⚠️ Pressão de demanda — subiu acima do IPCA
CHEVROLET S10 NOVA LT CD 2.8 TURBO DIESEL 4X2 AUT 2013;2018;2024;6;20.0;77.0;285.0;39.22;176.5;⚠️ Pressão de demanda — subiu acima do IPCA
FERRO CONSTRUÇÃO 1/4       12M;2015;2021;6;10.75;40.48;276.6;36.22;176.47;⚠️ Pressão de demanda — subiu acima do IPCA
MANGUEIRA REFORÇADA PARA GÁS GLP P45 COM ROSCA EXTERNA;2018;2021;3;23.6;78.29;231.74;19.99;176.43;⚠️ Pressão de demanda — subiu acima do IPCA
MANGUEIRA REFORÇADA PARA GÁS GLP P45 COM ROSCA INTERNA;2018;2021;3;23.61;78.29;231.6;19.99;176.3;⚠️ Pressão de demanda — subiu acima do IPCA
CENOURA SEM FOLHAS;2015;2024;5;1.75;7.62;335.43;58.06;175.43;⚠️ Pressão de demanda — subiu acima do IPCA
ACABAMENTO REGISTRO C50  1/2 X 1;2015;2021;6;8.99;33.7;274.86;36.22;175.19;⚠️ Pressão de demanda — subiu acima do IPCA
VALVULA DE COMANDO;2022;2024;3;167.21;504.6;201.78;9.68;175.14;⚠️ Pressão de demanda — subiu acima do IPCA
DIGOXINA 0,25MG CPR, EM BLISTER.;2019;2024;5;0.05;0.17;218.3;33.47;175.0;⚠️ Pressão de demanda — subiu acima do IPCA
CORRETIVO EM FITA;2015;2018;3;2.49;7.75;211.24;13.53;174.3;⚠️ Pressão de demanda — subiu acima do IPCA
BANNER  0,50 CM X 1,00 M;2021;2023;3;14.5;44.0;203.45;10.68;174.25;⚠️ Pressão de demanda — subiu acima do IPCA
CONE GUTA PERCHA MICROTIPPED FM 28MM;2020;2025;3;18.0;65.63;264.61;33.14;173.93;⚠️ Pressão de demanda — subiu acima do IPCA
FITA SINALIZAÇÃO ZEBRADA 7CM X 200M;2015;2021;6;3.89;14.45;271.47;36.22;172.75;⚠️ Pressão de demanda — subiu acima do IPCA
FOTOPOLIMERIZADOR SEM FIO;2019;2025;4;460.0;1744.92;279.33;39.16;172.59;⚠️ Pressão de demanda — subiu acima do IPCA
PENTE;2015;2023;5;1.0;4.1;310.0;50.77;172.0;⚠️ Pressão de demanda — subiu acima do IPCA
PREGO COM CABEÇA 25X72;2018;2022;5;9.3;32.0;244.09;26.94;171.18;⚠️ Pressão de demanda — subiu acima do IPCA
BANNER 1,20 CM X 1,30 M;2021;2023;3;40.0;120.0;200.0;10.68;171.08;⚠️ Pressão de demanda — subiu acima do IPCA
RENAULT LOGAN EXPRESSION 1.6 8V FLEX 2013;2018;2024;6;20.0;75.0;275.0;39.22;169.3;⚠️ Pressão de demanda — subiu acima do IPCA
VÁLVULA LAVATÓRIO (PVC CR.);2015;2021;6;2.89;10.6;266.78;36.22;169.2;⚠️ Pressão de demanda — subiu acima do IPCA
MANGUEIRA JARDIM 30M 1/2 (BORRACHA);2015;2021;6;35.0;128.3;266.57;36.22;169.11;⚠️ Pressão de demanda — subiu acima do IPCA
ACUCAR CRISTAL;2018;2022;4;2.08;7.09;240.87;26.94;168.85;⚠️ Pressão de demanda — subiu acima do IPCA
TRILHO INFERIOR PARA PORTA DE VIDRO DUAS MÓVEIS;2021;2024;3;156.33;487.21;211.66;16.03;168.6;⚠️ Pressão de demanda — subiu acima do IPCA
CAPA DE TRANSFERÊNCIA.;2016;2023;4;0.52;1.97;278.85;41.85;167.35;⚠️ Pressão de demanda — subiu acima do IPCA
FARINHA DE MILHO;2015;2024;8;1.32;5.57;323.23;58.06;167.34;⚠️ Pressão de demanda — subiu acima do IPCA
TERMO DE SOLICITAÇÃO E INFORMAÇÃO 2 VIAS AUTOCOPIATIVO;2016;2023;6;3.43;12.99;278.72;41.85;166.87;⚠️ Pressão de demanda — subiu acima do IPCA
GELATINA EM PÓ;2015;2021;6;0.69;2.5;262.32;36.22;166.67;⚠️ Pressão de demanda — subiu acima do IPCA
CABO FLEXIVEL, BITOLA 1,5 MM2 ISOLAMENTO 750 V;2017;2021;5;0.46;1.53;232.61;24.48;166.67;⚠️ Pressão de demanda — subiu acima do IPCA
ELETROCALHA PERFILADO BARRA 38X38X6M;2015;2021;6;52.9;191.9;262.76;36.22;166.31;⚠️ Pressão de demanda — subiu acima do IPCA
JOELHO LR AZUL C/ BUCHA METAL 25 X 1/2;2015;2021;6;1.65;5.98;262.12;36.22;165.76;⚠️ Pressão de demanda — subiu acima do IPCA
CABO HDMI 3MT;2016;2025;3;13.0;53.55;311.92;55.04;165.74;⚠️ Pressão de demanda — subiu acima do IPCA
FIAT STRADA FASE 4 WORKING CD 3P 1.4 8V FLEX 2015;2018;2024;6;20.0;74.0;270.0;39.22;165.72;⚠️ Pressão de demanda — subiu acima do IPCA
CAMISETA;2015;2025;9;11.88;52.0;337.59;64.79;165.58;⚠️ Pressão de demanda — subiu acima do IPCA
HÉLICE AR COND. 7000BTUS.;2015;2018;4;14.25;42.6;198.95;13.53;163.3;⚠️ Pressão de demanda — subiu acima do IPCA
CAMISETA GOLA POLO;2018;2025;4;20.73;78.9;280.61;45.15;162.21;⚠️ Pressão de demanda — subiu acima do IPCA
CANDESARTANA 16MG CPR;2016;2019;3;0.62;1.8;190.97;11.41;162.07;⚠️ Pressão de demanda — subiu acima do IPCA
LIMPA PNEUS COM SILICONE;2016;2021;5;12.0;40.25;235.42;28.16;161.74;⚠️ Pressão de demanda — subiu acima do IPCA
CONTRATAÇÃO DE SERVIÇO DE PALESTRA;2023;2025;3;9800.0;28000.0;185.71;9.3;161.41;⚠️ Pressão de demanda — subiu acima do IPCA
PLOTAGEM COLORIDA;2015;2022;6;8.4;31.56;275.71;44.11;160.71;⚠️ Pressão de demanda — subiu acima do IPCA
CURETA GRACEY 5-6 - EM AÇO INOX;2015;2024;7;5.86;24.11;311.43;58.06;160.24;⚠️ Pressão de demanda — subiu acima do IPCA
CURETA GRACEY 7-8 - EM AÇO INOX;2015;2024;7;5.86;24.11;311.43;58.06;160.24;⚠️ Pressão de demanda — subiu acima do IPCA
ACALCADOR DE BANDA C PONTA QUADRADA;2023;2025;3;12.28;34.9;184.2;9.3;160.2;⚠️ Pressão de demanda — subiu acima do IPCA
PARAFUSO PARA BUCHA 6;2015;2021;7;0.1;0.35;250.0;36.22;160.0;⚠️ Pressão de demanda — subiu acima do IPCA
PANFLETO 15X21CM PAPEL COUCHE COLORIDO 4X4 BRILHO FRENTE E V;2016;2020;4;0.05;0.16;220.0;16.45;160.0;⚠️ Pressão de demanda — subiu acima do IPCA
MILHO EM CONSERVA;2015;2022;3;4.8;17.95;273.96;44.11;159.58;⚠️ Pressão de demanda — subiu acima do IPCA
ENXADA EM AÇO CARBONO;2015;2021;6;8.4;29.7;253.57;36.22;159.52;⚠️ Pressão de demanda — subiu acima do IPCA
JOELHO HIDRAÚLICO PARA ESGOTO  100X 90º;2015;2021;6;2.0;7.05;252.5;36.22;159.0;⚠️ Pressão de demanda — subiu acima do IPCA
VOLKSWAGEN SPACEFOX G3 COMFORTLINE 1.6 8V FLEX 2017;2018;2024;6;20.0;72.0;260.0;39.22;158.51;⚠️ Pressão de demanda — subiu acima do IPCA
DOXICICLINA 100MG CPR, EM BLISTER.;2019;2024;5;0.14;0.48;252.48;33.47;158.33;⚠️ Pressão de demanda — subiu acima do IPCA
CABO FLEXIVEL, BITOLA 6 MM2 ISOLAMENTO 750 V;2017;2021;5;1.73;5.55;220.81;24.48;157.59;⚠️ Pressão de demanda — subiu acima do IPCA
ANEL INTEGRAL DO PISTÃO S45/S55;2020;2024;3;98.58;323.0;227.65;27.7;156.56;⚠️ Pressão de demanda — subiu acima do IPCA
CONFECÇÃO DE CARTAZES, TAM. A3 EM PAPEL COUCHE 115GR.;2020;2022;3;0.28;0.85;203.57;16.43;156.52;⚠️ Pressão de demanda — subiu acima do IPCA
TONER RICOH AFICIO MP171 E MP201 ORIGINAL;2019;2024;5;52.1;177.94;241.54;33.47;155.86;⚠️ Pressão de demanda — subiu acima do IPCA
PO DE PEDRA;2015;2023;7;26.5;102.0;284.91;50.77;155.28;⚠️ Pressão de demanda — subiu acima do IPCA
JOELHO LR 25 X 1/2;2015;2021;6;0.86;2.99;247.67;36.22;155.23;⚠️ Pressão de demanda — subiu acima do IPCA
LUVA SOLDÁVEL 20MM;2015;2021;6;0.2;0.7;250.0;36.22;155.0;⚠️ Pressão de demanda — subiu acima do IPCA
TINTA ESMALTE PARA MADEIRA E METAL PADRÃO CBMSC MARROM CAFÉ;2018;2021;3;41.87;128.0;205.71;19.99;154.8;⚠️ Pressão de demanda — subiu acima do IPCA
FÉCULA DE MANDIOCA;2020;2023;4;5.03;15.57;209.54;21.81;154.43;⚠️ Pressão de demanda — subiu acima do IPCA
BAQUETAS PARA SURDO;2019;2025;4;6.5;23.0;253.85;39.16;154.28;⚠️ Pressão de demanda — subiu acima do IPCA
MAIONESE TRADICIONAL;2015;2021;6;2.58;8.89;244.57;36.22;153.1;⚠️ Pressão de demanda — subiu acima do IPCA
FUBÁ DE MILHO;2015;2024;9;1.3;5.2;300.0;58.06;153.08;⚠️ Pressão de demanda — subiu acima do IPCA
SUCO NATURAL;2015;2025;9;4.3;17.93;316.98;64.79;153.02;⚠️ Pressão de demanda — subiu acima do IPCA
FUNDO ÓLEO FOSCO 3,6 LITROS;2015;2021;6;20.9;72.0;244.5;36.22;152.92;⚠️ Pressão de demanda — subiu acima do IPCA
CORPO SUPERIOR FOTO LD MAX GNATUS;2018;2021;3;12.27;37.24;203.38;19.99;152.8;⚠️ Pressão de demanda — subiu acima do IPCA
JOELHO LR AZUL C/ BUCHA METAL 25 X 3/4;2015;2021;6;1.85;6.36;244.05;36.22;152.7;⚠️ Pressão de demanda — subiu acima do IPCA
GUARDANAPO 30 X 30CM;2015;2025;6;1.16;4.83;316.38;64.79;152.59;⚠️ Pressão de demanda — subiu acima do IPCA
PÁ CARREGADEIRA DOOSAN SD200-3;2022;2025;4;11.45;33.0;188.21;14.35;151.89;⚠️ Pressão de demanda — subiu acima do IPCA
TORNEIRA METAL P/ TANQUE 3/4 (SIMPLES);2015;2021;6;12.8;43.74;241.72;36.22;150.86;⚠️ Pressão de demanda — subiu acima do IPCA
MEDROXIPROGESTERONA 10MG CPR;2016;2019;3;0.94;2.6;176.6;11.41;150.0;⚠️ Pressão de demanda — subiu acima do IPCA
FITA CREPE 25MM X 50MT;2015;2021;6;2.7;9.2;240.74;36.22;150.0;⚠️ Pressão de demanda — subiu acima do IPCA
LEITE LÍQUIDO INTEGRAL;2015;2022;6;2.43;8.75;259.98;44.11;149.79;⚠️ Pressão de demanda — subiu acima do IPCA
SURDO MÉDIO;2019;2025;3;214.0;743.77;247.56;39.16;149.76;⚠️ Pressão de demanda — subiu acima do IPCA
VALVULA DO SUPORTE DE PONTAS OLSEN;2018;2021;3;43.1;129.1;199.54;19.99;149.62;⚠️ Pressão de demanda — subiu acima do IPCA
TABLET.;2015;2024;6;782.4;3085.8;294.4;58.06;149.53;⚠️ Pressão de demanda — subiu acima do IPCA
MINI DISJUNTOR 3P 100A;2016;2020;3;56.5;164.07;190.39;16.45;149.36;⚠️ Pressão de demanda — subiu acima do IPCA
PORTA SABONETE EM AÇO INOX;2015;2018;4;9.99;28.25;182.78;13.53;149.1;⚠️ Pressão de demanda — subiu acima do IPCA
PÉ DE MOLEQUE DE AMENDOIM E RAPADURA;2020;2023;3;6.93;20.99;202.89;21.81;148.57;⚠️ Pressão de demanda — subiu acima do IPCA
JOELHO LR AZUL C/ BUCHA METAL 20 X 1/2;2015;2021;6;1.6;5.42;238.44;36.22;148.44;⚠️ Pressão de demanda — subiu acima do IPCA
JOELHO LR 25 X 3/4;2015;2021;6;0.85;2.87;237.65;36.22;148.24;⚠️ Pressão de demanda — subiu acima do IPCA
TE SOLDAVEL 25MM;2015;2021;7;0.45;1.52;238.89;36.22;147.78;⚠️ Pressão de demanda — subiu acima do IPCA
PANELA DE PRESSAO;2016;2020;4;125.0;360.56;188.45;16.45;147.71;⚠️ Pressão de demanda — subiu acima do IPCA
CURETA GRACEY 11-12 - EM AÇO INOX;2015;2024;7;5.85;22.88;291.11;58.06;147.52;⚠️ Pressão de demanda — subiu acima do IPCA
CURETA GRACEY 13-14 - EM AÇO INOX;2015;2024;7;5.86;22.88;290.55;58.06;147.17;⚠️ Pressão de demanda — subiu acima do IPCA
VIDRO TEMPERADO 8MM INCOLOR;2021;2024;3;263.12;754.18;186.63;16.03;147.02;⚠️ Pressão de demanda — subiu acima do IPCA
VIDRO TEMPERADO 8MM FUMÊ;2021;2024;3;310.18;888.97;186.59;16.03;146.99;⚠️ Pressão de demanda — subiu acima do IPCA
DRENO AR CONDICIONADO;2015;2021;6;2.81;9.45;236.3;36.22;146.98;⚠️ Pressão de demanda — subiu acima do IPCA
GRAMPEADOR PARA 10/20 FOLHAS;2015;2018;4;11.0;30.8;180.0;13.53;146.64;⚠️ Pressão de demanda — subiu acima do IPCA
REMOVEDOR TINTAS 900ML;2015;2021;6;10.0;33.5;235.0;36.22;145.9;⚠️ Pressão de demanda — subiu acima do IPCA
FOLDER 40X21 CM;2019;2023;4;0.13;0.4;207.69;27.32;145.45;⚠️ Pressão de demanda — subiu acima do IPCA
LARANJA PERA;2015;2024;7;1.43;5.55;288.11;58.06;145.45;⚠️ Pressão de demanda — subiu acima do IPCA
COLORIFICO.;2015;2025;3;4.23;17.1;304.26;64.79;145.39;⚠️ Pressão de demanda — subiu acima do IPCA
FIAT MOBI EASY 1.0 FLEX 4P 2018;2017;2023;6;12.0;40.5;237.51;37.78;144.88;⚠️ Pressão de demanda — subiu acima do IPCA
LAVATÓRIO COM COLUNA SUSPENSA DE LOUÇA (GRANDE);2015;2021;6;63.99;213.4;233.49;36.22;144.82;⚠️ Pressão de demanda — subiu acima do IPCA
PERFIL BATENTE PARA VEDAÇÃO;2021;2024;3;51.85;147.19;183.88;16.03;144.67;⚠️ Pressão de demanda — subiu acima do IPCA
LIGAÇÃO FLEXÍVEL 50 CM (PVC);2015;2018;4;1.5;4.15;177.0;13.53;144.0;⚠️ Pressão de demanda — subiu acima do IPCA
PARAFUSO FZ 6,1 X 75MM;2015;2021;6;0.23;0.76;230.43;36.22;143.48;⚠️ Pressão de demanda — subiu acima do IPCA
DOBRADIÇA FERRO ZINCADO 3 SEM PARAFUSOS.;2015;2021;6;0.9;2.98;231.11;36.22;143.33;⚠️ Pressão de demanda — subiu acima do IPCA
MINI LANCHES 0,50G EM MINI PÃO DE LEITE;2015;2023;6;1.47;5.4;266.18;50.77;142.71;⚠️ Pressão de demanda — subiu acima do IPCA
PORTA EXTERNA LISA MACIÇA CEDRO, 0,80X2,10 M;2018;2021;3;229.85;669.0;191.06;19.99;142.58;⚠️ Pressão de demanda — subiu acima do IPCA
FERRO MECÂNICO 3/8          6M;2015;2021;6;15.78;52.12;230.29;36.22;142.46;⚠️ Pressão de demanda — subiu acima do IPCA
OREGANO DESIDRATADO;2015;2021;6;3.09;10.2;230.1;36.22;142.39;⚠️ Pressão de demanda — subiu acima do IPCA
CJ TERMINAL TRIPLO BORDEN 32;2021;2025;4;54.62;160.0;192.93;20.97;142.12;⚠️ Pressão de demanda — subiu acima do IPCA
FITA DUPLA FACE DE SILICONE TRANSPARENTE 12MMX2MT;2016;2018;3;6.7;17.3;158.21;6.81;141.9;⚠️ Pressão de demanda — subiu acima do IPCA
SOLVENTE TIPO THINNER;2015;2021;6;28.9;95.0;228.72;36.22;141.31;⚠️ Pressão de demanda — subiu acima do IPCA
CARRINHO DE MÃO DE CHAPA;2015;2021;7;88.9;292.0;228.46;36.22;141.12;⚠️ Pressão de demanda — subiu acima do IPCA
CLICK DE ACABAMENTO;2021;2024;3;37.29;104.23;179.51;16.03;140.92;⚠️ Pressão de demanda — subiu acima do IPCA
PAPEL TÉRMICO PARA FAX 30 MTS X 21 CM;2017;2021;5;5.0;15.0;200.0;24.48;140.92;⚠️ Pressão de demanda — subiu acima do IPCA
FITA ADESIVA PLASTICA TRANSPARENTE 48 MM X 50 MTS;2016;2024;8;0.96;3.41;255.21;48.71;140.0;⚠️ Pressão de demanda — subiu acima do IPCA
LUVA LR AZUL COM BUCHA METAL 25 X 3/4;2015;2021;6;1.99;6.51;227.14;36.22;139.95;⚠️ Pressão de demanda — subiu acima do IPCA
FERRO CONSTRUÇAO 5/16 - 12M;2015;2021;5;16.7;54.46;226.11;36.22;139.4;⚠️ Pressão de demanda — subiu acima do IPCA
LUVA SOLDAVEL 50MM;2015;2021;6;1.5;4.88;225.0;36.22;138.67;⚠️ Pressão de demanda — subiu acima do IPCA
ENVELOPE PARDO 240 X 340;2018;2021;4;19.6;56.0;185.71;19.99;138.18;⚠️ Pressão de demanda — subiu acima do IPCA
LÂMPADA DE LED PAR 20 220V 7W - E27 PARA FOCO GINECOLÓGICO;2019;2023;5;17.25;52.3;203.19;27.32;138.09;⚠️ Pressão de demanda — subiu acima do IPCA
TE ESGOTO  40MM;2015;2021;6;0.95;3.08;223.68;36.22;137.89;⚠️ Pressão de demanda — subiu acima do IPCA
CALHA FLUORESCENTE  COMERCIAL 2 X 20W;2015;2017;3;7.3;19.0;160.27;9.43;137.81;⚠️ Pressão de demanda — subiu acima do IPCA
MOLA HIDRÁULICA DE PISO PARA PORTA DE PISO ATÉ 120CM;2021;2024;3;732.51;2019.62;175.71;16.03;137.62;⚠️ Pressão de demanda — subiu acima do IPCA
MAÇÃ NACIONAL GALA OU FUGI;2015;2025;6;2.5;9.79;291.6;64.79;137.6;⚠️ Pressão de demanda — subiu acima do IPCA
SOLVENTE TIPO ÁGUA RÁS;2015;2021;6;27.5;89.0;223.64;36.22;137.6;⚠️ Pressão de demanda — subiu acima do IPCA
CARIMBO EM ESTOJO AUTO ENTINTADO DATADOR TAM. 4,3 X 4,3.;2015;2022;5;26.0;89.0;242.31;44.11;137.54;⚠️ Pressão de demanda — subiu acima do IPCA
JOELHO LR 20 X 1/2;2015;2021;6;0.6;1.94;223.33;36.22;137.5;⚠️ Pressão de demanda — subiu acima do IPCA
POLPA DE TOMATE.;2020;2023;3;1.8;5.19;188.33;21.81;137.24;⚠️ Pressão de demanda — subiu acima do IPCA
CLOMIPRAMINA 75MG CPR;2016;2019;3;0.66;1.74;162.84;11.41;137.1;⚠️ Pressão de demanda — subiu acima do IPCA
RODO PLASTICO;2018;2021;4;4.75;13.5;184.21;19.99;137.08;⚠️ Pressão de demanda — subiu acima do IPCA
VASSOURÃO INDUSTRIAL C/ CABO /CEPA PVC;2015;2021;6;9.95;32.1;222.61;36.22;136.78;⚠️ Pressão de demanda — subiu acima do IPCA
VIDRO CANELADO;2021;2024;3;80.36;220.47;174.34;16.03;136.42;⚠️ Pressão de demanda — subiu acima do IPCA
FITA DUPLA FACE 19MM TRANSPARENTE (20MTS);2017;2020;3;2.11;5.65;167.77;13.1;136.27;⚠️ Pressão de demanda — subiu acima do IPCA
VIDRO TEMPERADO 10MM INCOLOR;2021;2024;3;333.26;913.36;174.07;16.03;136.2;⚠️ Pressão de demanda — subiu acima do IPCA
OLEO DE SOJA REFINADO;2019;2021;3;3.64;9.87;171.15;15.03;136.16;⚠️ Pressão de demanda — subiu acima do IPCA
PREGO PARA TELHA GALV. 18 X 30 ARDOX;2015;2021;6;8.5;27.3;221.18;36.22;135.76;⚠️ Pressão de demanda — subiu acima do IPCA
CABO PP 2 X 1,0MM;2015;2021;6;1.18;3.79;221.19;36.22;135.59;⚠️ Pressão de demanda — subiu acima do IPCA
CORPO RESERVATORIO;2022;2025;4;44.55;120.0;169.35;14.35;135.51;⚠️ Pressão de demanda — subiu acima do IPCA
SAL AMONIACO;2020;2024;5;7.65;23.0;200.65;27.7;135.44;⚠️ Pressão de demanda — subiu acima do IPCA
COCO RALADO;2015;2024;9;1.77;6.58;271.75;58.06;135.03;⚠️ Pressão de demanda — subiu acima do IPCA
LUVA SOLDAVEL 40MM;2015;2021;6;1.25;3.99;219.2;36.22;134.4;⚠️ Pressão de demanda — subiu acima do IPCA
TE ESGOTO  50MM;2015;2021;6;1.95;6.22;219.23;36.22;134.36;⚠️ Pressão de demanda — subiu acima do IPCA
COUVE FLOR;2015;2025;7;2.2;8.48;285.45;64.79;134.09;⚠️ Pressão de demanda — subiu acima do IPCA
ANESTÉSICO LIDOCAÍNA 2% COM EPINEFRINA 1:100.000;2015;2023;3;27.99;98.79;252.95;50.77;134.08;⚠️ Pressão de demanda — subiu acima do IPCA
BIOMBO HOSPITALAR TRIPLO;2018;2021;3;278.0;780.0;180.58;19.99;133.84;⚠️ Pressão de demanda — subiu acima do IPCA
SOQUETE LÂMPADA FLUORESCENTE (P.R.);2015;2021;6;0.99;3.15;218.18;36.22;133.33;⚠️ Pressão de demanda — subiu acima do IPCA
TE ESGOTO  75MM;2015;2021;6;3.65;11.58;217.12;36.22;132.88;⚠️ Pressão de demanda — subiu acima do IPCA
CONDULETE ALUM. TIPO LR 1.1/2 LR-30;2015;2021;6;24.75;78.29;216.32;36.22;132.2;⚠️ Pressão de demanda — subiu acima do IPCA
AÇAFRÃO EM PÓ.;2015;2025;4;32.75;125.0;281.68;64.79;131.6;⚠️ Pressão de demanda — subiu acima do IPCA
VIDRO TEMPERADO 10MM FUMÊ;2021;2024;3;434.95;1168.33;168.62;16.03;131.5;⚠️ Pressão de demanda — subiu acima do IPCA
PROJETO PREVENTIVO DE INCÊNDIO COMPLETO;2019;2022;3;1.17;3.3;182.05;21.69;131.31;⚠️ Pressão de demanda — subiu acima do IPCA
PLACA ADESIVADA 2MM, 30X11CM IMPRESSÃO COLORIDA;2020;2023;3;8.17;23.0;181.52;21.81;131.21;⚠️ Pressão de demanda — subiu acima do IPCA
JOELHO SOLDÁVEL 50 X 90º;2015;2021;6;1.7;5.35;214.71;36.22;131.18;⚠️ Pressão de demanda — subiu acima do IPCA
RECAUCHUTAGEM DE PNEU 19.5X24 12 LONAS TRASEIRO;2016;2021;4;834.3;2470.05;196.06;28.16;131.01;⚠️ Pressão de demanda — subiu acima do IPCA
ROLO ESPUMA  5CM C/ CABO;2015;2021;6;1.85;5.8;213.51;36.22;130.27;⚠️ Pressão de demanda — subiu acima do IPCA
TEMPERO VERDE;2015;2025;8;0.9;3.41;278.89;64.79;130.0;⚠️ Pressão de demanda — subiu acima do IPCA
VOLKSWAGEN KOMBI STANDARD STANDARD 1.6 EFI GASOLINA 2002;2018;2024;6;20.0;64.0;220.0;39.22;129.8;⚠️ Pressão de demanda — subiu acima do IPCA
PILHAS ALCALINAS D;2016;2018;3;14.18;34.8;145.42;6.81;129.76;⚠️ Pressão de demanda — subiu acima do IPCA
ATROPINA 0,25MG/ML, INJETÁVEL, AMPOLA 1ML.;2019;2024;5;0.28;0.87;208.57;33.47;129.17;⚠️ Pressão de demanda — subiu acima do IPCA
M. BENZ/2213 - 1976;2021;2023;3;16.0;40.5;153.12;10.68;128.73;⚠️ Pressão de demanda — subiu acima do IPCA
MILHO VERDE;2015;2025;11;2.32;8.75;276.94;64.79;128.66;⚠️ Pressão de demanda — subiu acima do IPCA
VERAPAMIL 80MG CPR, EM BLISTER.;2019;2024;5;0.08;0.25;201.9;33.47;128.57;⚠️ Pressão de demanda — subiu acima do IPCA
FORMOCRESOL - 10ML;2020;2025;3;3.5;10.65;204.29;33.14;128.27;⚠️ Pressão de demanda — subiu acima do IPCA
DOBRADIÇA SUPERIOR PARA PORTA DE VIDRO-  MODELO 1101;2021;2024;3;61.33;162.38;164.77;16.03;128.19;⚠️ Pressão de demanda — subiu acima do IPCA
LIMPEZA DE CALHAS/CANALETAS DE ÁGUAS PLUVIAIS;2019;2025;5;1.58;5.0;216.46;39.16;127.82;⚠️ Pressão de demanda — subiu acima do IPCA
ABRAÇADEIRA MANGUEIRA 19 X 27 (3/4 X 1);2015;2021;6;0.54;1.68;211.11;36.22;127.78;⚠️ Pressão de demanda — subiu acima do IPCA
RÉGUA ESCRITÓRIO 30CM;2018;2023;3;0.41;1.24;202.44;32.8;127.78;⚠️ Pressão de demanda — subiu acima do IPCA
PEDAL DE ACIONAMENTO ELETRICO OLSEN;2022;2025;4;144.47;375.8;160.12;14.35;127.48;⚠️ Pressão de demanda — subiu acima do IPCA
SORO FISIOLÓGICO 500ML (SOLUÇÃO DE CLORETO DE SÓDIO 0,9%).;2018;2022;5;2.57;7.44;188.99;26.94;127.31;⚠️ Pressão de demanda — subiu acima do IPCA
PAPEL SEDA, COM BRILHO;2020;2024;5;0.14;0.4;185.71;27.7;127.27;⚠️ Pressão de demanda — subiu acima do IPCA
FERRO CONSTRUÇAO 3/8 - 12M;2015;2021;5;25.9;80.18;209.58;36.22;127.26;⚠️ Pressão de demanda — subiu acima do IPCA
LANCHE.;2016;2021;3;6.0;17.45;190.83;28.16;127.13;⚠️ Pressão de demanda — subiu acima do IPCA
ABSORVENTE;2017;2023;4;1.21;3.8;214.05;37.78;127.03;⚠️ Pressão de demanda — subiu acima do IPCA
CREME DE LEITE FRESCO;2018;2023;4;3.45;10.4;201.45;32.8;126.97;⚠️ Pressão de demanda — subiu acima do IPCA
FITA ADESIVA PEQUENA (CORES DIVERSAS);2016;2018;3;0.5;1.2;140.0;6.81;125.53;⚠️ Pressão de demanda — subiu acima do IPCA
DOBRADIÇA PARA PORTA DE VIDRO INFERIOR-  MODELO 1102;2021;2024;3;61.04;159.68;161.61;16.03;125.44;⚠️ Pressão de demanda — subiu acima do IPCA
CONECTOR CUNHA DE ALUMINIO AMPACTINHO TIPO V;2018;2021;3;1.34;3.63;170.9;19.99;125.42;⚠️ Pressão de demanda — subiu acima do IPCA
CONECTOR CUNHA DE ALUMINIO AMPACTINHO TIPO III;2018;2021;3;1.34;3.63;170.9;19.99;125.42;⚠️ Pressão de demanda — subiu acima do IPCA
CONECTOR CUNHA DE ALUMINIO AMPACTINHO TIPO IV;2018;2021;3;1.34;3.63;170.9;19.99;125.42;⚠️ Pressão de demanda — subiu acima do IPCA
ALICATE ORTODÔNTICO WEINGART CURVO 120;2019;2024;5;84.54;254.09;200.56;33.47;125.19;⚠️ Pressão de demanda — subiu acima do IPCA
BANDEJA ENTRADA/SAÍDA DE DOCUMENTO (TRIPLA-3 ANDARES);2015;2018;3;20.7;52.9;155.56;13.53;125.12;⚠️ Pressão de demanda — subiu acima do IPCA
APARELHO DE ULTRASSOM ODONTOLÓGICO;2019;2025;5;1600.0;5004.47;212.78;39.16;124.77;⚠️ Pressão de demanda — subiu acima do IPCA
LUVA DE COBRE 22MM;2015;2021;6;1.98;6.05;205.56;36.22;124.24;⚠️ Pressão de demanda — subiu acima do IPCA
ESPELHO 3MM LIXADO;2021;2024;3;134.42;349.67;160.13;16.03;124.19;⚠️ Pressão de demanda — subiu acima do IPCA
RECAUCHUTAGEM DE  PNEU 1400X24 16 LONAS;2016;2021;4;654.35;1876.05;186.7;28.16;123.71;⚠️ Pressão de demanda — subiu acima do IPCA
PÁ CARREGADEIRA HYUNDAI HL 740-9S;2022;2025;4;11.55;29.5;155.41;14.35;123.47;⚠️ Pressão de demanda — subiu acima do IPCA
TERMOSTATO AR COND. 1601;2015;2021;6;34.47;104.87;204.28;36.22;123.39;⚠️ Pressão de demanda — subiu acima do IPCA
ESPELHO 4MM LAPIDADOS EM MAQUINAS INDUSTRIAL;2021;2024;3;167.1;433.03;159.14;16.03;123.34;⚠️ Pressão de demanda — subiu acima do IPCA
BANDEJA DESCARTÁVEL 26CM X 32CM.;2018;2022;3;3.85;10.9;183.12;26.94;123.01;⚠️ Pressão de demanda — subiu acima do IPCA
LUVA ESGOTO 100MM;2015;2021;6;2.0;6.08;203.75;36.22;123.0;⚠️ Pressão de demanda — subiu acima do IPCA
PLUG GALVANIZADO 3/4;2015;2021;6;1.87;5.68;203.74;36.22;122.99;⚠️ Pressão de demanda — subiu acima do IPCA
JOELHO HIDRAÚLICO PARA ESGOTO  75 X 90º;2015;2021;6;1.9;5.76;203.16;36.22;122.63;⚠️ Pressão de demanda — subiu acima do IPCA
CASCO PARA GÁS P5;2023;2025;3;149.99;364.41;142.96;9.3;122.3;⚠️ Pressão de demanda — subiu acima do IPCA
RECAUCHUTAGEM DE PNEU 900X20 LISO DIAGONAL;2016;2021;6;204.49;582.12;184.67;28.16;122.12;⚠️ Pressão de demanda — subiu acima do IPCA
VIDRO MINI BOREAL;2021;2024;3;84.1;216.57;157.52;16.03;121.93;⚠️ Pressão de demanda — subiu acima do IPCA
CABO FLEXIVEL 2,5 MM;2016;2021;3;0.78;2.2;182.05;28.16;121.92;⚠️ Pressão de demanda — subiu acima do IPCA
CABO FLEXIVEL, BITOLA 2,5 MM2 ISOLAMENTO 750 V;2017;2021;5;0.75;2.09;178.67;24.48;121.74;⚠️ Pressão de demanda — subiu acima do IPCA
TIJOLO 6F. - 19 X 14 X 9CM;2015;2021;5;0.23;0.69;200.0;36.22;121.74;⚠️ Pressão de demanda — subiu acima do IPCA
LEITE INTEGRAL EM PÓ INSTANTÂNEO VITAMINADO - NA CENTRAL;2018;2023;4;15.0;44.15;194.33;32.8;121.69;⚠️ Pressão de demanda — subiu acima do IPCA
JOELHO HIDRAÚLICO PARA ESGOTO  75 X 45º;2015;2021;6;2.0;6.04;202.0;36.22;121.5;⚠️ Pressão de demanda — subiu acima do IPCA
PINO PARA SELO SEGURANÇA, CRISTOFOLI;2018;2023;6;4.5;13.2;193.33;32.8;121.21;⚠️ Pressão de demanda — subiu acima do IPCA
CINTA CIRCULAR PARA POSTE COM DOIS PARAFUSOS E PORCA 240MM,;2018;2021;4;15.85;42.07;165.43;19.99;121.2;⚠️ Pressão de demanda — subiu acima do IPCA
CAFÉ MOIDO A VÁCUO EMBALAGEM 500GR;2020;2023;3;9.1;24.5;169.23;21.81;121.09;⚠️ Pressão de demanda — subiu acima do IPCA
PILHAS AA RECARREGÁVEL 2.500MAH ESTOJO C/4 UNID;2016;2018;3;38.03;89.7;135.87;6.81;120.82;⚠️ Pressão de demanda — subiu acima do IPCA
CINTA CIRCULAR PARA POSTE COM DOIS PARAFUSOS E PORCA 210MM,;2018;2021;4;15.18;40.17;164.62;19.99;120.57;⚠️ Pressão de demanda — subiu acima do IPCA
CASSETE BOMBA PERISTALTICA 35MLDABI ATLANTE/PROFI NEO/D700/;2022;2025;4;80.15;202.0;152.02;14.35;120.39;⚠️ Pressão de demanda — subiu acima do IPCA
RECAUCHUTAGEM DE PNEU 750X16;2016;2021;6;157.04;443.52;182.42;28.16;120.37;⚠️ Pressão de demanda — subiu acima do IPCA
CX DESCARGA;2015;2021;6;10.5;31.5;200.0;36.22;120.19;⚠️ Pressão de demanda — subiu acima do IPCA
PREDNISONA 5 MG.;2018;2020;3;0.06;0.14;125.0;9.02;120.0;⚠️ Pressão de demanda — subiu acima do IPCA
REFLETOR ALUMÍNIO 400W RETANG. E40;2015;2021;6;44.9;134.0;198.44;36.22;119.09;⚠️ Pressão de demanda — subiu acima do IPCA
GLICERINA LIQUIDA;2015;2021;5;11.5;34.3;198.26;36.22;118.96;⚠️ Pressão de demanda — subiu acima do IPCA
JOELHO DE COBRE 22MM;2015;2021;6;5.7;17.0;198.25;36.22;118.95;⚠️ Pressão de demanda — subiu acima do IPCA
FITA DE PAPEL ADESIVA 32MM X 50MT;2016;2018;3;7.41;17.32;133.74;6.81;118.94;⚠️ Pressão de demanda — subiu acima do IPCA
CINTA CIRCULAR PARA POSTE COM DOIS PARAFUSOS E PORCA 220MM,;2018;2021;4;15.49;40.67;162.56;19.99;118.91;⚠️ Pressão de demanda — subiu acima do IPCA
MANUTENÇÃO E CONSERTO DE APARELHO;2020;2023;4;30.0;80.0;166.67;21.81;118.89;⚠️ Pressão de demanda — subiu acima do IPCA
INTER. EMB 2 TEC-SIMPLES 007-ES;2015;2021;5;4.8;14.3;197.92;36.22;118.75;⚠️ Pressão de demanda — subiu acima do IPCA
CINTA CIRCULAR PARA POSTE COM DOIS PARAFUSOS E PORCA 190MM,;2018;2021;4;14.24;37.37;162.43;19.99;118.74;⚠️ Pressão de demanda — subiu acima do IPCA
CINTA CIRCULAR PARA POSTE COM DOIS PARAFUSOS E PORCA 200MM,;2018;2021;4;15.0;39.32;162.13;19.99;118.55;⚠️ Pressão de demanda — subiu acima do IPCA
CARNE SUÍNA LOMBO;2018;2021;4;10.96;28.69;161.77;19.99;118.24;⚠️ Pressão de demanda — subiu acima do IPCA
CINTA CIRCULAR PARA POSTE COM DOIS PARAFUSOS E PORCA 230MM,;2018;2021;4;15.72;41.12;161.58;19.99;117.98;⚠️ Pressão de demanda — subiu acima do IPCA
CURVA ELETRODUTO PVC ANTI-CHAMA 1/2 X 90º PRETA;2015;2021;6;0.89;2.64;196.63;36.22;117.98;⚠️ Pressão de demanda — subiu acima do IPCA
ROLDANA JANELA 6MM NYLON;2015;2021;6;2.96;8.78;196.62;36.22;117.91;⚠️ Pressão de demanda — subiu acima do IPCA
LINGÜIÇA TIPO CALABRESA PARA FATIAR;2018;2024;5;10.9;33.05;203.21;39.22;117.81;⚠️ Pressão de demanda — subiu acima do IPCA
PRANCHETA PARA ANOTAÇÕES;2018;2021;4;5.75;15.0;160.87;19.99;117.59;⚠️ Pressão de demanda — subiu acima do IPCA
BUCHA REDUÇÃO ROSCAVEL 3/4 X 1/2 PVC;2015;2021;6;0.4;1.18;195.0;36.22;117.5;⚠️ Pressão de demanda — subiu acima do IPCA
CARNE BOVINA BIFE DE COXÃO MOLE;2019;2021;3;19.0;47.5;150.0;15.03;117.39;⚠️ Pressão de demanda — subiu acima do IPCA
BACON;2015;2021;6;15.02;44.49;196.11;36.22;117.37;⚠️ Pressão de demanda — subiu acima do IPCA
PAPEL DE ARTICULAÇÃO COM ESPESSURA MÁX. 0.04MM OU 4 Μ;2020;2023;3;3.9;10.32;164.62;21.81;117.14;⚠️ Pressão de demanda — subiu acima do IPCA
CAMISETA 100% ALGODÃO;2018;2023;3;12.31;35.48;188.22;32.8;117.07;⚠️ Pressão de demanda — subiu acima do IPCA
FECHADURA PARA GAVETA 31MM;2015;2021;6;3.9;11.52;195.38;36.22;116.92;⚠️ Pressão de demanda — subiu acima do IPCA
FORD CARGO 1723B  - 2020;2021;2024;4;29.8;75.0;151.68;16.03;116.91;⚠️ Pressão de demanda — subiu acima do IPCA
FOLHETO EDUCAÇÃO NO TRÂNSITO;2018;2021;3;0.07;0.18;150.0;19.99;116.67;⚠️ Pressão de demanda — subiu acima do IPCA
FIO TELEFÔNICO FE 100(DROPE);2017;2021;5;0.59;1.6;171.19;24.48;116.67;⚠️ Pressão de demanda — subiu acima do IPCA
CHOCOLATE GRANULADO;2018;2023;5;7.13;20.5;187.52;32.8;116.56;⚠️ Pressão de demanda — subiu acima do IPCA
COLHER DESCARTÁVEL;2016;2022;4;2.22;6.52;193.69;35.58;116.51;⚠️ Pressão de demanda — subiu acima do IPCA
COADOR DE CAFÉ;2018;2023;3;4.5;12.9;186.67;32.8;116.16;⚠️ Pressão de demanda — subiu acima do IPCA
TINTA ACRÍLICA ACABAMENTO FOSCO NA COR:PALHA CONTENDO 18 LT;2015;2018;4;89.95;220.45;145.08;13.53;115.88;⚠️ Pressão de demanda — subiu acima do IPCA
RESERVATORIO COMPLETO EM CO-POLIMERO;2018;2024;5;410.0;1231.3;200.32;39.22;115.71;⚠️ Pressão de demanda — subiu acima do IPCA
SACO PLÁSTICO DE LIXO DOMÉSTICO DE POLIETILENO 240 L;2018;2021;4;45.5;117.65;158.57;19.99;115.49;⚠️ Pressão de demanda — subiu acima do IPCA
CONDENSADOR DE GUTAPERCHA MACSPADDEN 21MM - CALIBRE 40 -BLIS;2018;2024;3;31.0;92.98;199.94;39.22;115.42;⚠️ Pressão de demanda — subiu acima do IPCA
FIO ELÉTRICO TIPO RÍGIDO  BITOLA 1,5MM;2015;2018;4;0.34;0.83;144.12;13.53;114.71;⚠️ Pressão de demanda — subiu acima do IPCA
CARNE SUÍNA CARRÉ;2018;2021;4;11.06;28.49;157.59;19.99;114.68;⚠️ Pressão de demanda — subiu acima do IPCA
ARAME RECOZIDO PARA FERRAGEM DE CONSTRUÇÃO CIVIL COM APLICAÇ;2015;2021;6;7.19;21.0;192.07;36.22;114.46;⚠️ Pressão de demanda — subiu acima do IPCA
ROLO ESPUMA 09CM C/ CABO;2017;2020;3;1.9;4.62;143.16;13.1;114.37;⚠️ Pressão de demanda — subiu acima do IPCA
FOLDER 297X21CM 2 DOBRAS;2018;2022;4;0.08;0.22;182.05;26.94;114.29;⚠️ Pressão de demanda — subiu acima do IPCA
PREGO COM CABEÇA 22X48;2019;2022;4;9.6;25.0;160.42;21.69;113.93;⚠️ Pressão de demanda — subiu acima do IPCA
CABO FLEXIVEL, BITOLA 4,0 MM2 ISOLAMENTO 750 V;2017;2021;5;1.19;3.17;166.39;24.48;113.76;⚠️ Pressão de demanda — subiu acima do IPCA
GRADE LINGUAL;2020;2023;4;50.0;130.0;160.0;21.81;113.42;⚠️ Pressão de demanda — subiu acima do IPCA
PISO CERÂMICO 20 X 20 A PEI-4 (PAREDE);2015;2021;6;11.8;34.29;190.59;36.22;113.31;⚠️ Pressão de demanda — subiu acima do IPCA
MÃO-FRANCESA REFORÇADA 40CM;2018;2021;3;13.09;33.5;155.92;19.99;113.27;⚠️ Pressão de demanda — subiu acima do IPCA
BOLA DE RUGBY;2018;2023;3;69.4;196.45;183.07;32.8;113.15;⚠️ Pressão de demanda — subiu acima do IPCA
SILICONE ACÉTICO INCOLOR 280 GRAMAS;2015;2021;6;7.7;22.35;190.26;36.22;113.12;⚠️ Pressão de demanda — subiu acima do IPCA
PLUGUE TOMADA MONO P/ EXTENSÃO ( FEMEA);2015;2018;4;2.0;4.84;142.0;13.53;113.0;⚠️ Pressão de demanda — subiu acima do IPCA
BOMBA COMPLETA PERISTALTICA SCHUSTER;2022;2024;3;127.66;298.0;133.44;9.68;112.85;⚠️ Pressão de demanda — subiu acima do IPCA
ESPÁTULA PARA MANIPULAÇÃO DE CIMENTO Nº72;2015;2018;3;4.22;10.2;141.71;13.53;112.8;⚠️ Pressão de demanda — subiu acima do IPCA
CALDO DE CARNE;2018;2021;4;1.6;4.09;155.62;19.99;112.77;⚠️ Pressão de demanda — subiu acima do IPCA
UVA PASSA;2018;2024;3;10.3;30.5;196.12;39.22;112.67;⚠️ Pressão de demanda — subiu acima do IPCA
CONFECÇÃO DE CARTAZ PUBLICITARIO 4X0 CORES, TAM 40X60, PAPEL;2020;2022;3;0.6;1.47;144.98;16.43;112.5;⚠️ Pressão de demanda — subiu acima do IPCA
CABO PP 3 X 1,0MM;2015;2021;6;1.95;5.64;189.23;36.22;112.31;⚠️ Pressão de demanda — subiu acima do IPCA
CINTA CIRCULAR PARA POSTE COM DOIS PARAFUSOS E PORCA 170MM,;2018;2021;4;13.74;34.92;154.15;19.99;111.9;⚠️ Pressão de demanda — subiu acima do IPCA
BOLO RECHEADO;2015;2023;6;16.28;52.0;219.38;50.77;111.86;⚠️ Pressão de demanda — subiu acima do IPCA
RECAUCHUTAGEM DE PNEU 215/75 R17,5 LISO;2016;2021;6;163.59;443.52;171.12;28.16;111.55;⚠️ Pressão de demanda — subiu acima do IPCA
TINTA ACRÍLICA SEMI BRILHO PADRÃO CBMSC PALHA 3,6 L;2018;2021;3;46.5;118.0;153.76;19.99;111.47;⚠️ Pressão de demanda — subiu acima do IPCA
PLACA DE IDENTIFICAÇÃO DE LOGRADOURO COM SUPORTE EM TUBO DE;2018;2023;5;191.0;536.0;180.63;32.8;111.31;⚠️ Pressão de demanda — subiu acima do IPCA
BATATA PALHA;2018;2024;7;2.65;7.78;193.58;39.22;111.16;⚠️ Pressão de demanda — subiu acima do IPCA
ROLO PINTURA ESPUMA 09CM C/CABO POLYESTER;2018;2021;3;1.9;4.8;152.63;19.99;110.78;⚠️ Pressão de demanda — subiu acima do IPCA
MARTELO CARPINTEIRO TIPO UNHA;2015;2021;6;13.9;39.9;186.95;36.22;110.64;⚠️ Pressão de demanda — subiu acima do IPCA
HAWLEY COM EXPANSOR;2021;2023;3;72.98;170.0;132.94;10.68;110.43;⚠️ Pressão de demanda — subiu acima do IPCA
PRATO DESCARTÁVEL DIAMETRO 21 CM;2018;2023;3;1.75;4.88;178.86;32.8;110.39;⚠️ Pressão de demanda — subiu acima do IPCA
MICROONDAS;2016;2020;3;380.0;930.5;144.87;16.45;110.29;⚠️ Pressão de demanda — subiu acima do IPCA
LUVA LR AZUL COM BUCHA METAL 20 X 1/2;2015;2021;6;1.8;5.15;186.11;36.22;110.0;⚠️ Pressão de demanda — subiu acima do IPCA
FENITOINA 50MG/ML SOLUÇÃO INJETÁVEL 5ML;2015;2018;3;0.9;2.15;140.22;13.53;110.0;⚠️ Pressão de demanda — subiu acima do IPCA
ETIQUETA ADESIVA;2018;2021;4;26.6;67.0;151.88;19.99;109.94;⚠️ Pressão de demanda — subiu acima do IPCA
CINTA CIRCULAR PARA POSTE COM DOIS PARAFUSOS E PORCA 180MM,;2018;2021;4;14.07;35.42;151.74;19.99;109.85;⚠️ Pressão de demanda — subiu acima do IPCA
SOLICITAÇÃO DE ELETROCARDIOGRAMA;2016;2023;6;1.73;5.15;197.69;41.85;109.82;⚠️ Pressão de demanda — subiu acima do IPCA
CÂMARA DE AR /CARRINHO DE MÃO 350 X 8;2015;2018;4;5.99;14.24;137.81;13.53;109.43;⚠️ Pressão de demanda — subiu acima do IPCA
CINTA CIRCULAR PARA POSTE COM DOIS PARAFUSOS E PORCA 250MM,;2018;2021;4;16.95;42.57;151.15;19.99;109.31;⚠️ Pressão de demanda — subiu acima do IPCA
ROTEADOR MODEM WIRELLES;2018;2020;3;140.0;319.22;128.01;9.02;109.14;⚠️ Pressão de demanda — subiu acima do IPCA
DISPENSER PARA PAPEL TOALHA;2018;2021;3;59.2;148.5;150.84;19.99;109.06;⚠️ Pressão de demanda — subiu acima do IPCA
CREME BRANCO, VISCOSO, NÃO ESTÉRIL, COMPOSTO POR ÁGUA, 10% U;2021;2023;3;32.0;73.8;130.62;10.68;108.39;⚠️ Pressão de demanda — subiu acima do IPCA
ENVELOPE OFÍCIO COR PARDA TAM A-4 24X34;2016;2018;3;0.13;0.28;115.38;6.81;108.33;⚠️ Pressão de demanda — subiu acima do IPCA
TE ESGOTO REDUÇÃO  75 X 50MM;2015;2021;6;3.65;10.34;183.42;36.22;108.08;⚠️ Pressão de demanda — subiu acima do IPCA
CINTA CIRCULAR PARA POSTE COM DOIS PARAFUSOS E PORCA 160MM,;2018;2021;4;13.02;32.47;149.39;19.99;107.85;⚠️ Pressão de demanda — subiu acima do IPCA
TE SOLDAVEL 32MM;2015;2021;6;1.29;3.66;183.33;36.22;107.75;⚠️ Pressão de demanda — subiu acima do IPCA
ROLO ESPUMA 23CM S/ CABO;2015;2021;5;5.4;15.25;182.41;36.22;107.41;⚠️ Pressão de demanda — subiu acima do IPCA
PRATO DESCARTÁVEL 15 CM;2016;2023;3;0.74;2.18;194.59;41.85;107.14;⚠️ Pressão de demanda — subiu acima do IPCA
PAPEL PARDO KRAFT 40 MT;2015;2024;5;9.16;29.9;226.42;58.06;106.55;⚠️ Pressão de demanda — subiu acima do IPCA
DISCO DIAMANTADO SEGMENTADO 4´´ 110MM PARA CORTE SECO,10,5CM;2015;2021;6;8.0;22.5;181.25;36.22;106.5;⚠️ Pressão de demanda — subiu acima do IPCA
BOBINA DE GAZE HIDRÓFILA;2018;2020;3;23.1;52.0;125.11;9.02;106.44;⚠️ Pressão de demanda — subiu acima do IPCA
CORTADOR DE UNHA;2015;2023;6;2.67;8.3;210.86;50.77;106.37;⚠️ Pressão de demanda — subiu acima do IPCA
BISCOITO AGUA E SAL;2019;2024;4;2.99;8.22;174.92;33.47;106.35;⚠️ Pressão de demanda — subiu acima do IPCA
CARIMBO EM ESTOJO AUTO ENTINTADO TAM. 5,9 X 2,3;2015;2019;4;13.1;32.0;144.27;18.42;106.26;⚠️ Pressão de demanda — subiu acima do IPCA
FECHADURA, MATERIAL CAIXA AÇO ZINCADO (MAÇANETA REDONDA).;2015;2018;4;24.9;58.22;133.84;13.53;105.96;⚠️ Pressão de demanda — subiu acima do IPCA
FERRO CONSTRUÇAO 4,2 - 12M;2015;2021;5;4.78;13.4;180.33;36.22;105.86;⚠️ Pressão de demanda — subiu acima do IPCA
FICHA DE ACOLHIMENTO CAPS II AD 4 PÁGINAS(VIAS);2018;2020;3;4.9;11.0;124.49;9.02;105.79;⚠️ Pressão de demanda — subiu acima do IPCA
PLACA ORIENTATIVA GALVANIZADO;2018;2020;3;791.35;1774.75;124.27;9.02;105.71;⚠️ Pressão de demanda — subiu acima do IPCA
MACARRÃO SEM GLÚTEN;2015;2024;9;2.0;6.5;225.0;58.06;105.5;⚠️ Pressão de demanda — subiu acima do IPCA
MARGARINA CREMOSA.;2015;2021;6;3.25;9.09;179.69;36.22;105.23;⚠️ Pressão de demanda — subiu acima do IPCA
ESCOVA DE MÃO PARA LIMPEZA DE INSTRUMENTAIS;2020;2025;5;4.75;12.98;173.26;33.14;105.21;⚠️ Pressão de demanda — subiu acima do IPCA
LARANJA;2015;2025;8;1.39;4.69;237.41;64.79;104.8;⚠️ Pressão de demanda — subiu acima do IPCA
TINTA ACRÍLICA SEMI BRILHO PADRÃO CBMSC PALHA 18 L;2018;2021;3;195.0;479.0;145.64;19.99;104.73;⚠️ Pressão de demanda — subiu acima do IPCA
TUBO DESCARGA PARA VALVULA;2015;2021;5;5.8;16.15;178.45;36.22;104.48;⚠️ Pressão de demanda — subiu acima do IPCA
RELATÓRIO AVARIAS MOTOCICLETAS;2018;2021;3;4.5;11.0;144.44;19.99;104.04;⚠️ Pressão de demanda — subiu acima do IPCA
RELATÓRIO AVARIAS AUTOMÓVEIS;2018;2021;3;4.5;11.0;144.44;19.99;104.04;⚠️ Pressão de demanda — subiu acima do IPCA
GRAXA LUBRIFICANTE A BASE DE SABÃO DE CALCIO E OLEO MINERAL;2019;2021;3;1640.0;3848.0;134.63;15.03;103.97;⚠️ Pressão de demanda — subiu acima do IPCA
SINAN- SÍNDROME RESPIRATÓRIA AGUDA GRAVE;2016;2023;6;3.8;11.0;189.47;41.85;103.91;⚠️ Pressão de demanda — subiu acima do IPCA
SINAN -FICHA DE NOTIFICAÇÃO/ CONCLUSÃO;2016;2023;6;3.8;11.0;189.47;41.85;103.91;⚠️ Pressão de demanda — subiu acima do IPCA
AMIDO DE MILHO;2015;2024;9;3.46;11.15;222.25;58.06;103.76;⚠️ Pressão de demanda — subiu acima do IPCA
ESFIGMOMANÔMETRO ADULTO ANERÓIDE COMPLETO;2018;2021;3;225.0;550.0;144.44;19.99;103.72;⚠️ Pressão de demanda — subiu acima do IPCA
JOELHO SOLDAVEL 20X45;2015;2018;4;0.27;0.62;131.48;13.53;103.7;⚠️ Pressão de demanda — subiu acima do IPCA
SULFAMETOXAZOL 200MG+ TRIMETOPRIMA 40MG/5ML, SUSPENSÃO ORAL,;2019;2021;3;1.96;4.58;133.82;15.03;103.64;⚠️ Pressão de demanda — subiu acima do IPCA
ROLO LÃ DE CARNEIRO  5CM C/ CABO;2015;2021;6;3.5;9.7;177.14;36.22;103.43;⚠️ Pressão de demanda — subiu acima do IPCA
SENSOR TEMPERATURA AUTOCLAVE GNATUS/SAEVO/DABI 12L/21L;2022;2024;3;96.0;214.0;122.91;9.68;103.23;⚠️ Pressão de demanda — subiu acima do IPCA
TACAÇÃO DE PINUS PARA FORRO;2020;2023;3;0.98;2.41;145.92;21.81;102.53;⚠️ Pressão de demanda — subiu acima do IPCA
CABO DE ECG 10 VIAS COMPATIVEL COM ELETROCARDIÓGRAFO EP-12,;2019;2021;3;400.0;931.45;132.86;15.03;102.43;⚠️ Pressão de demanda — subiu acima do IPCA
COPO DESCARTAVEL 180 ML;2018;2021;4;47.5;115.35;142.84;19.99;102.39;⚠️ Pressão de demanda — subiu acima do IPCA
LUVA ELETRODUTO 2 PRETA;2015;2018;4;2.2;5.05;129.55;13.53;102.27;⚠️ Pressão de demanda — subiu acima do IPCA
ROLO LÃ DE CARNEIRO  9CM C/ CABO;2015;2021;6;4.9;13.5;175.51;36.22;102.24;⚠️ Pressão de demanda — subiu acima do IPCA
RECAUCHUTAGEM DE PNEU 275/80R22,5 BORRACHUDO;2016;2021;6;259.01;671.22;159.15;28.16;102.21;⚠️ Pressão de demanda — subiu acima do IPCA
RECAUCHUTAGEM DE PNEU 215/75 R17,5 BORRACHUDO;2016;2021;6;182.67;473.22;159.06;28.16;102.14;⚠️ Pressão de demanda — subiu acima do IPCA
PINCEL 1;2015;2021;7;1.0;2.75;175.0;36.22;102.0;⚠️ Pressão de demanda — subiu acima do IPCA
LIXA ROLO 220;2015;2021;6;1.6;4.4;175.0;36.22;101.87;⚠️ Pressão de demanda — subiu acima do IPCA
LIXA ROLO 150;2015;2021;6;1.6;4.4;175.0;36.22;101.87;⚠️ Pressão de demanda — subiu acima do IPCA
LEVONORGESTREL 0,75MG COM DOIS COMPRIMIDOS;2015;2017;3;1.2;2.64;120.67;9.43;101.67;⚠️ Pressão de demanda — subiu acima do IPCA
PORTA INT. SEMI-OCA 0,70 X 2,10 PINUS;2015;2021;6;46.5;127.5;174.19;36.22;101.29;⚠️ Pressão de demanda — subiu acima do IPCA
PORTA INT. SEMI-OCA 0,60 X 2,10 PINUS;2015;2021;6;46.5;127.5;174.19;36.22;101.29;⚠️ Pressão de demanda — subiu acima do IPCA
CABO PP, DE COBRE, BITOLA 2 X 2,5MM, ISOLAMENTO 1KV;2015;2021;6;2.16;5.91;173.61;36.22;100.93;⚠️ Pressão de demanda — subiu acima do IPCA
FONTE ALIMENTACAO II 5V -1A J4 C/ TRAVA;2016;2018;3;82.07;176.0;114.45;6.81;100.79;⚠️ Pressão de demanda — subiu acima do IPCA
ROLO LÃ DE CARNEIRO 23CM S/ CABO;2015;2018;4;7.9;17.99;127.72;13.53;100.57;⚠️ Pressão de demanda — subiu acima do IPCA
DISJUNTOR HYRAX. COM GANCHO;2021;2023;3;81.09;180.0;121.98;10.68;100.55;⚠️ Pressão de demanda — subiu acima do IPCA
SUPORTE DE PAREDE PARA EXTINTOR;2015;2023;7;2.0;6.05;202.52;50.77;100.5;⚠️ Pressão de demanda — subiu acima do IPCA
TRICRESOL FORMALINA - 10 ML;2020;2025;3;3.82;10.2;167.02;33.14;100.32;⚠️ Pressão de demanda — subiu acima do IPCA
FITA ADESIVA COLORIDA 12X30MT;2020;2023;4;4.1;9.99;143.66;21.81;100.3;⚠️ Pressão de demanda — subiu acima do IPCA
GLIBENCLAMIDA 5MG CPR, EM BLISTER.;2019;2024;5;0.02;0.04;114.29;33.47;100.0;⚠️ Pressão de demanda — subiu acima do IPCA
ISOSSORBIDA, MONONITRATO 40MG;2015;2018;3;0.09;0.2;128.65;13.53;100.0;⚠️ Pressão de demanda — subiu acima do IPCA
PROPRANOLOL 40 MG;2016;2020;4;0.01;0.03;84.56;16.45;100.0;⚠️ Pressão de demanda — subiu acima do IPCA
AAS - ÁCIDO ACETILSALICÍLICO 100 MG;2016;2020;4;0.02;0.02;46.0;16.45;100.0;⚠️ Pressão de demanda — subiu acima do IPCA
CREME DE LEITE.;2015;2019;5;1.48;3.5;136.49;18.42;100.0;⚠️ Pressão de demanda — subiu acima do IPCA
ALOPURINOL 100 MG;2015;2020;6;0.03;0.08;162.07;23.77;100.0;⚠️ Pressão de demanda — subiu acima do IPCA
REFRESCO EM PÓ;2018;2021;4;1.04;2.5;140.38;19.99;100.0;⚠️ Pressão de demanda — subiu acima do IPCA
ROLDANA FIO PVC 30 X 30 C/ PREGO;2015;2021;6;0.15;0.41;173.33;36.22;100.0;⚠️ Pressão de demanda — subiu acima do IPCA
AMIODARONA 200MG;2015;2018;3;0.22;0.5;122.69;13.53;100.0;⚠️ Pressão de demanda — subiu acima do IPCA
FIO TELEFÔNICO FE 100(DROP);2015;2017;3;0.23;0.5;117.39;9.43;100.0;⚠️ Pressão de demanda — subiu acima do IPCA
FUROSEMIDA 40 MG;2016;2020;5;0.02;0.04;80.0;16.45;100.0;⚠️ Pressão de demanda — subiu acima do IPCA
AMPICILINA 500 MG;2015;2019;5;0.13;0.3;134.88;18.42;100.0;⚠️ Pressão de demanda — subiu acima do IPCA
DICLOFENACO DE SÓDIO 50 MG;2016;2020;3;0.02;0.05;151.26;16.45;100.0;⚠️ Pressão de demanda — subiu acima do IPCA
ENVELOPE SACO TAMANHO GRANDE A-6 31X41;2016;2018;3;0.2;0.43;115.0;6.81;100.0;⚠️ Pressão de demanda — subiu acima do IPCA
CAPTOPRIL 25 MG (BLISTER CONTENDO 10 OU 15 COMPRIMIDOS);2018;2020;3;0.02;0.02;17.06;9.02;100.0;⚠️ Pressão de demanda — subiu acima do IPCA
HALOPERIDOL 5 MG;2016;2020;4;0.08;0.18;129.49;16.45;100.0;⚠️ Pressão de demanda — subiu acima do IPCA
CAPTOPRIL 50 MG;2016;2019;3;0.04;0.07;88.57;11.41;100.0;⚠️ Pressão de demanda — subiu acima do IPCA
REFRIGERANTE;2015;2021;6;3.27;8.9;172.17;36.22;99.85;⚠️ Pressão de demanda — subiu acima do IPCA
PORTA EXT. ALMOF. CEDRO 0,70 X 2,10;2015;2018;4;124.0;280.44;126.17;13.53;99.21;⚠️ Pressão de demanda — subiu acima do IPCA
CONECTOR HASTE TERRA;2015;2021;6;1.16;3.14;170.69;36.22;99.14;⚠️ Pressão de demanda — subiu acima do IPCA
CONSERTO DE PNEU;2015;2023;6;10.0;30.0;200.0;50.77;99.0;⚠️ Pressão de demanda — subiu acima do IPCA
REGISTRO PVC ESFERA 32MM;2015;2021;6;7.0;18.95;170.71;36.22;98.71;⚠️ Pressão de demanda — subiu acima do IPCA
MILHO VERDE PRÉ-COZIDO;2015;2021;6;1.19;3.22;170.59;36.22;98.32;⚠️ Pressão de demanda — subiu acima do IPCA
PASTA DAGUA 90GR;2016;2020;4;2.75;6.35;131.02;16.45;98.07;⚠️ Pressão de demanda — subiu acima do IPCA
CANETA MARCA TEXTO;2015;2021;5;1.0;2.7;170.0;36.22;98.0;⚠️ Pressão de demanda — subiu acima do IPCA
CJ TOMADA 10A 2P+T ABNT (INTERNA);2015;2021;6;3.86;10.4;169.78;36.22;97.92;⚠️ Pressão de demanda — subiu acima do IPCA
JUNTA DO SPRAY KAVO *;2022;2024;3;12.13;26.3;116.82;9.68;97.62;⚠️ Pressão de demanda — subiu acima do IPCA
TERMOSTATO AR COND. 1601.;2015;2018;4;28.5;63.89;124.18;13.53;97.47;⚠️ Pressão de demanda — subiu acima do IPCA
RECAUCHUTAGEM DE PNEU 275/80R22,5 LISO;2016;2021;6;253.56;641.52;153.01;28.16;97.42;⚠️ Pressão de demanda — subiu acima do IPCA
MOLHA DEDO CONTA FACIL;2018;2022;3;1.6;4.0;150.0;26.94;97.16;⚠️ Pressão de demanda — subiu acima do IPCA
ABACAXI EM CALDA;2015;2024;7;5.75;17.9;211.3;58.06;96.87;⚠️ Pressão de demanda — subiu acima do IPCA
BANDEJA DE PLÁSTICO OU POLIETILENO REFORÇADO;2016;2023;3;16.84;47.0;179.1;41.85;96.78;⚠️ Pressão de demanda — subiu acima do IPCA
CONE DE GUTA PERCHA MICROTIPPED TAMANHO F 28MM;2019;2024;3;24.0;62.99;162.46;33.47;96.6;⚠️ Pressão de demanda — subiu acima do IPCA
ROLO COMPACTADOR TEMA TERRA SP8000;2022;2025;4;10.95;24.61;124.75;14.35;96.51;⚠️ Pressão de demanda — subiu acima do IPCA
INTER. EMB 3 TEC-SIMPLES 008-ES;2015;2021;5;6.8;18.2;167.65;36.22;96.47;⚠️ Pressão de demanda — subiu acima do IPCA
COPO DA VALVULA DE ESCAPE STERMAX;2021;2025;5;44.69;106.2;137.64;20.97;96.43;⚠️ Pressão de demanda — subiu acima do IPCA
CABO PP 3 X 2,5MM;2015;2021;6;3.79;10.14;167.55;36.22;96.31;⚠️ Pressão de demanda — subiu acima do IPCA
CONFECÇÃO DE CARTAZ PUBLICITARIO 4X0 CORES PAPEL COUCHE.;2020;2024;4;0.34;0.84;147.06;27.7;96.3;⚠️ Pressão de demanda — subiu acima do IPCA
FARINHA DE CEREAIS;2015;2018;3;9.02;20.1;122.84;13.53;96.23;⚠️ Pressão de demanda — subiu acima do IPCA
REFLETIVOS GRAU ENGENHARIA BRANCO, VERDE, AMARELO, AZUL, VER;2017;2020;4;1780.0;3950.0;121.91;13.1;96.2;⚠️ Pressão de demanda — subiu acima do IPCA
LIXA PRETA D AGUA FOLHA G-120;2017;2020;3;0.79;1.75;121.52;13.1;95.83;⚠️ Pressão de demanda — subiu acima do IPCA
PLÁSTICO AUTOADESIVO TRANSPARENTE;2018;2021;4;39.5;92.8;134.94;19.99;95.83;⚠️ Pressão de demanda — subiu acima do IPCA
JANTAR;2019;2023;5;15.41;38.35;148.88;27.32;95.54;⚠️ Pressão de demanda — subiu acima do IPCA
RESERVATÓRIO PARA SABONETE LIQUIDO 630ML;2020;2024;4;8.0;19.97;149.62;27.7;95.51;⚠️ Pressão de demanda — subiu acima do IPCA
PLUGUE TOMADA MONO P/ EXTENSÃO ( MACHO);2015;2018;4;2.0;4.44;121.75;13.53;95.25;⚠️ Pressão de demanda — subiu acima do IPCA
CARRINHO DE MÃO PNEU/CAM.CAÇAMBA PVC;2017;2021;3;82.0;199.2;142.93;24.48;95.16;⚠️ Pressão de demanda — subiu acima do IPCA
CABO PP 3 X 1,5MM;2015;2021;6;2.57;6.82;165.37;36.22;94.94;⚠️ Pressão de demanda — subiu acima do IPCA
SINAN - INTOXICAÇÃO EXÓGENA - FRENTE E VERSO;2016;2020;4;2.71;6.15;126.94;16.45;94.9;⚠️ Pressão de demanda — subiu acima do IPCA
FIO ELÉTRICO TIPO RÍGIDO  BITOLA 2,5MM;2015;2018;4;0.56;1.24;121.43;13.53;94.64;⚠️ Pressão de demanda — subiu acima do IPCA
SUCO EM PÓ;2015;2017;3;0.55;1.17;112.73;9.43;94.55;⚠️ Pressão de demanda — subiu acima do IPCA
CARTUCHO SOLDA CONEXÃO EXOTÉRMICA, Nº 65;2015;2021;6;5.2;13.77;164.81;36.22;94.42;⚠️ Pressão de demanda — subiu acima do IPCA
BROMIDRATO DE FENOTEROL 5MG/ML SOLUÇÃO PARA INALAÇÃO 20ML;2015;2018;4;1.38;3.04;120.65;13.53;94.2;⚠️ Pressão de demanda — subiu acima do IPCA
ÁLCOOL 96% - LITRO.;2018;2025;6;4.2;11.83;181.67;45.15;94.05;⚠️ Pressão de demanda — subiu acima do IPCA
BASE DE SEIXO PARCIALMENTE BRITADO COM GRANULOMETRIA DE ATÉ 2'';2022;2024;3;62.25;132.5;112.85;9.68;94.04;⚠️ Pressão de demanda — subiu acima do IPCA
FORRO DE PINUS TRATADO 1ª;2020;2023;3;17.0;40.18;136.38;21.81;94.0;⚠️ Pressão de demanda — subiu acima do IPCA
ALIMENTO A BASE DE PROTEÍNA ISOLADA DE SOJA;2016;2019;3;16.2;35.0;116.05;11.41;93.9;⚠️ Pressão de demanda — subiu acima do IPCA
PULLOVER;2020;2025;3;74.62;192.6;158.12;33.14;93.86;⚠️ Pressão de demanda — subiu acima do IPCA
TOALHAS DE ROSTO COLORIDAS;2018;2021;3;5.99;13.93;132.55;19.99;93.75;⚠️ Pressão de demanda — subiu acima do IPCA
AMOXICILINA 250MG/5ML;2015;2018;3;1.59;3.5;120.13;13.53;93.71;⚠️ Pressão de demanda — subiu acima do IPCA
FOLHA DE ALUMÍNIO;2018;2023;3;3.25;8.35;156.92;32.8;93.71;⚠️ Pressão de demanda — subiu acima do IPCA
CREME DENTAL;2015;2023;5;1.25;3.65;192.0;50.77;93.6;⚠️ Pressão de demanda — subiu acima do IPCA
METILDOPA 250MG;2016;2020;4;0.17;0.37;120.9;16.45;93.55;⚠️ Pressão de demanda — subiu acima do IPCA
LIDOCAINA 2% + EPINEFRINA  1:100.000;2015;2018;3;1.22;2.68;119.12;13.53;93.44;⚠️ Pressão de demanda — subiu acima do IPCA
LIQUIDIFICADOR;2018;2024;6;194.75;524.35;169.24;39.22;93.39;⚠️ Pressão de demanda — subiu acima do IPCA
GRAMPOS PARA GRAMPEADOR 26/6;2018;2021;4;2.54;5.9;132.28;19.99;93.3;⚠️ Pressão de demanda — subiu acima do IPCA
LIVRO FISCAL PONTO;2015;2024;6;5.3;16.19;205.47;58.06;93.21;⚠️ Pressão de demanda — subiu acima do IPCA
TRAVESSEIRO EM FIBRA SILICONIZADA;2016;2021;3;19.99;49.5;147.62;28.16;93.2;⚠️ Pressão de demanda — subiu acima do IPCA
CABO DE COBRE, ISOLAMENTO 1KV, BITOLA 2,5 MM2;2015;2021;6;0.98;2.58;163.27;36.22;92.86;⚠️ Pressão de demanda — subiu acima do IPCA
SOLDA DE PRATA 0,5MM EM ROLO;2019;2025;6;43.5;116.72;168.32;39.16;92.84;⚠️ Pressão de demanda — subiu acima do IPCA
MASSA DE MODELAR MACIA;2015;2023;6;1.1;3.2;190.91;50.77;92.73;⚠️ Pressão de demanda — subiu acima do IPCA
RÉGUA ESCRITÓRIO.;2018;2024;5;0.47;1.25;165.96;39.22;92.68;⚠️ Pressão de demanda — subiu acima do IPCA
QUEIJO RALADO;2018;2023;4;2.49;6.35;155.02;32.8;92.24;⚠️ Pressão de demanda — subiu acima do IPCA
LUVA ELETRODUTO 1/2 PRETA;2015;2021;6;0.38;1.0;163.16;36.22;92.11;⚠️ Pressão de demanda — subiu acima do IPCA
RECAUCHUTAGEM DE PNEU 1100X22 LISO RADIAL;2016;2019;4;259.01;553.68;113.77;11.41;91.87;⚠️ Pressão de demanda — subiu acima do IPCA
NITROFURANTOÍNA 100MG CPR;2016;2020;4;0.13;0.28;117.05;16.45;91.67;⚠️ Pressão de demanda — subiu acima do IPCA
RETROESCAVADEIRA RANDON RD406B;2021;2024;4;17.0;37.75;122.06;16.03;91.37;⚠️ Pressão de demanda — subiu acima do IPCA
RABANETE;2018;2021;4;3.47;7.95;129.11;19.99;91.16;⚠️ Pressão de demanda — subiu acima do IPCA
SERINGA 5ML, SEM AGULHA;2018;2021;4;0.13;0.29;126.56;19.99;90.91;⚠️ Pressão de demanda — subiu acima do IPCA
PRATOS PLASTICO DESC MEDIO PC COM 10 UN;2021;2024;4;2.7;5.98;121.48;16.03;90.91;⚠️ Pressão de demanda — subiu acima do IPCA
LIMPADOR E DESINFETANTE DE USO GERAL A BASE DE QUARTENARIO D;2015;2021;4;11.9;30.9;159.66;36.22;90.59;⚠️ Pressão de demanda — subiu acima do IPCA
POLIDOR DE ACRILICO CHAMA GRANDE FINA;2021;2025;4;17.2;39.67;130.64;20.97;90.58;⚠️ Pressão de demanda — subiu acima do IPCA
POLIDOR DE ACRÍLICO  CHAMA GRANDE MÉDIO;2021;2025;4;17.2;39.67;130.64;20.97;90.58;⚠️ Pressão de demanda — subiu acima do IPCA
POLIDOR DE ACRÍLICO  OGIVA GRANDE MÉDIO;2021;2025;4;17.2;39.67;130.64;20.97;90.58;⚠️ Pressão de demanda — subiu acima do IPCA
CANETA CORRETIVO;2018;2021;4;3.0;6.85;128.33;19.99;90.53;⚠️ Pressão de demanda — subiu acima do IPCA
FACA;2017;2019;3;257.25;530.0;106.02;8.22;90.38;⚠️ Pressão de demanda — subiu acima do IPCA
VOLKSWAGEN GOL 1.0 FLEX 4P 1.0 2020;2020;2024;5;35.0;85.0;142.86;27.7;90.17;⚠️ Pressão de demanda — subiu acima do IPCA
SILICONE GEL PARA VEICULOS FRASCO DE 500 ML;2018;2021;3;7.23;16.5;128.22;19.99;90.11;⚠️ Pressão de demanda — subiu acima do IPCA
TAMPA DO SPRAY (R) KAVO;2022;2024;3;31.18;65.0;108.45;9.68;90.02;⚠️ Pressão de demanda — subiu acima do IPCA
AGRIÃO;2015;2024;10;1.5;4.5;200.0;58.06;90.0;⚠️ Pressão de demanda — subiu acima do IPCA
TÊ SOLDÁVEL 20MM;2015;2021;6;0.5;1.29;158.0;36.22;90.0;⚠️ Pressão de demanda — subiu acima do IPCA
PIMENTAO VERDE;2018;2024;3;3.95;10.45;164.56;39.22;89.94;⚠️ Pressão de demanda — subiu acima do IPCA
CARGA DE GÁS DE COZINHA P13;2015;2025;7;45.75;143.14;212.87;64.79;89.86;⚠️ Pressão de demanda — subiu acima do IPCA
LUVA LR AZUL COM BUCHA METAL 25 X 1/2;2015;2021;6;2.0;5.17;158.5;36.22;89.75;⚠️ Pressão de demanda — subiu acima do IPCA
PATCH PANEL CAT 05E 24 PORTAS;2016;2021;5;111.17;270.0;142.87;28.16;89.51;⚠️ Pressão de demanda — subiu acima do IPCA
PRANCHA DE EUCALIPTO BRUTA 4,00M X 0,20M X 0,08M;2015;2022;7;366.0;998.0;172.68;44.11;89.22;⚠️ Pressão de demanda — subiu acima do IPCA
MÃO DE OBRA MECÂNICA PARA EXECUTAR OS SERVIÇOS DE MANUTENÇÃO;2015;2019;4;31.18;69.75;123.7;18.42;88.9;⚠️ Pressão de demanda — subiu acima do IPCA
"FOLDER 297X21 3 DOBRAS - PAPEL COUCHE;  COR 4X0 COLORIDO, BR";2019;2022;3;0.11;0.24;118.18;21.69;88.89;⚠️ Pressão de demanda — subiu acima do IPCA
CONFECÇÃO DE CARTAZES, TAM. A3 EM PAPEL COUCHE BRILHO 150GR.;2020;2024;3;0.33;0.81;145.45;27.7;88.89;⚠️ Pressão de demanda — subiu acima do IPCA
POLIDOR DE ACRÍLICO  CHAMA GRANDE GROSSO;2021;2025;4;17.2;39.29;128.43;20.97;88.76;⚠️ Pressão de demanda — subiu acima do IPCA
ESTABILIZADOR 500 VA;2016;2020;4;122.73;269.67;119.73;16.45;88.69;⚠️ Pressão de demanda — subiu acima do IPCA
LIXA DAGUA PARA PINTURA, GRÃO 120;2015;2018;4;0.6;1.28;113.33;13.53;88.33;⚠️ Pressão de demanda — subiu acima do IPCA
SUPORTE DE FIXAÇÃO PARA CAIXA DE LUVAS;2015;2025;8;36.1;112.0;210.25;64.79;88.28;⚠️ Pressão de demanda — subiu acima do IPCA
MICROFONE;2016;2025;3;120.0;350.0;191.67;55.04;88.12;⚠️ Pressão de demanda — subiu acima do IPCA
FERRO CONSTRUÇÃO 1/2       12M;2015;2021;6;44.2;113.25;156.22;36.22;88.1;⚠️ Pressão de demanda — subiu acima do IPCA
RENAULT DUSTER DYNAMIQUE 1.6 16V FLEX 2019-2020;2020;2024;5;35.0;84.0;140.0;27.7;87.91;⚠️ Pressão de demanda — subiu acima do IPCA
COCHO DE MASSA PVC PRETO;2017;2021;3;4.5;10.5;133.33;24.48;87.59;⚠️ Pressão de demanda — subiu acima do IPCA
TIAMINA 300 MG;2015;2020;6;0.08;0.19;148.68;23.77;87.5;⚠️ Pressão de demanda — subiu acima do IPCA
FOLDER 57X21CM, 4X4 CORES EM COUCHE;2019;2023;4;0.29;0.68;134.48;27.32;87.5;⚠️ Pressão de demanda — subiu acima do IPCA
SULFAMETOXAZOL 200MG - TRIMETROPINA 40MG SOL ORAL 100ML;2019;2023;3;1.88;4.5;139.11;27.32;87.42;⚠️ Pressão de demanda — subiu acima do IPCA
PORTA INT. SEMI-OCA 0,80 X 2,10 PINUS;2015;2021;6;50.0;127.5;155.0;36.22;87.2;⚠️ Pressão de demanda — subiu acima do IPCA
TIJOLO 9F. - 24 X 14 X 11,5CM;2015;2021;6;0.39;1.0;156.41;36.22;87.18;⚠️ Pressão de demanda — subiu acima do IPCA
ENVELOPE SACO NA COR PARDA 162 X 229;2018;2021;4;21.0;47.1;124.29;19.99;86.92;⚠️ Pressão de demanda — subiu acima do IPCA
JANELA MAD. MISTA TIPO GUILHOTINA C/ VENEZIANA 1,00X1,10M FE;2015;2021;6;128.9;328.0;154.46;36.22;86.8;⚠️ Pressão de demanda — subiu acima do IPCA
SORO FISIOLÓGICO 250ML (SOLUÇÃO DE CLORETO DE SÓDIO 0,9%).;2015;2022;6;2.24;6.02;168.75;44.11;86.61;⚠️ Pressão de demanda — subiu acima do IPCA
LIXA FERRO, GRÃO 40;2015;2018;4;1.19;2.52;111.76;13.53;86.55;⚠️ Pressão de demanda — subiu acima do IPCA
PÁ CARREGADEIRA NEW HOLLAND W130;2022;2025;4;12.9;27.5;113.18;14.35;86.48;⚠️ Pressão de demanda — subiu acima do IPCA
TERMOSTATO BIMETALICO 250 GRAUS;2022;2025;4;128.6;274.2;113.21;14.35;86.45;⚠️ Pressão de demanda — subiu acima do IPCA
TINTA ACRÍLICA SEMI BRILHO PADRÃO CBMSC BRANCA 3,6 L;2018;2021;3;46.5;104.0;123.66;19.99;86.4;⚠️ Pressão de demanda — subiu acima do IPCA
COLORAU;2015;2024;9;4.73;13.92;194.29;58.06;86.26;⚠️ Pressão de demanda — subiu acima do IPCA
COMINHO MOÍDO;2018;2024;5;2.88;7.48;159.72;39.22;86.22;⚠️ Pressão de demanda — subiu acima do IPCA
CAPACITOR PARA GELADEIRA E FREEZER;2017;2022;3;36.75;90.0;144.9;31.69;85.97;⚠️ Pressão de demanda — subiu acima do IPCA
CAIXA EM PAPELÃO PARA ARQUIVO MORTO.;2019;2021;3;1.17;2.5;112.77;15.03;85.86;⚠️ Pressão de demanda — subiu acima do IPCA
BUCHA REDUÇÃO ROSCAVEL 2 X 1.1/2 PVC;2015;2021;6;9.94;25.15;153.02;36.22;85.71;⚠️ Pressão de demanda — subiu acima do IPCA
ENVELOPE BRANCO OFÍCIO 23CM X 11,5CM;2016;2018;3;0.07;0.15;114.29;6.81;85.71;⚠️ Pressão de demanda — subiu acima do IPCA
TELA GALVANIZADA ARAME 12 MALHA 10 TRANÇADA;2015;2021;6;13.05;33.0;152.87;36.22;85.67;⚠️ Pressão de demanda — subiu acima do IPCA
AREIA LAVADA MÉDIA;2015;2021;6;35.0;88.5;152.86;36.22;85.63;⚠️ Pressão de demanda — subiu acima do IPCA
ROLDANA DE PORCELANA 76X79MM, PARA ARMAÇÃO SECUNDÁRIA;2015;2021;5;2.57;6.5;152.92;36.22;85.6;⚠️ Pressão de demanda — subiu acima do IPCA
CAP ESGOTO  40MM;2015;2021;6;0.9;2.28;153.33;36.22;85.56;⚠️ Pressão de demanda — subiu acima do IPCA
MARACUJA;2018;2024;4;4.97;12.83;158.15;39.22;85.39;⚠️ Pressão de demanda — subiu acima do IPCA
TELA DE PROJEÇÃO COM TRIPÉ;2018;2021;3;379.0;840.0;121.64;19.99;84.72;⚠️ Pressão de demanda — subiu acima do IPCA
ÓLEO DE SOJA NÃO TRANSGÊNICO;2018;2021;3;4.0;8.85;121.25;19.99;84.66;⚠️ Pressão de demanda — subiu acima do IPCA
LARANJA POKAN;2015;2021;7;1.63;4.1;151.53;36.22;84.66;⚠️ Pressão de demanda — subiu acima do IPCA
TINTA ACRÍLICA SEMI BRILHO PADRÃO CBMSC BRANCA 18 L;2018;2021;3;195.0;432.0;121.54;19.99;84.64;⚠️ Pressão de demanda — subiu acima do IPCA
ESPINAFRE.;2018;2024;3;2.8;7.2;157.14;39.22;84.62;⚠️ Pressão de demanda — subiu acima do IPCA
BALDE COM SEPARADOR DE PARTÍCULAS 19L;2021;2024;3;53.7;115.0;114.15;16.03;84.58;⚠️ Pressão de demanda — subiu acima do IPCA
TE REDUÇÃO SOLD. 50 X 25MM;2015;2021;6;3.5;8.8;151.43;36.22;84.57;⚠️ Pressão de demanda — subiu acima do IPCA
VIDRO COMUM 6MM FUMÊ;2021;2024;3;182.1;389.71;114.0;16.03;84.44;⚠️ Pressão de demanda — subiu acima do IPCA
ANUSCÓPIO FECHADO;2018;2024;5;1.38;3.56;157.97;39.22;84.43;⚠️ Pressão de demanda — subiu acima do IPCA
COLORÍFICO - NA CENTRAL;2019;2023;3;5.32;12.49;134.77;27.32;84.41;⚠️ Pressão de demanda — subiu acima do IPCA
ARMAÇÃO SECUNDÁRIA AR 22 GALVANIZADA A FOGO;2018;2021;4;15.98;35.32;121.03;19.99;84.16;⚠️ Pressão de demanda — subiu acima do IPCA
FITA CREPE 50MM X 50MT;2015;2021;6;6.3;15.8;150.79;36.22;84.13;⚠️ Pressão de demanda — subiu acima do IPCA
JOELHO HIDRAÚLICO PARA ESGOTO  40 X 45º;2015;2021;6;1.0;2.5;150.0;36.22;84.0;⚠️ Pressão de demanda — subiu acima do IPCA
MASSA PARA LASANHA;2015;2017;3;4.81;9.69;101.46;9.43;83.99;⚠️ Pressão de demanda — subiu acima do IPCA
SUGADOR DE SALIVA C/ REG GNATUS;2022;2025;4;52.45;110.2;110.09;14.35;83.71;⚠️ Pressão de demanda — subiu acima do IPCA
MACARRÃO TIPO ESPAGUETE INTEGRAL;2018;2023;4;2.89;7.05;143.94;32.8;83.53;⚠️ Pressão de demanda — subiu acima do IPCA
ALFACE AMERICANA;2019;2023;5;1.65;3.84;132.73;27.32;83.45;⚠️ Pressão de demanda — subiu acima do IPCA
APOIO TERMINAL ARO/JATO/SUG. VENTURI CINZA;2020;2024;4;16.35;38.3;134.25;27.7;83.42;⚠️ Pressão de demanda — subiu acima do IPCA
IMPRESSORA LASER MONOCROMATICA;2016;2020;3;685.0;1463.0;113.58;16.45;83.41;⚠️ Pressão de demanda — subiu acima do IPCA
FARINHA DE MANDIOCA TORRADA;2015;2025;4;2.05;6.2;202.44;64.79;83.41;⚠️ Pressão de demanda — subiu acima do IPCA
PARAFUSO FZ 4,2 X 38;2015;2021;6;0.06;0.15;150.0;36.22;83.33;⚠️ Pressão de demanda — subiu acima do IPCA
CONJUNTO DE PORCA GAIOLA;2016;2021;6;0.89;2.1;135.96;28.16;83.33;⚠️ Pressão de demanda — subiu acima do IPCA
CILINDRO FECHADURA 735/835 LC;2015;2018;4;13.99;29.08;107.9;13.53;83.13;⚠️ Pressão de demanda — subiu acima do IPCA
LIXA DAGUA Nº 100 A 400;2015;2021;5;0.88;2.2;148.59;36.22;83.05;⚠️ Pressão de demanda — subiu acima do IPCA
CARNE BOVINA CORTE FRALDINHA;2018;2021;4;20.95;46.0;119.57;19.99;83.04;⚠️ Pressão de demanda — subiu acima do IPCA
ESTILETE PROFISSIONAL 6POLEGADAS;2021;2023;3;3.6;7.29;102.5;10.68;82.99;⚠️ Pressão de demanda — subiu acima do IPCA
BPA INDIVIDUALIAZADO 2 VIAS AUTOCOPIATIVO;2016;2023;3;6.4;16.6;159.38;41.85;82.89;⚠️ Pressão de demanda — subiu acima do IPCA
GELADEIRA COMERCIAL EM AÇO INOXIDÁVEL 4 PORTAS;2019;2021;3;3970.0;8350.0;110.33;15.03;82.84;⚠️ Pressão de demanda — subiu acima do IPCA
MANGUEIRA JARDIM 20MT 1/2 (BORRACHA);2015;2021;6;23.5;58.52;149.02;36.22;82.81;⚠️ Pressão de demanda — subiu acima do IPCA
TINTA EPÓXI 3,6 LITROS A BASE DE ÁGUA;2015;2021;6;84.5;210.0;148.52;36.22;82.44;⚠️ Pressão de demanda — subiu acima do IPCA
ESCOVA DE POLIMENTO FELTRO 22MM;2021;2025;4;9.2;20.28;120.43;20.97;82.37;⚠️ Pressão de demanda — subiu acima do IPCA
ARROZ;2015;2025;9;1.84;5.54;200.82;64.79;82.34;⚠️ Pressão de demanda — subiu acima do IPCA
RESISTÊNCIA 220V;2017;2022;3;62.5;150.0;140.0;31.69;82.26;⚠️ Pressão de demanda — subiu acima do IPCA
SORO FISIOLÓGICO 100ML (SOLUÇÃO DE CLORETO DE SÓDIO 0,9%).;2015;2022;6;2.02;5.3;162.38;44.11;82.18;⚠️ Pressão de demanda — subiu acima do IPCA
BISCOITO SALGADO INTEGRAL - SEM LEITE;2018;2021;4;8.56;18.7;118.46;19.99;82.1;⚠️ Pressão de demanda — subiu acima do IPCA
BEBIDA LÁCTEA COM IOGURTE E POLPA DE FRUTAS;2018;2024;5;2.28;5.79;153.95;39.22;82.09;⚠️ Pressão de demanda — subiu acima do IPCA
LUVA ESGOTO 150MM;2015;2021;6;8.65;21.45;147.98;36.22;82.08;⚠️ Pressão de demanda — subiu acima do IPCA
BULE DE 3 LITROS DE ALUMINIO;2015;2024;6;33.8;97.26;187.75;58.06;82.04;⚠️ Pressão de demanda — subiu acima do IPCA
REATOR ELETR. 2X20W ALTO FATOR;2015;2017;3;11.0;21.9;99.09;9.43;81.91;⚠️ Pressão de demanda — subiu acima do IPCA
PRESUNTO SUÍNO;2015;2021;7;16.55;41.0;147.73;36.22;81.87;⚠️ Pressão de demanda — subiu acima do IPCA
VERDE FOLHA SINT. 3,6L;2019;2021;3;61.66;129.0;109.21;15.03;81.87;⚠️ Pressão de demanda — subiu acima do IPCA
PIOGLITAZONA 30MG;2016;2019;3;0.99;2.0;102.02;11.41;81.72;⚠️ Pressão de demanda — subiu acima do IPCA
TOALHA DE LAVABO;2017;2021;4;2.99;6.75;125.75;24.48;81.68;⚠️ Pressão de demanda — subiu acima do IPCA
FONTE ALIMENTAÇÃO REF. SKYNET (PROFI NEO);2022;2025;4;361.11;750.0;107.69;14.35;81.63;⚠️ Pressão de demanda — subiu acima do IPCA
ESCOVA DE POLIMENTO PELO DE CABRA COM COURO CHAMOIS;2021;2025;4;11.18;24.57;119.77;20.97;81.61;⚠️ Pressão de demanda — subiu acima do IPCA
ANEL DE VEDAÇÃO DA PORTA ALT;2022;2024;3;128.6;256.0;99.06;9.68;81.49;⚠️ Pressão de demanda — subiu acima do IPCA
PAPEL FILME PVC. ROLO 30M;2019;2025;3;6.15;15.51;152.2;39.16;81.31;⚠️ Pressão de demanda — subiu acima do IPCA
GLICOSE 25% , AMPOLA 10ML.;2019;2024;5;0.19;0.46;141.0;33.47;81.25;⚠️ Pressão de demanda — subiu acima do IPCA
APARELHO ULTRA-SOM (PROFILAXIA) PARA ODONTOLOGIA;2019;2024;3;1700.0;4110.0;141.76;33.47;81.13;⚠️ Pressão de demanda — subiu acima do IPCA
CONDICIONADOR;2015;2023;5;4.8;13.1;172.92;50.77;81.04;⚠️ Pressão de demanda — subiu acima do IPCA
CABO DE COBRE, ISOLAMENTO 1KV, BITOLA 4 MM2;2015;2021;6;1.47;3.62;146.26;36.22;80.95;⚠️ Pressão de demanda — subiu acima do IPCA
DAMPER CONTROLE;2017;2022;3;37.79;90.0;138.16;31.69;80.86;⚠️ Pressão de demanda — subiu acima do IPCA
PILHAS AA;2018;2021;4;2.49;5.4;116.87;19.99;80.82;⚠️ Pressão de demanda — subiu acima do IPCA
VISTA PARA ESQUADRIA 7 X 1CM (CEDRO) JOGO PARA CADA LADO C/;2015;2021;6;19.9;49.0;146.23;36.22;80.75;⚠️ Pressão de demanda — subiu acima do IPCA
CENTRO DISTRIB. PVC EXT. P/ 12  A 16 DISJUNTORES;2015;2021;6;34.9;85.9;146.13;36.22;80.69;⚠️ Pressão de demanda — subiu acima do IPCA
SHAMPOO 5 LITROS;2016;2023;6;27.51;70.5;156.27;41.85;80.68;⚠️ Pressão de demanda — subiu acima do IPCA
VINAGRE DE VINHO;2019;2021;3;3.24;6.74;108.02;15.03;80.66;⚠️ Pressão de demanda — subiu acima do IPCA
FARINHA DE MANDIOCA;2015;2025;10;1.75;5.19;197.15;64.79;80.15;⚠️ Pressão de demanda — subiu acima do IPCA
FOLHETO 10,5X19,5CM EM COUCHE;2019;2023;4;0.06;0.14;141.38;27.32;80.0;⚠️ Pressão de demanda — subiu acima do IPCA
SELADOR ACRÍLICO - BALDE 18 LITROS;2015;2021;6;32.8;80.4;145.12;36.22;79.94;⚠️ Pressão de demanda — subiu acima do IPCA
REPARO PARA VÁLVULA DESCARGA;2015;2021;6;13.8;33.8;144.93;36.22;79.78;⚠️ Pressão de demanda — subiu acima do IPCA
ESPÁTULA PARA GESSO DE INOX;2020;2025;6;4.75;11.36;139.16;33.14;79.43;⚠️ Pressão de demanda — subiu acima do IPCA
ACELADOR SECAGEM PU 900ML;2018;2021;4;30.69;66.0;115.05;19.99;79.25;⚠️ Pressão de demanda — subiu acima do IPCA
PÊSSEGO EM CALDA.;2015;2019;4;5.18;10.99;112.16;18.42;79.15;⚠️ Pressão de demanda — subiu acima do IPCA
BANANA CATURRA;2015;2021;5;1.58;3.85;143.67;36.22;79.11;⚠️ Pressão de demanda — subiu acima do IPCA
DOCE DE FRUTAS.;2015;2017;3;2.19;4.29;95.89;9.43;79.0;⚠️ Pressão de demanda — subiu acima do IPCA
LIXA FERRO, GRÃO 60.;2015;2018;4;1.19;2.42;103.36;13.53;78.99;⚠️ Pressão de demanda — subiu acima do IPCA
PREGO FORRO GALV. 13 X 10;2015;2021;6;10.99;26.8;143.86;36.22;78.98;⚠️ Pressão de demanda — subiu acima do IPCA
BOCAL BAQUELITE TETO RETO PRETO;2016;2021;5;2.27;5.22;129.96;28.16;78.97;⚠️ Pressão de demanda — subiu acima do IPCA
CABO P/ ESPELHO ODONTOLOGICO;2015;2024;8;3.57;10.09;182.63;58.06;78.71;⚠️ Pressão de demanda — subiu acima do IPCA
CONSENTIMENTO INFORMADO - 2 VIAS AUTOCOPIATIVO;2016;2023;3;6.31;16.0;153.57;41.85;78.62;⚠️ Pressão de demanda — subiu acima do IPCA
"FERMENTO EM PÓ QUÍMICO;";2015;2024;5;9.75;27.5;182.05;58.06;78.46;⚠️ Pressão de demanda — subiu acima do IPCA
SHAMPOO 350ML;2015;2022;6;3.48;8.95;157.18;44.11;78.45;⚠️ Pressão de demanda — subiu acima do IPCA
SUP. PONTAS EQ SYNCRUS GNATUS;2021;2024;4;31.78;65.8;107.05;16.03;78.44;⚠️ Pressão de demanda — subiu acima do IPCA
MANIPULO STERMAX ROSCA TRAPEZOIDAL - M12;2021;2025;5;83.42;180.0;115.78;20.97;78.36;⚠️ Pressão de demanda — subiu acima do IPCA
VALVULA DE SUCÇÃO 2008 (2 SAIDAS 3,3);2021;2025;5;85.4;184.2;115.69;20.97;78.31;⚠️ Pressão de demanda — subiu acima do IPCA
FEIJÃO VERMELHO: TIPO 2;2018;2022;3;4.48;10.15;126.56;26.94;78.23;⚠️ Pressão de demanda — subiu acima do IPCA
QUEIJO TIPO MUSSARELA;2018;2024;5;16.69;41.4;148.05;39.22;78.16;⚠️ Pressão de demanda — subiu acima do IPCA
BONE;2020;2025;4;25.54;60.6;137.23;33.14;78.15;⚠️ Pressão de demanda — subiu acima do IPCA
PORTA CANETA;2015;2018;4;6.9;13.95;102.17;13.53;78.12;⚠️ Pressão de demanda — subiu acima do IPCA
FECHADURA PARA WC;2015;2021;6;12.2;29.6;142.62;36.22;78.11;⚠️ Pressão de demanda — subiu acima do IPCA
MOTOSSERRA À GASOLINA, COM POTÊNCIA DE NO MÍNIMO 3,5CV, COM TANQUE DE COMBUSTÍVEL, SISTEMA ANTI VIBRATÓRIO E SABRE DE 40CM;2022;2025;3;1374.99;2799.0;103.57;14.35;78.02;⚠️ Pressão de demanda — subiu acima do IPCA
CONE DE GUTA PERCHA MICROTIPPED TAMANHO FM  28MM;2019;2024;3;24.0;56.99;137.46;33.47;77.9;⚠️ Pressão de demanda — subiu acima do IPCA
ESTETOSCÓPIO ADULTO;2019;2021;3;46.0;94.07;104.5;15.03;77.81;⚠️ Pressão de demanda — subiu acima do IPCA
BISCOITO DOCE;2015;2021;5;2.19;5.3;142.01;36.22;77.63;⚠️ Pressão de demanda — subiu acima do IPCA
CALCA OPERACIONAL;2020;2025;3;88.27;208.3;135.97;33.14;77.23;⚠️ Pressão de demanda — subiu acima do IPCA
MASSA CORRIDA PVA CONTENDO 18L;2015;2021;6;39.98;96.5;141.37;36.22;77.19;⚠️ Pressão de demanda — subiu acima do IPCA
KETCHUP;2019;2021;3;5.34;10.89;103.93;15.03;77.16;⚠️ Pressão de demanda — subiu acima do IPCA
BOLACHA ÁGUA E SAL;2015;2024;9;2.23;6.25;180.27;58.06;77.13;⚠️ Pressão de demanda — subiu acima do IPCA
SUCO DE NÉCTAR DE FRUTAS;2018;2023;4;2.98;6.99;134.56;32.8;77.1;⚠️ Pressão de demanda — subiu acima do IPCA
FIO DENTAL.;2015;2023;7;3.13;8.35;166.77;50.77;77.0;⚠️ Pressão de demanda — subiu acima do IPCA
CONE DE PAPEL ABSORVENTE ESTERIL Nº 40;2015;2025;8;17.76;51.79;191.61;64.79;76.97;⚠️ Pressão de demanda — subiu acima do IPCA
CUMEEIRA DE AMIANTO PARA TELHADO 4MM X 0,50 (PAR);2015;2021;6;4.99;12.02;140.88;36.22;76.75;⚠️ Pressão de demanda — subiu acima do IPCA
MÓDULOS PARA GELADEIRA E FREEZER;2017;2022;3;94.51;220.0;132.78;31.69;76.75;⚠️ Pressão de demanda — subiu acima do IPCA
COUVE FLOR.;2015;2024;7;2.99;8.35;179.26;58.06;76.59;⚠️ Pressão de demanda — subiu acima do IPCA
RECAUCHUTAGEM DE PNEU 1300X24 12 LONAS;2015;2021;7;718.45;1727.55;140.46;36.22;76.52;⚠️ Pressão de demanda — subiu acima do IPCA
DOCE DE FRUTAS SORTIDO;2015;2025;6;5.89;17.1;190.32;64.79;76.23;⚠️ Pressão de demanda — subiu acima do IPCA
CAIXA ORGANIZADORA  CAPAC. 10 LT;2020;2023;3;17.7;38.0;114.69;21.81;76.22;⚠️ Pressão de demanda — subiu acima do IPCA
CANDESARTANA CILEXETIL + HIDROCLOROTIAZIDA 16/12,5MG;2016;2019;3;0.71;1.4;97.18;11.41;76.12;⚠️ Pressão de demanda — subiu acima do IPCA
RECAUCHUTAGEM DE PNEU 1000X20  BORRACHUDO DIAGONAL;2016;2021;6;253.56;572.22;125.67;28.16;76.09;⚠️ Pressão de demanda — subiu acima do IPCA
TAMPAS DE BOCA DE LOBO;2022;2024;3;145.0;280.0;93.1;9.68;76.06;⚠️ Pressão de demanda — subiu acima do IPCA
TÁBUA (PLACA DE CORTE);2017;2023;3;30.8;74.69;142.5;37.78;75.99;⚠️ Pressão de demanda — subiu acima do IPCA
ISQUEIRO A GÁS;2020;2025;5;3.5;8.2;134.29;33.14;75.97;⚠️ Pressão de demanda — subiu acima do IPCA
LUVA LR 20 X 1/2;2015;2021;6;0.6;1.44;139.17;36.22;75.83;⚠️ Pressão de demanda — subiu acima do IPCA
ALFACE CRESPA.;2015;2025;6;1.2;3.48;189.58;64.79;75.83;⚠️ Pressão de demanda — subiu acima do IPCA
ENGATE FLEXIVEL 40CM 1/2 PLASTICO;2016;2020;3;1.71;3.5;104.68;16.45;75.78;⚠️ Pressão de demanda — subiu acima do IPCA
KIT BANDEJA AUXILIAR PLASTICA;2016;2022;4;166.11;395.7;138.21;35.58;75.7;⚠️ Pressão de demanda — subiu acima do IPCA
COLETOR DE MATERIAL PERFURO CORTANTE;2015;2021;4;14.4;34.45;139.24;36.22;75.62;⚠️ Pressão de demanda — subiu acima do IPCA
LIVRO ATA 200 FOLHAS;2015;2018;4;15.0;29.9;99.33;13.53;75.6;⚠️ Pressão de demanda — subiu acima do IPCA
ÓLEO DE SOJA - NA CENTRAL;2018;2021;3;3.44;7.25;110.76;19.99;75.58;⚠️ Pressão de demanda — subiu acima do IPCA
MAMAO;2015;2025;9;3.15;9.1;189.19;64.79;75.58;⚠️ Pressão de demanda — subiu acima do IPCA
LIXA FERRO, GRÃO 100;2015;2018;4;1.1;2.19;99.09;13.53;75.45;⚠️ Pressão de demanda — subiu acima do IPCA
TALA DE PAPELÃO 70X20;2019;2023;5;9.85;22.0;123.35;27.32;75.36;⚠️ Pressão de demanda — subiu acima do IPCA
BOLO SIMPLES;2015;2023;6;14.2;37.5;164.05;50.77;75.14;⚠️ Pressão de demanda — subiu acima do IPCA
ETIQUETA IDENTIFICAÇÃO PONTO DE REDE;2015;2018;3;0.2;0.4;100.0;13.53;75.0;⚠️ Pressão de demanda — subiu acima do IPCA
LIXA DAGUA PARA PINTURA, GRÃO 100;2015;2018;4;0.6;1.19;99.17;13.53;75.0;⚠️ Pressão de demanda — subiu acima do IPCA
CANELA EM PÓ.;2015;2019;3;1.88;3.9;107.45;18.42;75.0;⚠️ Pressão de demanda — subiu acima do IPCA
ATENOLOL 100MG CPR;2016;2019;3;0.04;0.08;83.33;11.41;75.0;⚠️ Pressão de demanda — subiu acima do IPCA
ESCOVA DE AÇO PARA LIMPEZA DE BROCAS;2020;2025;5;4.5;10.49;133.11;33.14;75.0;⚠️ Pressão de demanda — subiu acima do IPCA
DETERGENTE NEUTRO LÍQUIDO DE USO GERAL;2018;2021;4;4.9;10.3;110.2;19.99;75.0;⚠️ Pressão de demanda — subiu acima do IPCA
MAÇA FUGI;2015;2024;6;3.85;10.63;176.1;58.06;74.81;⚠️ Pressão de demanda — subiu acima do IPCA
DOPAMINA 5MG/ML, INJETÁVEL, AMPOLA 10ML.;2019;2024;4;1.27;2.95;132.28;33.47;74.77;⚠️ Pressão de demanda — subiu acima do IPCA
TESOURA GRANDE;2015;2021;5;6.3;15.0;138.1;36.22;74.76;⚠️ Pressão de demanda — subiu acima do IPCA
CURVA ESGOTO CURTA  50 X 90º;2015;2021;6;3.2;7.62;138.12;36.22;74.69;⚠️ Pressão de demanda — subiu acima do IPCA
ESCOVA AÇO COM CABO, GRANDE PARA LIMPEZA DE METAL;2015;2018;4;4.7;9.32;98.19;13.53;74.47;⚠️ Pressão de demanda — subiu acima do IPCA
DISJUNTOR HYRAX;2020;2023;4;80.0;170.0;112.5;21.81;74.43;⚠️ Pressão de demanda — subiu acima do IPCA
MILHO PARA PIPOCA.;2015;2019;4;1.72;3.55;106.4;18.42;74.42;⚠️ Pressão de demanda — subiu acima do IPCA
GARRAFA TÉRMICA 1,8L;2015;2021;5;46.0;109.15;137.28;36.22;74.2;⚠️ Pressão de demanda — subiu acima do IPCA
TE ESGOTO REDUÇÃO 100X50MM;2015;2018;4;3.99;7.88;97.49;13.53;73.93;⚠️ Pressão de demanda — subiu acima do IPCA
ADAPTADOR 1 ½ POLEGADAS.;2019;2021;3;27.0;54.0;100.0;15.03;73.86;⚠️ Pressão de demanda — subiu acima do IPCA
HASTE FLEXÍVEL DE ALGODÃO.;2015;2024;7;0.72;1.98;175.0;58.06;73.61;⚠️ Pressão de demanda — subiu acima do IPCA
PASTILHAS DE DETERGENTE PARA FORNO RATIONAL  SELF COOKING CE;2018;2024;3;360.0;870.0;141.67;39.22;73.58;⚠️ Pressão de demanda — subiu acima do IPCA
LIVRO DIDÁTICO DA HISTÓRIA DE CRICIÚMA;2019;2022;3;10.9;23.0;111.01;21.69;73.48;⚠️ Pressão de demanda — subiu acima do IPCA
PLACA ADESIVADA EM OS 2MM, 40X30CM;2020;2023;3;10.89;23.0;111.2;21.81;73.41;⚠️ Pressão de demanda — subiu acima do IPCA
SUPORTE VEICULAR 1 KLS;2015;2023;7;12.0;31.36;161.35;50.77;73.33;⚠️ Pressão de demanda — subiu acima do IPCA
CONE DE PAPEL ABSORVENTE ESTERIL  N° 30;2017;2024;3;15.38;38.49;150.26;44.44;73.31;⚠️ Pressão de demanda — subiu acima do IPCA
GUACHE CORES BÁSICAS;2015;2023;8;1.46;3.82;161.64;50.77;73.29;⚠️ Pressão de demanda — subiu acima do IPCA
ANUSCÓPIO FENESTRADO;2018;2024;5;1.48;3.56;140.54;39.22;73.08;⚠️ Pressão de demanda — subiu acima do IPCA
AREIA LAVADA FINA;2016;2021;5;39.9;88.5;121.8;28.16;73.07;⚠️ Pressão de demanda — subiu acima do IPCA
FITA HIPOALÉRGICA MICROPOROSA;2018;2023;5;1.9;4.35;128.95;32.8;73.05;⚠️ Pressão de demanda — subiu acima do IPCA
PLACA CABEÇOTE DE LED OLSEN;2018;2025;6;352.75;885.7;151.08;45.15;72.98;⚠️ Pressão de demanda — subiu acima do IPCA
ABACAXI ESPINHO;2018;2024;4;4.15;10.0;140.96;39.22;72.95;⚠️ Pressão de demanda — subiu acima do IPCA
PLASTICO CONTACT;2015;2018;4;76.4;150.0;96.34;13.53;72.93;⚠️ Pressão de demanda — subiu acima do IPCA
GIZ DE CERA: TONS DE PELE;2020;2023;4;3.8;7.99;110.26;21.81;72.64;⚠️ Pressão de demanda — subiu acima do IPCA
BACON DEFUMADO EM PEDAÇOS;2018;2024;5;16.35;39.3;140.37;39.22;72.64;⚠️ Pressão de demanda — subiu acima do IPCA
MANG. SILICONE ADITIVO 6X12MM;2021;2024;4;37.24;74.6;100.32;16.03;72.64;⚠️ Pressão de demanda — subiu acima do IPCA
FERRO MECÂNICO 1/2          6M;2015;2021;6;27.65;64.94;134.86;36.22;72.41;⚠️ Pressão de demanda — subiu acima do IPCA
TERMO DE RESPONSABILIDADE - CAPS III;2016;2022;5;3.8;8.89;133.95;35.58;72.35;⚠️ Pressão de demanda — subiu acima do IPCA
CABO DE COBRE, ISOLAMENTO 1KV, BITOLA 6 MM2;2015;2021;6;2.06;4.84;134.95;36.22;72.33;⚠️ Pressão de demanda — subiu acima do IPCA
CARNE BOVINA: TATU;2018;2024;5;15.3;36.7;139.87;39.22;72.26;⚠️ Pressão de demanda — subiu acima do IPCA
PESSEGO;2018;2023;3;5.59;12.77;128.44;32.8;72.15;⚠️ Pressão de demanda — subiu acima do IPCA
CARBAMAZEPINA 20MG/ML SOL. ORAL 100 ML;2016;2019;3;4.95;9.5;91.92;11.41;72.1;⚠️ Pressão de demanda — subiu acima do IPCA
RIPA EUCALIPTO 1 X 2´´;2015;2021;6;0.68;1.6;135.29;36.22;72.06;⚠️ Pressão de demanda — subiu acima do IPCA
ARROZ POLIDO;2018;2024;5;2.63;6.3;139.54;39.22;71.98;⚠️ Pressão de demanda — subiu acima do IPCA
RECAUCHUTAGEM DE PNEU 900X20 BORRACHUDO RADIAL;2015;2021;7;265.82;621.72;133.89;36.22;71.7;⚠️ Pressão de demanda — subiu acima do IPCA
RECAUCHUTAGEM DE PNEU 1000X20  BORRACHUDO RADIAL;2015;2021;3;287.38;671.22;133.57;36.22;71.46;⚠️ Pressão de demanda — subiu acima do IPCA
ISOSSORBIDA, MONONITRATO 40MG CPR, EM BLISTER.;2019;2024;5;0.17;0.38;124.79;33.47;71.43;⚠️ Pressão de demanda — subiu acima do IPCA
TRINCO COM MOLA PARA PORTA DE VIDRO -  MODELO 1521A;2021;2024;3;34.87;69.35;98.87;16.03;71.41;⚠️ Pressão de demanda — subiu acima do IPCA
PLACA ENCAPSULADA COM EXPANSOR;2021;2023;3;105.42;200.0;89.72;10.68;71.4;⚠️ Pressão de demanda — subiu acima do IPCA
CRAVO DA INDIA;2018;2024;3;2.9;6.9;137.93;39.22;71.37;⚠️ Pressão de demanda — subiu acima do IPCA
SOBRECOXA DESOSSADA;2018;2024;7;9.07;21.64;138.59;39.22;71.34;⚠️ Pressão de demanda — subiu acima do IPCA
ELABORAÇÃO DE PROJETO ELÉTRICO DE CONSTRUÇÃO E REFORMA DE EDIFICAÇÕES;2022;2025;3;10.0;19.6;96.0;14.35;71.33;⚠️ Pressão de demanda — subiu acima do IPCA
BROXA NYLON PARA PINTURA NAS DIMENSÕES 12X5 CM. GRANDE;2015;2021;6;4.89;11.4;133.13;36.22;71.17;⚠️ Pressão de demanda — subiu acima do IPCA
FOLHA DE ISOPOR 2,5 MM;2019;2023;5;3.0;6.53;117.67;27.32;71.15;⚠️ Pressão de demanda — subiu acima do IPCA
SABÃO EM PÓ,  GRÃO AZUL, EM EMBALAGENS PLÁSTICAS  COM 1KG;2020;2024;3;4.8;10.49;118.54;27.7;71.13;⚠️ Pressão de demanda — subiu acima do IPCA
AMIODARONA 200 MG;2016;2019;4;0.26;0.48;84.54;11.41;70.83;⚠️ Pressão de demanda — subiu acima do IPCA
CABO DE COBRE, ISOLAMENTO 1KV, BITOLA 35 MM²;2015;2021;6;11.48;26.71;132.67;36.22;70.82;⚠️ Pressão de demanda — subiu acima do IPCA
CABO SINTENAX  2,5MM;2015;2021;6;0.99;2.3;132.32;36.22;70.71;⚠️ Pressão de demanda — subiu acima do IPCA
FRIGIDEIRA;2018;2025;4;58.5;144.9;147.69;45.15;70.64;⚠️ Pressão de demanda — subiu acima do IPCA
GIZ COLORIDO PLASTIFICADO;2015;2023;8;1.77;4.56;157.63;50.77;70.62;⚠️ Pressão de demanda — subiu acima do IPCA
RECAUCHUTAGEM DE PNEU 1000X20 LISO DIAGONAL;2016;2021;6;248.11;542.52;118.66;28.16;70.62;⚠️ Pressão de demanda — subiu acima do IPCA
PETIDINA, CLORIDRATO 50MG/ML INJETÁVEL, AMPOLA 2ML.;2019;2021;3;1.85;3.63;96.22;15.03;70.51;⚠️ Pressão de demanda — subiu acima do IPCA
ABRAÇADEIRA 3/4 MATERIAL DE CHAPA AÇO ZINCADO;2015;2018;4;0.39;0.76;93.59;13.53;70.51;⚠️ Pressão de demanda — subiu acima do IPCA
JAQUETA INTEGRAL CILINDRO S45/S55;2017;2025;7;148.0;380.0;156.76;50.59;70.5;⚠️ Pressão de demanda — subiu acima do IPCA
ASSENTO PARA VASO SANITÁRIO DE PLÁSTICO COM FORMATO OVAL;2015;2018;4;10.98;21.26;93.58;13.53;70.49;⚠️ Pressão de demanda — subiu acima do IPCA
ARROZ INTEGRAL;2015;2024;8;2.49;6.7;169.62;58.06;70.42;⚠️ Pressão de demanda — subiu acima do IPCA
PARAFUSO MÁQUINA CABEÇA QUADRADA COM PORCA 16X300MM, GALVANI;2018;2021;4;4.98;10.19;104.62;19.99;70.39;⚠️ Pressão de demanda — subiu acima do IPCA
TUBO CONCRETO 20CM (POROSO);2015;2021;6;15.95;37.01;132.04;36.22;70.34;⚠️ Pressão de demanda — subiu acima do IPCA
RECAUCHUTAGEM DE PNEU 750 X 16 BORRACHUDO;2016;2019;4;160.86;304.99;89.6;11.41;70.18;⚠️ Pressão de demanda — subiu acima do IPCA
RÉGUA ALUMÍNIO 2M X 5CM;2015;2021;6;21.8;50.5;131.65;36.22;70.05;⚠️ Pressão de demanda — subiu acima do IPCA
FORD RANGER XLT 3.2 TURBO DIESEL 4X4 AUT 2018;2020;2024;5;35.0;76.0;117.14;27.7;70.01;⚠️ Pressão de demanda — subiu acima do IPCA
ESTILETE LAMINA LARGA;2015;2018;4;1.4;2.7;92.86;13.53;70.0;⚠️ Pressão de demanda — subiu acima do IPCA
TOMADA EXTERNA UNIVERSAL 2P+T 10A ABNT;2015;2021;6;3.4;7.88;131.76;36.22;70.0;⚠️ Pressão de demanda — subiu acima do IPCA
ESFREGÃO DE AÇO;2019;2021;3;0.42;0.81;92.86;15.03;70.0;⚠️ Pressão de demanda — subiu acima do IPCA
TE SOLDÁVEL 40MM;2015;2021;6;2.99;6.92;131.27;36.22;69.9;⚠️ Pressão de demanda — subiu acima do IPCA
PÃO PARA CACHORRO QUENTE;2015;2024;9;0.33;0.89;169.7;58.06;69.7;⚠️ Pressão de demanda — subiu acima do IPCA
CENTRO DISTRIB. PVC INT. P/ 16 A 24 DISJUNTORES;2015;2021;6;45.0;104.0;131.11;36.22;69.67;⚠️ Pressão de demanda — subiu acima do IPCA
COLETOR INFANTIL COM FURO RECORTADO, UNISSEX, COM FURO OVAL;2015;2024;5;0.23;0.62;169.57;58.06;69.57;⚠️ Pressão de demanda — subiu acima do IPCA
CARIMBO EM ESTOJO AUTO ENTINTADO TAM. 3,8 X 1,4;2015;2019;4;9.46;19.0;100.85;18.42;69.56;⚠️ Pressão de demanda — subiu acima do IPCA
ABAIXADOR DE LÍNGUA EMBALADO INDIVIDUALMENTE;2021;2024;3;4.2;8.25;96.43;16.03;69.48;⚠️ Pressão de demanda — subiu acima do IPCA
"CANETA ESFEROGRAFICA AZUL;";2018;2021;3;0.44;0.9;104.55;19.99;69.23;⚠️ Pressão de demanda — subiu acima do IPCA
AIPIM;2015;2025;10;2.6;7.25;179.04;64.79;69.23;⚠️ Pressão de demanda — subiu acima do IPCA
CENTRO DISTRIB. FERRO P/  6 DISJUNTORES;2015;2021;6;17.98;41.44;130.48;36.22;69.19;⚠️ Pressão de demanda — subiu acima do IPCA
FENTANILA, CITRATO DE. 0,05MG/ML 10ML INJ. - EV;2016;2019;3;1.82;3.45;89.25;11.41;69.19;⚠️ Pressão de demanda — subiu acima do IPCA
DESINFETANTE DESENGORDURANTE - 5 LITROS;2018;2024;4;44.0;103.64;135.55;39.22;69.17;⚠️ Pressão de demanda — subiu acima do IPCA
ELETRODUTO FLEXÍVEL CORRUGADO  20MM AMARELO BITOLA 1/2;2015;2018;4;0.6;1.15;92.5;13.53;69.17;⚠️ Pressão de demanda — subiu acima do IPCA
ABOBRINHA VERDE;2018;2024;5;2.14;5.02;134.58;39.22;69.15;⚠️ Pressão de demanda — subiu acima do IPCA
CARNE BOVINA: MOÍDA;2018;2024;5;14.4;33.85;135.07;39.22;68.93;⚠️ Pressão de demanda — subiu acima do IPCA
SISTEMA OPERACIONAL;2017;2022;5;774.0;1720.16;122.24;31.69;68.76;⚠️ Pressão de demanda — subiu acima do IPCA
LEITE CONDENSADO;2015;2024;9;2.32;6.18;166.59;58.06;68.75;⚠️ Pressão de demanda — subiu acima do IPCA
ADESIVO EDUCAÇÃO DO CONDUTOR;2018;2021;3;0.54;1.1;103.7;19.99;68.75;⚠️ Pressão de demanda — subiu acima do IPCA
REDE DE SENSOR;2017;2022;3;40.5;90.0;122.22;31.69;68.74;⚠️ Pressão de demanda — subiu acima do IPCA
TE ESGOTO REDUÇÃO 100X75MM;2015;2018;4;4.99;9.54;91.28;13.53;68.54;⚠️ Pressão de demanda — subiu acima do IPCA
CREME PROTETOR SOLAR COM REPELENTE;2020;2023;4;11.2;22.99;105.27;21.81;68.51;⚠️ Pressão de demanda — subiu acima do IPCA
LIVRO DE PROTOCOLO 100 FLS;2015;2018;4;6.2;11.85;91.13;13.53;68.39;⚠️ Pressão de demanda — subiu acima do IPCA
RECAUCHUTAGEM DE PNEU 17,5X25 L3 16 LONAS;2015;2021;5;969.9;2222.55;129.15;36.22;68.22;⚠️ Pressão de demanda — subiu acima do IPCA
SAL;2015;2021;7;0.93;2.14;129.29;36.22;68.21;⚠️ Pressão de demanda — subiu acima do IPCA
PERFUME MASCULINO;2015;2023;5;20.9;53.0;153.59;50.77;68.18;⚠️ Pressão de demanda — subiu acima do IPCA
TE GALVANIZADO 1/2;2015;2021;6;3.99;9.14;129.07;36.22;68.17;⚠️ Pressão de demanda — subiu acima do IPCA
COLA BRANCA 110G;2015;2024;6;1.25;3.34;166.14;58.06;68.13;⚠️ Pressão de demanda — subiu acima do IPCA
CJ TOMADA TELEFONE RJ11 (INTERNA);2015;2021;6;5.1;11.68;129.02;36.22;68.04;⚠️ Pressão de demanda — subiu acima do IPCA
CONFECÇÃO DE CERTIFICADO TAM A4 EM PAPEL RECICLADO 180GR.;2020;2022;3;1.28;2.49;94.52;16.43;67.96;⚠️ Pressão de demanda — subiu acima do IPCA
FILÉ DE FRANGO CONGELADO IQF,  SASSAMI;2018;2025;6;10.15;24.74;143.74;45.15;67.9;⚠️ Pressão de demanda — subiu acima do IPCA
RETROESCAVADEIRA RANDON RD406;2021;2025;5;16.5;33.5;103.03;20.97;67.88;⚠️ Pressão de demanda — subiu acima do IPCA
SUPORTE DE SORO EM AÇO INOX,COM RODIZIOS,4 GANCHOS EM X;2017;2021;3;138.8;290.0;108.93;24.48;67.84;⚠️ Pressão de demanda — subiu acima do IPCA
LANCHE;2019;2025;5;5.48;12.81;133.76;39.16;67.82;⚠️ Pressão de demanda — subiu acima do IPCA
DOTS- PLANILHA ACOMPANHAMENTO DE TRATAMENTO;2016;2023;6;7.1;16.9;138.03;41.85;67.81;⚠️ Pressão de demanda — subiu acima do IPCA
CREME DE LEITE;2018;2024;7;2.75;6.42;133.45;39.22;67.77;⚠️ Pressão de demanda — subiu acima do IPCA
CONE GUTA PERCHA, #25/06 - 28MM;2020;2024;4;29.0;61.98;113.72;27.7;67.35;⚠️ Pressão de demanda — subiu acima do IPCA
AÇÚCAR BRANCO REFINADO 1KG;2019;2024;3;2.27;5.08;123.79;33.47;67.19;⚠️ Pressão de demanda — subiu acima do IPCA
TOUCA DESCARTÁVEL;2015;2024;6;5.75;15.19;164.17;58.06;67.13;⚠️ Pressão de demanda — subiu acima do IPCA
BARRA TRANSPALATINA;2021;2023;3;40.55;75.0;84.96;10.68;67.08;⚠️ Pressão de demanda — subiu acima do IPCA
PREGO COM CABEÇA 25X72,PACOTE DE 01 KG;2015;2018;4;6.12;11.6;89.54;13.53;66.99;⚠️ Pressão de demanda — subiu acima do IPCA
RUCULA;2015;2024;10;1.99;5.25;163.82;58.06;66.83;⚠️ Pressão de demanda — subiu acima do IPCA
CHUVEIRO ELÉTRICO,MATERIAL TERMO-PLÁSTICO,VARIAÇÕES DE TEMPE;2015;2018;4;19.99;37.83;89.24;13.53;66.68;⚠️ Pressão de demanda — subiu acima do IPCA
OMEPRAZOL 20 MG (EMBALAGEM EM BLISTER COM NO MÍNIMO 7 CÁPSUL;2016;2020;4;0.04;0.06;75.0;16.45;66.67;⚠️ Pressão de demanda — subiu acima do IPCA
SERVIÇO DE ASSESSORIA DE IMPRENSA E COMUNICAÇÃO INSTITUCIONAL PARA O 4º BATALHÃO DE BOMBEIROS MILITAR DE CRICIÚMA;2022;2025;3;1416.66;2700.0;90.59;14.35;66.67;⚠️ Pressão de demanda — subiu acima do IPCA
PROMETAZINA, CLORIDRATO 25MG;2015;2018;3;0.06;0.11;83.33;13.53;66.67;⚠️ Pressão de demanda — subiu acima do IPCA
CARBONATO DE LÍTIO 300 MG (BLISTER CONTENDO 10 OU 15 COMPRIM;2018;2020;3;0.21;0.37;75.0;9.02;66.67;⚠️ Pressão de demanda — subiu acima do IPCA
AMINOFILINA 100 MG;2015;2020;6;0.03;0.06;125.0;23.77;66.67;⚠️ Pressão de demanda — subiu acima do IPCA
REFRIGERANTE: SABOR COLA;2015;2017;3;3.02;5.5;82.12;9.43;66.56;⚠️ Pressão de demanda — subiu acima do IPCA
REFRIGERANTE: SABOR LIMÃO;2015;2017;3;3.02;5.5;82.12;9.43;66.56;⚠️ Pressão de demanda — subiu acima do IPCA
MOURÃO CONCRETO 2,50 CURVO;2015;2021;6;19.8;44.9;126.77;36.22;66.46;⚠️ Pressão de demanda — subiu acima do IPCA
VIDRO TEMPERADO INCOLOR COLOCADO 8 MM;2016;2019;4;157.0;291.0;85.35;11.41;66.37;⚠️ Pressão de demanda — subiu acima do IPCA
ACRILICO AUTOPOLIMERIZAVEL LIQUIDO;2015;2024;7;26.33;69.17;162.7;58.06;66.2;⚠️ Pressão de demanda — subiu acima do IPCA
DISPENSADOR DE SENHA MANUAL;2020;2024;3;165.0;349.99;112.12;27.7;66.1;⚠️ Pressão de demanda — subiu acima do IPCA
PASTA PARA TRATAMENTO DE ALVEOLITE - FR 10GR;2020;2022;3;19.0;36.74;93.37;16.43;66.06;⚠️ Pressão de demanda — subiu acima do IPCA
MÁQUINA DE SOLDA;2020;2024;5;689.0;1460.0;111.9;27.7;65.93;⚠️ Pressão de demanda — subiu acima do IPCA
CALCA;2015;2020;3;23.87;49.0;105.28;23.77;65.86;⚠️ Pressão de demanda — subiu acima do IPCA
VASSOURA GRAMA DE AÇO C/ CABO REGULÁVEL;2015;2021;6;12.0;27.06;125.5;36.22;65.5;⚠️ Pressão de demanda — subiu acima do IPCA
ENANTOATO DE NORETISTERONA + VALERATO DE ESTRADIOL 50+5MG/ML;2016;2020;4;6.0;11.55;92.5;16.45;65.43;⚠️ Pressão de demanda — subiu acima do IPCA
REGISTRO PVC ESFERA 20MM;2015;2021;6;4.0;9.01;125.25;36.22;65.38;⚠️ Pressão de demanda — subiu acima do IPCA
CERA AUTO BRILHO, PESO LIQUIDO MINIMO 750 ML, MÁXIMO 01 LITR;2021;2024;3;44.0;84.4;91.82;16.03;65.33;⚠️ Pressão de demanda — subiu acima do IPCA
DIFUSOR PARA EXTINTOR CO2;2015;2023;7;6.0;14.95;149.18;50.77;65.33;⚠️ Pressão de demanda — subiu acima do IPCA
COXA E SOBRECOXA DE FRANGO;2018;2024;7;6.5;14.96;130.15;39.22;65.1;⚠️ Pressão de demanda — subiu acima do IPCA
VAGEM;2015;2024;10;5.92;15.45;160.98;58.06;65.03;⚠️ Pressão de demanda — subiu acima do IPCA
ÁGUA DESTILADA GALÃO DE 5 LITROS PARA USO EM AUTOCLAVE;2015;2022;6;5.05;12.0;137.62;44.11;64.95;⚠️ Pressão de demanda — subiu acima do IPCA
TE ESGOTO 100MM;2015;2021;6;6.77;15.2;124.52;36.22;64.77;⚠️ Pressão de demanda — subiu acima do IPCA
CABO DE COBRE, ISOLAMENTO 1KV, BITOLA 10 MM2;2015;2021;6;3.48;7.81;124.43;36.22;64.66;⚠️ Pressão de demanda — subiu acima do IPCA
OVOS TIPO COLONIAL;2015;2024;7;3.9;10.14;160.0;58.06;64.62;⚠️ Pressão de demanda — subiu acima do IPCA
MONTAGEM DE DIVISÓRIAS (SEM FORNECIMENTO DE MATERIAL);2016;2020;5;16.8;32.2;91.67;16.45;64.58;⚠️ Pressão de demanda — subiu acima do IPCA
YAMAHA XTZ LANDER 250CC 2009;2019;2022;3;10.0;20.0;100.0;21.69;64.45;⚠️ Pressão de demanda — subiu acima do IPCA
TONER HP Q7553-A (2015A);2018;2022;5;598.6;1249.0;108.65;26.94;64.38;⚠️ Pressão de demanda — subiu acima do IPCA
CONE DE PAPEL ABSORVENTE  ESTERIL Nº 35;2015;2025;8;17.76;48.09;170.78;64.79;64.3;⚠️ Pressão de demanda — subiu acima do IPCA
MAIONESE;2015;2024;9;2.85;7.4;159.65;58.06;64.21;⚠️ Pressão de demanda — subiu acima do IPCA
SN1 C/ EQUIPLAN;2020;2023;4;140.0;280.0;100.0;21.81;64.19;⚠️ Pressão de demanda — subiu acima do IPCA
DISJUNTOR HAAS;2020;2023;4;75.0;150.0;100.0;21.81;64.17;⚠️ Pressão de demanda — subiu acima do IPCA
JOELHO DE COBRE 22MM X 1/2;2015;2021;6;9.93;22.2;123.56;36.22;64.15;⚠️ Pressão de demanda — subiu acima do IPCA
MOTONIVELADORA NEW HOLLAND RG170B;2021;2025;5;16.5;32.75;98.48;20.97;64.12;⚠️ Pressão de demanda — subiu acima do IPCA
METOCLOPRAMIDA 5MG/ML, INJETÁVEL, AMPOLA 2ML.;2019;2024;5;0.3;0.65;116.61;33.47;64.0;⚠️ Pressão de demanda — subiu acima do IPCA
LUVA PARA FORNO;2018;2024;5;12.7;29.0;128.35;39.22;63.99;⚠️ Pressão de demanda — subiu acima do IPCA
PREGO COM CABEÇA 19X36,PACOTE DE 01 KG;2015;2018;4;4.9;9.12;86.02;13.53;63.88;⚠️ Pressão de demanda — subiu acima do IPCA
ACHOCOLATADO;2015;2024;7;5.63;14.58;158.97;58.06;63.77;⚠️ Pressão de demanda — subiu acima do IPCA
ABRAÇADEIRA PVC ELETRODUTO 3/4;2015;2021;6;0.69;1.54;123.19;36.22;63.77;⚠️ Pressão de demanda — subiu acima do IPCA
OVOS DE GALINHA;2015;2021;5;2.89;6.45;123.18;36.22;63.67;⚠️ Pressão de demanda — subiu acima do IPCA
DICLOFENACO DE RESINATO 15MG/ML GOTAS 20 ML;2016;2019;3;1.52;2.77;82.24;11.41;63.64;⚠️ Pressão de demanda — subiu acima do IPCA
CONTRATAÇÃO DE SERVIÇOS DE ESTOFARIA COM FORNECIMENTO DAS PE;2018;2021;3;55.0;108.0;96.36;19.99;63.63;⚠️ Pressão de demanda — subiu acima do IPCA
GUARDANAPO DE PAPEL BRANCO;2020;2022;3;25.2;47.97;90.36;16.43;63.51;⚠️ Pressão de demanda — subiu acima do IPCA
PEDRA BRITA 3/4;2018;2021;3;52.0;102.0;96.15;19.99;63.49;⚠️ Pressão de demanda — subiu acima do IPCA
MASSA ACRÍLICA 18L;2015;2021;6;67.0;149.0;122.39;36.22;63.25;⚠️ Pressão de demanda — subiu acima do IPCA
ROLO ESPUMA 15CM C/ CABO;2015;2021;6;3.78;8.4;122.22;36.22;63.23;⚠️ Pressão de demanda — subiu acima do IPCA
AMEIXA FRESCA NACIONAL;2018;2024;5;6.49;14.75;127.27;39.22;63.11;⚠️ Pressão de demanda — subiu acima do IPCA
LIDOCAÍNA 2% GEL 30G;2015;2018;4;1.22;2.26;85.16;13.53;63.11;⚠️ Pressão de demanda — subiu acima do IPCA
ÁGUA SANITÁRIA;2018;2021;3;3.48;6.8;95.68;19.99;63.07;⚠️ Pressão de demanda — subiu acima do IPCA
MELANCIA;2015;2025;11;1.48;3.98;168.01;64.79;62.96;⚠️ Pressão de demanda — subiu acima do IPCA
DUREPOX 250GR;2015;2021;6;8.75;19.4;121.71;36.22;62.74;⚠️ Pressão de demanda — subiu acima do IPCA
TELHA S/ AMIANTO 1,53 X 1,10 X 5MM;2015;2021;6;16.7;37.0;121.56;36.22;62.63;⚠️ Pressão de demanda — subiu acima do IPCA
PORTA CADEADO FZ 4.1/2.;2015;2018;4;4.0;7.38;84.5;13.53;62.63;⚠️ Pressão de demanda — subiu acima do IPCA
SABONETE LÍQUIDO COM BICO DOSADOR PUMP;2019;2021;3;5.78;10.8;86.85;15.03;62.5;⚠️ Pressão de demanda — subiu acima do IPCA
CALCULADORA DE MESA 12 DIGITOS.;2018;2021;3;8.4;16.37;94.88;19.99;62.43;⚠️ Pressão de demanda — subiu acima do IPCA
DISCO DE CARBORUNDUM MARROM;2019;2025;6;9.0;20.33;125.89;39.16;62.37;⚠️ Pressão de demanda — subiu acima do IPCA
CABO DE COBRE, ISOLAMENTO 1KV, BITOLA 25 MM²;2015;2021;6;8.34;18.44;121.1;36.22;62.35;⚠️ Pressão de demanda — subiu acima do IPCA
BOLO DE ANIVERSÁRIO;2018;2024;5;27.6;62.33;125.83;39.22;62.2;⚠️ Pressão de demanda — subiu acima do IPCA
CABO PP, DE COBRE, BITOLA 4 X 2,5MM, ISOLAMENTO 1KV;2015;2021;6;3.93;8.68;120.87;36.22;62.09;⚠️ Pressão de demanda — subiu acima do IPCA
CAFÉ TORRADO MOÍDO, TRADICIONAL;2020;2022;3;9.48;17.88;88.61;16.43;62.01;⚠️ Pressão de demanda — subiu acima do IPCA
INTERMEDIARIA CONTRA ANGULO KAVO 1:1  MOD 500/INTRA*;2022;2025;4;188.96;350.0;85.23;14.35;61.98;⚠️ Pressão de demanda — subiu acima do IPCA
BANDEJA PVC P/ PINTURA 23CM,NAS DIMENSÕES 5X20,5X25CM PRETA;2015;2021;6;3.9;8.6;120.51;36.22;61.79;⚠️ Pressão de demanda — subiu acima do IPCA
AREIA DE LAGOA FINA;2015;2021;6;44.2;97.38;120.32;36.22;61.74;⚠️ Pressão de demanda — subiu acima do IPCA
PINCEL 2.½;2015;2019;5;2.3;4.41;91.74;18.42;61.74;⚠️ Pressão de demanda — subiu acima do IPCA
CABO DE COBRE, ISOLAMENTO 1KV, BITOLA 16 MM²;2015;2021;6;5.2;11.45;120.19;36.22;61.73;⚠️ Pressão de demanda — subiu acima do IPCA
PAPEL CARTÃO 180 GR/M2;2015;2023;4;0.47;1.14;142.55;50.77;61.7;⚠️ Pressão de demanda — subiu acima do IPCA
MASSA DE CALAFETAR ,COR CINZA;2015;2018;4;8.93;16.4;83.59;13.53;61.7;⚠️ Pressão de demanda — subiu acima do IPCA
PARAFUSO MÁQUINA CABEÇA QUADRADA COM PORCA 16X250MM, GALVANI;2018;2021;4;4.38;8.5;94.06;19.99;61.66;⚠️ Pressão de demanda — subiu acima do IPCA
LOURO;2015;2024;9;1.77;4.52;155.37;58.06;61.58;⚠️ Pressão de demanda — subiu acima do IPCA
APLICADOR DE DYCAL,  ANGULADO, DUPLO EM AÇO INOX;2023;2025;3;7.62;13.44;76.38;9.3;61.58;⚠️ Pressão de demanda — subiu acima do IPCA
CASCO PARA GÁS P45;2015;2025;8;419.0;1115.0;166.11;64.79;61.48;⚠️ Pressão de demanda — subiu acima do IPCA
RAMIPRIL 5MG;2016;2020;3;0.86;1.6;87.13;16.45;61.25;⚠️ Pressão de demanda — subiu acima do IPCA
BOLA DE HANDEBOL H3L;2022;2024;3;88.0;155.56;76.77;9.68;61.18;⚠️ Pressão de demanda — subiu acima do IPCA
FORRO DE PVC 100MM(CONFORME NBR 14285-PERFIL DE PVC RÍGIDOS;2018;2021;3;12.13;23.45;93.32;19.99;61.14;⚠️ Pressão de demanda — subiu acima do IPCA
RETROESCAVADEIRA JCB 3CXB;2021;2025;5;16.5;32.15;94.85;20.97;61.11;⚠️ Pressão de demanda — subiu acima do IPCA
GLICOSE 50%, AMPOLA 10ML.;2019;2024;5;0.21;0.46;118.24;33.47;61.11;⚠️ Pressão de demanda — subiu acima do IPCA
CHEVROLET CELTA 1.0L LS 2013;2020;2024;5;35.0;72.0;105.71;27.7;61.07;⚠️ Pressão de demanda — subiu acima do IPCA
DETERGENTE LÍQUIDO 500ML.;2016;2021;4;16.0;33.0;106.25;28.16;61.0;⚠️ Pressão de demanda — subiu acima do IPCA
CEFALEXINA 50MG/ML SUSPENSÃO ORAL 60ML;2015;2018;3;2.69;4.92;82.9;13.53;60.97;⚠️ Pressão de demanda — subiu acima do IPCA
QUEIJO COLONIAL;2018;2025;7;24.4;57.0;133.61;45.15;60.96;⚠️ Pressão de demanda — subiu acima do IPCA
MANGUEIRA CRISTAL;2015;2021;6;1.51;3.31;119.21;36.22;60.93;⚠️ Pressão de demanda — subiu acima do IPCA
BOLA DE VOLEI;2018;2023;3;53.8;114.9;113.57;32.8;60.81;⚠️ Pressão de demanda — subiu acima do IPCA
APAGADOR  DE QUADRO  BRANCO;2017;2024;3;2.9;6.74;132.41;44.44;60.75;⚠️ Pressão de demanda — subiu acima do IPCA
PRETO FOSCO SINT. 3,6L;2019;2021;3;61.66;114.0;84.88;15.03;60.73;⚠️ Pressão de demanda — subiu acima do IPCA
CABO ALIMENTACAO  10 A  3 PINOS / CONECTOR FCL;2022;2024;3;55.4;97.6;76.17;9.68;60.64;⚠️ Pressão de demanda — subiu acima do IPCA
AMENDOIM;2018;2024;5;3.49;7.8;123.5;39.22;60.59;⚠️ Pressão de demanda — subiu acima do IPCA
CX DÁGUA FIBRA    500 LITROS;2015;2021;6;182.0;397.79;118.57;36.22;60.45;⚠️ Pressão de demanda — subiu acima do IPCA
PEDRA BRITA 1;2018;2021;3;53.0;102.0;92.45;19.99;60.41;⚠️ Pressão de demanda — subiu acima do IPCA
PLAFON BRANCO 100W;2015;2021;5;1.99;4.35;118.59;36.22;60.3;⚠️ Pressão de demanda — subiu acima do IPCA
CONECTOR CUNHA DE ALUMINIO AMPACTINHO TIPO II;2018;2021;3;1.88;3.63;93.09;19.99;60.24;⚠️ Pressão de demanda — subiu acima do IPCA
PLACA REMOVIVEL EXP. MAIS GRADE LINGUAL;2021;2023;3;129.75;230.0;77.26;10.68;60.16;⚠️ Pressão de demanda — subiu acima do IPCA
VIDRO TEMPERADO INCOLOR COLOCADO 10 MM;2016;2019;4;174.0;310.4;78.39;11.41;60.12;⚠️ Pressão de demanda — subiu acima do IPCA
MACARRÃO INTEGRAL;2015;2024;9;1.98;5.01;153.03;58.06;60.1;⚠️ Pressão de demanda — subiu acima do IPCA
TALA DE PAPELÃO 30X20;2019;2023;5;5.4;11.0;103.7;27.32;60.09;⚠️ Pressão de demanda — subiu acima do IPCA
BOMBONIERE EM VIDRO COM TAMPE E PÉ 2,5 LITROS;2020;2024;5;47.9;97.91;104.41;27.7;60.05;⚠️ Pressão de demanda — subiu acima do IPCA
COLCHICINA 0,5MG CPR;2016;2019;3;0.16;0.29;82.39;11.41;60.0;⚠️ Pressão de demanda — subiu acima do IPCA
FITA ADESIVA 45 MM;2019;2021;3;2.66;4.9;84.21;15.03;60.0;⚠️ Pressão de demanda — subiu acima do IPCA
FORMOTEROL + BUDESONIDA 12MCG + 400MCG CAPS;2016;2019;3;0.82;1.46;78.05;11.41;59.74;⚠️ Pressão de demanda — subiu acima do IPCA
CILINDRO KAVO;2022;2024;3;69.3;121.3;75.04;9.68;59.58;⚠️ Pressão de demanda — subiu acima do IPCA
JUNÇÃO ESGOTO Y 50MM;2015;2021;6;2.99;6.5;117.39;36.22;59.53;⚠️ Pressão de demanda — subiu acima do IPCA
IONÔMERO DE VIDRO RESTAURADOR FOTOPOLIMERIZÁVEL- COR A3.;2023;2025;3;120.0;209.24;74.37;9.3;59.53;⚠️ Pressão de demanda — subiu acima do IPCA
SABÃO EM BARRA;2018;2021;4;4.18;7.98;91.14;19.99;59.46;⚠️ Pressão de demanda — subiu acima do IPCA
CARNE BOVINA COSTELA DE BOI;2018;2021;3;14.9;28.5;91.28;19.99;59.45;⚠️ Pressão de demanda — subiu acima do IPCA
TRINCO PARA PORTA DE VIDRO- MODELO 1521;2021;2024;3;37.84;69.99;84.99;16.03;59.45;⚠️ Pressão de demanda — subiu acima do IPCA
TINTA ACRÍLICA ACAB. FOSCO (COR CONCRETO);2015;2018;4;119.95;216.94;80.86;13.53;59.3;⚠️ Pressão de demanda — subiu acima do IPCA
ABRIGO DE ÔNIBUS TIPO I;2017;2023;3;1730.0;3796.79;119.47;37.78;59.29;⚠️ Pressão de demanda — subiu acima do IPCA
BOMBOM COBERTO COM CHOCOLATE;2018;2023;4;34.0;71.92;111.53;32.8;59.27;⚠️ Pressão de demanda — subiu acima do IPCA
RECARGA EXTINTOR CO2 4 KG;2020;2023;3;42.4;82.24;93.97;21.81;59.22;⚠️ Pressão de demanda — subiu acima do IPCA
FARINHA DE TRIGO INTEGRAL;2015;2024;7;1.85;4.65;151.35;58.06;59.19;⚠️ Pressão de demanda — subiu acima do IPCA
DESODORANTE SPRAY;2015;2023;5;6.0;14.4;140.0;50.77;59.17;⚠️ Pressão de demanda — subiu acima do IPCA
LIXA FERRO, GRÃO 80;2015;2018;4;1.18;2.13;80.51;13.53;58.9;⚠️ Pressão de demanda — subiu acima do IPCA
ROLO PINTURA ESPUMA 05CM C/CABO POLYESTER;2018;2021;3;1.6;3.05;90.62;19.99;58.87;⚠️ Pressão de demanda — subiu acima do IPCA
PÃO SEM GLÚTEN;2015;2024;9;9.9;24.84;150.91;58.06;58.79;⚠️ Pressão de demanda — subiu acima do IPCA
MILHO PARA PIPOCA - NA CENTRAL;2018;2021;3;3.25;6.19;90.46;19.99;58.74;⚠️ Pressão de demanda — subiu acima do IPCA
AZEITE DE OLIVA;2015;2021;6;8.74;18.9;116.25;36.22;58.7;⚠️ Pressão de demanda — subiu acima do IPCA
PROPOSTA DE TRATAMENTO CAPS II AD;2016;2022;5;6.5;14.0;115.38;35.58;58.66;⚠️ Pressão de demanda — subiu acima do IPCA
PAPEL HIGIÊNICO 500M.;2018;2023;4;42.2;88.9;110.66;32.8;58.62;⚠️ Pressão de demanda — subiu acima do IPCA
FITA VEDA ROSCA 18 X 25 MT;2015;2021;6;2.8;6.05;116.07;36.22;58.57;⚠️ Pressão de demanda — subiu acima do IPCA
FITA PVC 100MM BRANCA.;2015;2018;4;2.84;5.11;79.93;13.53;58.45;⚠️ Pressão de demanda — subiu acima do IPCA
AÇÚCAR REFINADO - NA CENTRAL;2018;2023;4;2.09;4.39;110.29;32.8;58.42;⚠️ Pressão de demanda — subiu acima do IPCA
ACUCAR REFINADO;2015;2024;9;2.19;5.48;149.94;58.06;58.27;⚠️ Pressão de demanda — subiu acima do IPCA
FILÉ DE FRANGO CONGELADO (SASSAMI) - NAS ESCOLAS;2018;2023;4;11.31;23.76;110.08;32.8;58.23;⚠️ Pressão de demanda — subiu acima do IPCA
ALFACE CRESPA;2017;2023;7;1.6;3.49;118.12;37.78;58.22;⚠️ Pressão de demanda — subiu acima do IPCA
PASTA ARQUIVO POLIPROPILENO 335 X 30 X 235 MM.;2020;2023;3;1.66;3.19;92.17;21.81;58.21;⚠️ Pressão de demanda — subiu acima do IPCA
GIZ BRANCO PLASTIFICADO;2015;2023;8;1.34;3.2;138.81;50.77;58.21;⚠️ Pressão de demanda — subiu acima do IPCA
PÓ XADREZ EMBALAGEM CONTENDO 500GR;2015;2020;4;7.96;15.6;95.86;23.77;58.19;⚠️ Pressão de demanda — subiu acima do IPCA
CANETA PARA ECG;2019;2021;3;18.9;34.36;81.82;15.03;58.08;⚠️ Pressão de demanda — subiu acima do IPCA
CABO MANGA PLENA;2016;2020;3;45.48;83.72;84.08;16.45;58.07;⚠️ Pressão de demanda — subiu acima do IPCA
ABACAXI;2015;2025;9;2.79;7.27;160.45;64.79;58.06;⚠️ Pressão de demanda — subiu acima do IPCA
FRESADORA WIRTGEN W100;2021;2025;5;17.0;32.5;91.18;20.97;58.05;⚠️ Pressão de demanda — subiu acima do IPCA
FARINHA DE TRIGO ESPECIAL;2015;2021;7;1.93;4.15;115.03;36.22;58.03;⚠️ Pressão de demanda — subiu acima do IPCA
DRENO AR CONDICIONADO.;2015;2018;4;4.75;8.52;79.37;13.53;57.89;⚠️ Pressão de demanda — subiu acima do IPCA
PARAFUSO TRASEIRO DA CABEÇA C.A. KAVO*;2022;2025;4;11.63;21.0;80.57;14.35;57.87;⚠️ Pressão de demanda — subiu acima do IPCA
MOLA HELIC. CILINDRICA 0,96X0,12X4,8 (R);2022;2025;4;13.85;25.0;80.47;14.35;57.86;⚠️ Pressão de demanda — subiu acima do IPCA
TUBO CORRUGADO DRENAGEM 4 (PRETO);2015;2021;6;3.79;8.15;115.04;36.22;57.78;⚠️ Pressão de demanda — subiu acima do IPCA
ARAME FARPADO COM CARGA DE RUPTURA MIN. DE 350KGF, ROLO 250M;2015;2018;4;64.5;115.48;79.05;13.53;57.71;⚠️ Pressão de demanda — subiu acima do IPCA
CAMARA DE AR 14;2016;2021;4;49.0;99.0;102.04;28.16;57.66;⚠️ Pressão de demanda — subiu acima do IPCA
CONTENTOR DE LIXO, CAPAC. 120 LITROS;2019;2023;4;199.5;400.0;100.5;27.32;57.48;⚠️ Pressão de demanda — subiu acima do IPCA
LINGÜIÇA DE FRANGO;2018;2023;4;9.45;19.75;108.99;32.8;57.45;⚠️ Pressão de demanda — subiu acima do IPCA
CARIMBO EM ESTOJO AUTO ENTINTADO TAM. 7,5 X 3,8;2015;2019;4;20.93;39.0;86.34;18.42;57.33;⚠️ Pressão de demanda — subiu acima do IPCA
JUNTA INFERIOR PLACA DE VALVULA  COMP SCHULZ;2021;2024;4;13.7;25.0;82.48;16.03;57.26;⚠️ Pressão de demanda — subiu acima do IPCA
ENVELOPE PAPEL PARDO TAMANHO 29 X 20 CM;2015;2024;9;0.07;0.17;142.86;58.06;57.14;⚠️ Pressão de demanda — subiu acima do IPCA
NITROFURANTOINA 100 MG;2015;2018;3;0.14;0.25;81.29;13.53;57.14;⚠️ Pressão de demanda — subiu acima do IPCA
ISOSSORBIDA, MONONITRATO 20MG CPR, EM BLISTER.;2019;2024;5;0.08;0.18;119.51;33.47;57.14;⚠️ Pressão de demanda — subiu acima do IPCA
CUBA DE BORRACHA MÉDIA;2020;2024;4;3.2;6.43;100.94;27.7;57.14;⚠️ Pressão de demanda — subiu acima do IPCA
PREDNISONA 20MG;2015;2017;3;0.14;0.24;75.18;9.43;57.14;⚠️ Pressão de demanda — subiu acima do IPCA
PINCEL 1.1/2;2015;2019;5;1.4;2.61;86.43;18.42;57.14;⚠️ Pressão de demanda — subiu acima do IPCA
SACO PLÁSTICO SACOLÉ;2019;2025;4;12.04;26.34;118.77;39.16;57.13;⚠️ Pressão de demanda — subiu acima do IPCA
TELHA DE FIBROCIMENTO 1,83X1,10MX6MM;2018;2021;3;26.0;49.0;88.46;19.99;57.07;⚠️ Pressão de demanda — subiu acima do IPCA
BORRACHA WC;2015;2021;6;1.49;3.19;114.09;36.22;57.05;⚠️ Pressão de demanda — subiu acima do IPCA
DESMONTAGEM DE DIVISÓRIAS (SEM FORNECIMENTO DE MATERIAL);2016;2020;5;9.3;17.0;82.8;16.45;57.03;⚠️ Pressão de demanda — subiu acima do IPCA
ABRIGO PARA EXTINTORES DIVERSOS;2017;2023;5;73.73;159.52;116.36;37.78;57.03;⚠️ Pressão de demanda — subiu acima do IPCA
AVEIA;2018;2023;4;5.95;12.4;108.4;32.8;56.87;⚠️ Pressão de demanda — subiu acima do IPCA
CARNE BOVINA MOIDA;2015;2021;7;14.0;29.9;113.57;36.22;56.79;⚠️ Pressão de demanda — subiu acima do IPCA
FILE DE PEIXE CONGELADO (TILÁPIA);2018;2021;4;26.05;49.0;88.1;19.99;56.73;⚠️ Pressão de demanda — subiu acima do IPCA
CARNE - PALETA GROSSA EM CUBOS;2018;2024;7;16.9;36.86;118.14;39.22;56.62;⚠️ Pressão de demanda — subiu acima do IPCA
GRAMPO TRILHO PLÁSTICO 80MM ENTRE CENTROS C/ 50 UNID;2016;2018;3;4.6;7.7;67.39;6.81;56.58;⚠️ Pressão de demanda — subiu acima do IPCA
JOELHO HIDRAÚLICO PARA ESGOTO  100X 45º;2015;2021;3;3.5;7.47;113.43;36.22;56.57;⚠️ Pressão de demanda — subiu acima do IPCA
SWITCH DE16 PORTAS 10/100;2015;2021;6;84.41;180.0;113.24;36.22;56.55;⚠️ Pressão de demanda — subiu acima do IPCA
FICHA CLÍNICA TUBERCULOSE;2016;2022;5;6.5;13.8;112.31;35.58;56.54;⚠️ Pressão de demanda — subiu acima do IPCA
CONDIÇÃO SÓCIO ECONÔMICA- CAPS II;2016;2022;5;6.5;13.8;112.31;35.58;56.54;⚠️ Pressão de demanda — subiu acima do IPCA
PREGO COM CABEÇA 17X27,PACOTE DE 01 KG;2015;2018;4;4.9;8.7;77.65;13.53;56.53;⚠️ Pressão de demanda — subiu acima do IPCA
BUCHA REDUÇÃO ROSCAVEL 1 X 3/4 PVC;2015;2021;6;1.7;3.63;113.53;36.22;56.47;⚠️ Pressão de demanda — subiu acima do IPCA
SHAMPO PARA LAVAÇÃO DE VEÍCULOS;2015;2018;4;215.0;381.9;77.63;13.53;56.46;⚠️ Pressão de demanda — subiu acima do IPCA
ELABORAÇÃO DE PROJETO HIDRÁULICO DE CONSTRUÇÃO E REFORMA DE EDIFICAÇÕES;2022;2025;3;8.0;14.3;78.75;14.35;56.4;⚠️ Pressão de demanda — subiu acima do IPCA
TONER HP Q2613A HP13A PRETO LASERJET;2018;2022;5;629.5;1249.0;98.41;26.94;56.31;⚠️ Pressão de demanda — subiu acima do IPCA
REPOLHO ROXO;2015;2025;11;2.7;6.96;157.78;64.79;56.3;⚠️ Pressão de demanda — subiu acima do IPCA
SABÃO LIQUIDO DE COCO;2016;2021;5;5.5;11.0;100.0;28.16;56.29;⚠️ Pressão de demanda — subiu acima do IPCA
CABO PARA BISTURI REDONDO LÂMINA UNICA;2019;2024;5;50.0;104.29;108.58;33.47;56.28;⚠️ Pressão de demanda — subiu acima do IPCA
BANNER;2015;2018;3;27.35;48.5;77.33;13.53;56.2;⚠️ Pressão de demanda — subiu acima do IPCA
PLACA ADESIVADA EM OS 2MM, 30X11,5CM;2020;2023;3;9.99;19.0;90.19;21.81;56.13;⚠️ Pressão de demanda — subiu acima do IPCA
JOGO MOLDEIRA INOX VERNES P/ DESDENTADO;2020;2025;5;105.0;218.22;107.83;33.14;56.1;⚠️ Pressão de demanda — subiu acima do IPCA
CONVITES.;2018;2022;4;0.75;1.48;97.33;26.94;56.06;⚠️ Pressão de demanda — subiu acima do IPCA
PLACA DE LEVANTE DE MORDIDA;2020;2023;4;50.0;95.0;90.0;21.81;55.97;⚠️ Pressão de demanda — subiu acima do IPCA
CARGA DE GÁS R-12/R-134 PARA GELADEIRA E FREEZER;2017;2022;3;189.95;390.0;105.32;31.69;55.91;⚠️ Pressão de demanda — subiu acima do IPCA
"SALSICHA VERMELHA;";2016;2019;3;13.13;22.8;73.65;11.41;55.87;⚠️ Pressão de demanda — subiu acima do IPCA
POSTE DE CONCRETO DUPLO T 11/300;2015;2020;4;475.9;917.98;92.89;23.77;55.85;⚠️ Pressão de demanda — subiu acima do IPCA
MOCHO ODONTOLÓGICO.;2019;2025;4;415.0;900.0;116.87;39.16;55.84;⚠️ Pressão de demanda — subiu acima do IPCA
JOELHO HIDRAÚLICO PARA ESGOTO  50 X 90º;2015;2018;4;0.78;1.38;76.92;13.53;55.77;⚠️ Pressão de demanda — subiu acima do IPCA
REATOR ELETRONICO 2X40W AF 220V;2016;2020;3;17.5;31.74;81.37;16.45;55.77;⚠️ Pressão de demanda — subiu acima do IPCA
PAPEL ESPECIAL A4 210MM X 297MM;2015;2018;4;10.1;17.85;76.73;13.53;55.64;⚠️ Pressão de demanda — subiu acima do IPCA
AGULHAS HIPODÉRMICAS 30 X 8;2019;2021;3;5.49;9.83;79.05;15.03;55.6;⚠️ Pressão de demanda — subiu acima do IPCA
CAÇAMBA CARRINHO DE MAO (PVC);2015;2021;6;26.99;57.2;111.93;36.22;55.58;⚠️ Pressão de demanda — subiu acima do IPCA
MANGA;2018;2024;7;4.32;9.35;116.44;39.22;55.58;⚠️ Pressão de demanda — subiu acima do IPCA
ALOPURINOL 300MG CPR;2016;2020;4;0.1;0.17;68.0;16.45;55.56;⚠️ Pressão de demanda — subiu acima do IPCA
COPO PLÁSTICO DESCARTÁVEL PARA CAFÉ, CAPACIDADE 80 ML;2018;2021;3;67.0;125.0;86.57;19.99;55.47;⚠️ Pressão de demanda — subiu acima do IPCA
PAPEL ALUMÍNIO;2019;2025;6;6.57;14.21;116.29;39.16;55.32;⚠️ Pressão de demanda — subiu acima do IPCA
CALCADOR DE BANDA;2019;2025;6;36.9;79.71;116.02;39.16;55.23;⚠️ Pressão de demanda — subiu acima do IPCA
RECAUCHUTAGEM DE PNEU 20.5X25 16 LONAS;2016;2019;4;1870.36;3234.77;72.95;11.41;55.23;⚠️ Pressão de demanda — subiu acima do IPCA
EZETEMIBA + SINVASTATINA 10MG+20MG CPR;2016;2019;3;1.33;2.3;72.93;11.41;55.2;⚠️ Pressão de demanda — subiu acima do IPCA
LEITE LONGA VIDA INTEGRAL;2015;2025;7;2.34;5.98;155.56;64.79;55.13;⚠️ Pressão de demanda — subiu acima do IPCA
MOURÃO CONCRETO 2.00 RETO;2015;2018;4;15.98;28.13;76.03;13.53;55.07;⚠️ Pressão de demanda — subiu acima do IPCA
LÁPIS PRETO DE GRAFITE Nº 2 .;2018;2023;4;20.0;41.1;105.5;32.8;54.71;⚠️ Pressão de demanda — subiu acima do IPCA
CABO PP 2 X 2,5MM;2015;2021;6;2.87;6.05;110.8;36.22;54.7;⚠️ Pressão de demanda — subiu acima do IPCA
CADEIRA ESTOFADA FIXA;2016;2020;4;60.0;108.0;80.0;16.45;54.58;⚠️ Pressão de demanda — subiu acima do IPCA
PISTOLA PINTURA BICO 1,3MM, 32 PSI, 190ML/MIN;2019;2021;3;697.68;1240.0;77.73;15.03;54.51;⚠️ Pressão de demanda — subiu acima do IPCA
PAPEL FILME PVC. ROLO 30M. 28CM;2020;2022;3;3.16;5.68;79.59;16.43;54.51;⚠️ Pressão de demanda — subiu acima do IPCA
CADARÇO SARJADO;2015;2021;6;15.45;32.5;110.36;36.22;54.43;⚠️ Pressão de demanda — subiu acima do IPCA
SAL IODADO - NA CENTRAL;2018;2023;4;0.77;1.58;105.19;32.8;54.41;⚠️ Pressão de demanda — subiu acima do IPCA
QUEIJO;2015;2021;7;18.83;39.6;110.3;36.22;54.38;⚠️ Pressão de demanda — subiu acima do IPCA
CABO AÇO GALV. A. FIBRA 1/8;2015;2021;6;1.38;2.9;110.14;36.22;54.35;⚠️ Pressão de demanda — subiu acima do IPCA
AZITROMICINA 200MG/5ML;2016;2020;4;3.03;5.43;79.36;16.45;54.31;⚠️ Pressão de demanda — subiu acima do IPCA
PONKAN;2018;2024;5;2.85;6.11;114.39;39.22;54.18;⚠️ Pressão de demanda — subiu acima do IPCA
BORRACHA  PARA ESTOJO 2,6 A 4,7;2015;2019;4;4.93;9.0;82.56;18.42;54.16;⚠️ Pressão de demanda — subiu acima do IPCA
PAPEL PARDO KRAFT 40 MT (1,5 KG) MONOLUCIDO, GRAMATURA 60;2017;2023;3;8.9;18.89;112.25;37.78;54.12;⚠️ Pressão de demanda — subiu acima do IPCA
SERVIÇO DE INSTALAÇÃO, LIMPEZA E MANUTENÇÃO DOS APARELHOS;2015;2021;6;57.0;119.65;109.91;36.22;54.11;⚠️ Pressão de demanda — subiu acima do IPCA
MANGUEIRA GÁS 1,25M TRANÇADA;2015;2021;6;4.29;9.0;109.79;36.22;54.08;⚠️ Pressão de demanda — subiu acima do IPCA
CARNE - MÚSCULO TRASEIRO BOVINO MOÍDO (LAGARTÃO);2018;2024;7;15.14;32.45;114.36;39.22;53.97;⚠️ Pressão de demanda — subiu acima do IPCA
AZEITE DE OLIVA EXTRA VIRGEM;2018;2024;5;16.9;36.23;114.38;39.22;53.93;⚠️ Pressão de demanda — subiu acima do IPCA
CHICORIA;2018;2022;3;1.75;3.42;95.43;26.94;53.9;⚠️ Pressão de demanda — subiu acima do IPCA
NORFLOXACINO 400MG CPR;2016;2019;3;0.14;0.24;71.43;11.41;53.85;⚠️ Pressão de demanda — subiu acima do IPCA
CAIXA VAZADA PLÁSTICA BRANCA;2019;2025;3;70.6;151.0;113.88;39.16;53.69;⚠️ Pressão de demanda — subiu acima do IPCA
ERVILHA;2015;2021;6;1.38;2.89;109.42;36.22;53.62;⚠️ Pressão de demanda — subiu acima do IPCA
OLEO MINERAL LHM, ESPECIFICO PARA SISTEMA HIDRAULICO DE FREI;2018;2021;4;65.0;119.8;84.31;19.99;53.62;⚠️ Pressão de demanda — subiu acima do IPCA
PORTA SANFONADA 80 X 2,10 (PVC);2015;2021;6;54.0;113.0;109.26;36.22;53.61;⚠️ Pressão de demanda — subiu acima do IPCA
ALGINATO TIPO II;2020;2025;5;9.66;19.74;104.35;33.14;53.59;⚠️ Pressão de demanda — subiu acima do IPCA
DEXAMETASONA 0,1% CREME 10G;2015;2018;4;0.56;0.98;73.45;13.53;53.57;⚠️ Pressão de demanda — subiu acima do IPCA
QUEIJO PRATO;2015;2025;9;17.5;44.27;152.97;64.79;53.51;⚠️ Pressão de demanda — subiu acima do IPCA
ÁCIDO VALPROICO 50MG/ML XAROPE COM COPO- MEDIDA 100ML;2017;2023;4;2.19;4.63;111.42;37.78;53.5;⚠️ Pressão de demanda — subiu acima do IPCA
PROJETOR.;2016;2025;6;1998.0;4754.5;137.96;55.04;53.49;⚠️ Pressão de demanda — subiu acima do IPCA
COPO INTEGRAL FILTRO DE AR S45/S50;2022;2024;3;41.6;70.0;68.27;9.68;53.41;⚠️ Pressão de demanda — subiu acima do IPCA
ESCADINHA HOSPITALAR COM 02 DEGRAUS;2015;2020;3;136.98;260.0;89.81;23.77;53.36;⚠️ Pressão de demanda — subiu acima do IPCA
TELHA DE CIMENTO S/ AMIANTO 1,22 X 1,10 X 5MM;2015;2021;6;14.79;30.9;108.92;36.22;53.35;⚠️ Pressão de demanda — subiu acima do IPCA
CARIMBO EM ESTOJO AUTO ENTINTADO TAM. 6,0 X 4,0;2015;2019;4;20.93;38.0;81.56;18.42;53.32;⚠️ Pressão de demanda — subiu acima do IPCA
"VINAGRE;";2015;2020;5;0.92;1.75;90.22;23.77;53.26;⚠️ Pressão de demanda — subiu acima do IPCA
BATATA PALHA.;2015;2019;4;3.25;5.9;81.54;18.42;53.23;⚠️ Pressão de demanda — subiu acima do IPCA
TELHA DE FIBROCIMENTO CUMEEIRA ONDULADA 1,10X0,64M;2018;2021;3;22.8;41.9;83.77;19.99;53.19;⚠️ Pressão de demanda — subiu acima do IPCA
FUNDO GALVANIZADO - 3,6 LITROS;2015;2021;6;49.0;102.2;108.57;36.22;53.12;⚠️ Pressão de demanda — subiu acima do IPCA
PLACA ELETRÔN. AR BRASTEMP.;2015;2017;3;171.0;286.45;67.51;9.43;53.08;⚠️ Pressão de demanda — subiu acima do IPCA
CARNE BOVINA CORTE ACÉM;2018;2021;4;17.36;31.88;83.64;19.99;53.04;⚠️ Pressão de demanda — subiu acima do IPCA
MALETA PARA NOTEBOOK;2016;2020;3;55.0;98.0;78.18;16.45;53.0;⚠️ Pressão de demanda — subiu acima do IPCA
DEXAMETASONA CREME 10 G;2016;2020;4;0.55;0.97;77.98;16.45;52.94;⚠️ Pressão de demanda — subiu acima do IPCA
RELE FOTOELETRICO INTERNO E EXTERNO BIVOLT 1000 W, DE CONECTOR, SEM BASE;2021;2023;3;17.0;28.75;69.12;10.68;52.76;⚠️ Pressão de demanda — subiu acima do IPCA
CADEADO EM LATÃO MACIÇO 35MM COM CHAVES;2015;2021;6;9.9;20.6;108.08;36.22;52.73;⚠️ Pressão de demanda — subiu acima do IPCA
GARFO MESA DE INOX;2018;2025;4;1.87;4.15;121.93;45.15;52.73;⚠️ Pressão de demanda — subiu acima do IPCA
CONJUNTO REFEITÓRIO PARA PRÉ ESCOLA COMPOSTO DE MESA COM 02;2015;2023;3;497.0;1144.0;130.18;50.77;52.67;⚠️ Pressão de demanda — subiu acima do IPCA
PNEU NOVO 1300X24, COMPACTADOR 8 LONAS;2020;2022;3;3369.5;5989.0;77.74;16.43;52.65;⚠️ Pressão de demanda — subiu acima do IPCA
ÓLEO 2T 8017 (USADO NA PROPORÇÃO 1/50 COM PERÍODO DE DESCARB;2015;2019;3;10.05;18.16;80.7;18.42;52.64;⚠️ Pressão de demanda — subiu acima do IPCA
RECEITUÁRIO B2- COR AZUL;2016;2023;3;0.4;0.88;120.55;41.85;52.63;⚠️ Pressão de demanda — subiu acima do IPCA
SAIS DE REIDRATAÇÃO ORAL;2019;2023;3;0.45;0.88;95.56;27.32;52.63;⚠️ Pressão de demanda — subiu acima do IPCA
LEITE DE COCO;2018;2023;4;2.2;4.47;103.18;32.8;52.58;⚠️ Pressão de demanda — subiu acima do IPCA
CONJUNTO ASPIRAÇÃO ENDODÔNTICO;2020;2025;5;25.0;50.75;103.0;33.14;52.48;⚠️ Pressão de demanda — subiu acima do IPCA
LÍQUIDO GERADOR DE ESPUMA.;2019;2021;3;325.0;570.0;75.38;15.03;52.46;⚠️ Pressão de demanda — subiu acima do IPCA
MEL DE ABELHA;2015;2024;4;22.0;53.0;140.91;58.06;52.41;⚠️ Pressão de demanda — subiu acima do IPCA
JOELHO SOLDÁVEL 60 X 90º;2015;2021;6;8.85;18.37;107.57;36.22;52.37;⚠️ Pressão de demanda — subiu acima do IPCA
AMEIXA PRETA SECA SEM CAROÇO;2020;2024;4;12.05;23.45;94.61;27.7;52.36;⚠️ Pressão de demanda — subiu acima do IPCA
ESPARADRAPO IMPERMEÁVEL E HIPOALÉRGICO, COM CAPA, 5CMX4,5M;2019;2024;4;3.28;6.67;103.35;33.47;52.35;⚠️ Pressão de demanda — subiu acima do IPCA
ERVA MATE;2015;2021;7;5.69;11.8;107.38;36.22;52.2;⚠️ Pressão de demanda — subiu acima do IPCA
ORGANIZADOR MULTI USO 5 LITROS PLÁSTICO TRANSPARENTE COM TAM;2020;2024;4;12.8;24.86;94.22;27.7;52.13;⚠️ Pressão de demanda — subiu acima do IPCA
AGULHAS HIPODÉRMICAS 25 X 8;2018;2021;4;5.39;9.83;82.37;19.99;52.0;⚠️ Pressão de demanda — subiu acima do IPCA
VALSARTANA + ANLODIPINO 160MG+5MG  CPR;2016;2019;3;1.35;2.28;68.89;11.41;51.97;⚠️ Pressão de demanda — subiu acima do IPCA
CONJUNTO REFEITÓRIO PARA PRÉ ESCOLA, COMPOSTO DE MESA COM 02;2018;2021;4;792.0;1444.0;82.32;19.99;51.95;⚠️ Pressão de demanda — subiu acima do IPCA
IBUPROFENO 50MG/ML, SOLUÇÃO ORAL, FRASCO 30ML.;2019;2024;5;0.94;1.9;102.12;33.47;51.9;⚠️ Pressão de demanda — subiu acima do IPCA
UNIFORME ESPORTIVO;2022;2024;3;24.0;39.98;66.58;9.68;51.89;⚠️ Pressão de demanda — subiu acima do IPCA
BORRACHA PORTA GELADEIRA E FREEZER;2017;2022;3;72.5;145.0;100.0;31.69;51.88;⚠️ Pressão de demanda — subiu acima do IPCA
CLORPROMAZINA, CLORIDRATO 5MG/ML, INJETÁVEL, AMPOLA 5ML.;2019;2024;5;0.96;1.95;103.11;33.47;51.85;⚠️ Pressão de demanda — subiu acima do IPCA
CHOCOLATE AO LEITE;2018;2023;4;4.45;8.97;101.57;32.8;51.79;⚠️ Pressão de demanda — subiu acima do IPCA
SAL REFINADO IODADO;2015;2021;6;0.98;2.02;106.67;36.22;51.79;⚠️ Pressão de demanda — subiu acima do IPCA
REPOLHO;2015;2025;9;1.95;4.87;149.74;64.79;51.79;⚠️ Pressão de demanda — subiu acima do IPCA
CABO ALUMINIO MULTIPLEXADO 8,7/15KV 3X1X16+1+16MM TRIFASICO;2018;2021;4;4.26;7.75;81.92;19.99;51.73;⚠️ Pressão de demanda — subiu acima do IPCA
POLIDOR DE SILICONE SK 2143;2018;2020;3;9.07;15.0;65.38;9.02;51.69;⚠️ Pressão de demanda — subiu acima do IPCA
LIXA DAGUA PARA PINTURA/FOLHAS 225X275MM,GRÃO 150;2015;2017;3;0.6;1.0;66.67;9.43;51.67;⚠️ Pressão de demanda — subiu acima do IPCA
PARAFUSO CABEÇA ABALOADA 16X75MM COM PORCA, GALVANIZADO A FO;2018;2021;4;2.09;3.8;81.82;19.99;51.63;⚠️ Pressão de demanda — subiu acima do IPCA
EMBALAGEM PARA CACHORRO-QUENTE;2018;2023;4;6.05;12.18;101.32;32.8;51.59;⚠️ Pressão de demanda — subiu acima do IPCA
GAVETEIRO;2015;2021;3;237.3;490.0;106.49;36.22;51.58;⚠️ Pressão de demanda — subiu acima do IPCA
REPARTIÇÃO DE PINUS TRATADO ENCANTILHADA;2020;2023;3;29.8;55.0;84.56;21.81;51.5;⚠️ Pressão de demanda — subiu acima do IPCA
PEN DRIVE 8 GB;2016;2018;3;25.0;40.4;61.6;6.81;51.32;⚠️ Pressão de demanda — subiu acima do IPCA
MILHO DE PIPOCA;2018;2023;4;2.24;4.49;100.45;32.8;51.27;⚠️ Pressão de demanda — subiu acima do IPCA
CABO HDMI PARA MONITOR 2MT;2019;2022;3;25.0;46.0;84.0;21.69;51.21;⚠️ Pressão de demanda — subiu acima do IPCA
ADAPTADOR 2 ½ POLEGADAS.;2019;2021;3;46.0;80.0;73.91;15.03;51.21;⚠️ Pressão de demanda — subiu acima do IPCA
CARNE DE FRANGO CONGELADA: COXA E SOBRECOXA COM OSSO E COM P;2018;2022;3;8.6;16.5;91.86;26.94;51.06;⚠️ Pressão de demanda — subiu acima do IPCA
LIXA ROLO 120;2015;2021;6;2.14;4.4;105.61;36.22;50.93;⚠️ Pressão de demanda — subiu acima do IPCA
ANCINHO C/ CABO 14 DENTES (REFORÇADO);2015;2021;6;11.0;22.59;105.36;36.22;50.73;⚠️ Pressão de demanda — subiu acima do IPCA
ÁCIDO FOLINICO 15MG (FOLINATO DE CÁLCIO) CPR, EM BLISTER.;2019;2023;4;0.94;1.79;90.64;27.32;50.63;⚠️ Pressão de demanda — subiu acima do IPCA
PARAFUSO MÁQUINA CABEÇA QUADRADA COM PORCA 16X200MM, GALVANI;2018;2021;4;3.76;6.79;80.59;19.99;50.45;⚠️ Pressão de demanda — subiu acima do IPCA
DADOS DO ATENDIMENTO DO PACIENTE- RAAS CAPS III;2016;2022;5;2.4;4.9;104.17;35.58;50.44;⚠️ Pressão de demanda — subiu acima do IPCA
DADOS DO ATENDIMENTO DO PACIENTE- RAAS CAPS II;2016;2022;5;2.4;4.9;104.17;35.58;50.44;⚠️ Pressão de demanda — subiu acima do IPCA
AGULHAS HIPODÉRMICAS 25 X 7;2018;2021;4;5.45;9.83;80.37;19.99;50.42;⚠️ Pressão de demanda — subiu acima do IPCA
CAPACITOR 380V 3 MF.;2015;2019;5;9.5;16.92;78.11;18.42;50.42;⚠️ Pressão de demanda — subiu acima do IPCA
CABO ALUMINIO MULTIPLEXADO 8,7/15KV 1X1X16+1+16MM MONOFASICO;2018;2021;4;1.94;3.5;80.41;19.99;50.29;⚠️ Pressão de demanda — subiu acima do IPCA
MORANGO IN NATURA;2018;2023;5;4.5;8.97;99.33;32.8;50.25;⚠️ Pressão de demanda — subiu acima do IPCA
AGENDAMENTO DE ODONTOLOGIA;2016;2023;6;0.02;0.05;150.0;41.85;50.0;⚠️ Pressão de demanda — subiu acima do IPCA
ATENOLOL 50MG;2015;2018;4;0.02;0.03;30.0;13.53;50.0;⚠️ Pressão de demanda — subiu acima do IPCA
BROMETO DE N-BUTILESCOPOLAMINA 20MG/ML INJETÁVEL, AMPOLA 1ML;2019;2021;3;0.88;1.51;71.2;15.03;50.0;⚠️ Pressão de demanda — subiu acima do IPCA
NIFEDIPINO 10MG;2015;2018;3;0.02;0.03;26.09;13.53;50.0;⚠️ Pressão de demanda — subiu acima do IPCA
METRONIDAZOL 250MG CPR, EM BLISTER.;2019;2024;5;0.09;0.18;104.33;33.47;50.0;⚠️ Pressão de demanda — subiu acima do IPCA
METRONIDAZOL 250MG;2015;2018;3;0.06;0.1;51.85;13.53;50.0;⚠️ Pressão de demanda — subiu acima do IPCA
NIFEDIPINA 20 MG (RETARD) CPR;2016;2019;3;0.07;0.11;65.15;11.41;50.0;⚠️ Pressão de demanda — subiu acima do IPCA
ALOPURINOL 100MG CPR, EM BLISTER.;2019;2024;5;0.07;0.14;101.45;33.47;50.0;⚠️ Pressão de demanda — subiu acima do IPCA
LORATADINA 10MG CPR;2016;2020;4;0.04;0.08;90.48;16.45;50.0;⚠️ Pressão de demanda — subiu acima do IPCA
PARAFUSO CAB. CIL. M2X4 KAVO;2022;2025;4;4.96;8.5;71.37;14.35;50.0;⚠️ Pressão de demanda — subiu acima do IPCA
LIXEIRA 100 LITROS COM TAMPA E PEDAL;2018;2025;4;116.5;253.41;117.52;45.15;49.85;⚠️ Pressão de demanda — subiu acima do IPCA
COXA E SOBRECOXA DE FRANGO, SEM OSSO E SEM PELE, CONGELADA - NAS ESCOLAS;2018;2023;3;10.75;21.4;99.07;32.8;49.84;⚠️ Pressão de demanda — subiu acima do IPCA
MELAO;2015;2025;11;2.98;7.36;147.15;64.79;49.83;⚠️ Pressão de demanda — subiu acima do IPCA
CAFÉ MOIDO A VÁCUO EMBALAGEM  500GR;2015;2022;5;8.25;17.8;115.76;44.11;49.7;⚠️ Pressão de demanda — subiu acima do IPCA
ELETRODUTO CORRUGADO FLEXIVEL KANAFLEX 1.1/2;2015;2021;6;1.57;3.2;103.82;36.22;49.68;⚠️ Pressão de demanda — subiu acima do IPCA
ALHO.;2018;2024;3;4.8;10.0;108.33;39.22;49.65;⚠️ Pressão de demanda — subiu acima do IPCA
SACO PLASTICO;2018;2020;3;4.88;7.95;63.08;9.02;49.48;⚠️ Pressão de demanda — subiu acima do IPCA
TINTA CARIMBO VERMELHA;2018;2021;4;3.79;6.8;79.42;19.99;49.4;⚠️ Pressão de demanda — subiu acima do IPCA
GORDURA VEGETAL;2018;2023;5;7.56;15.0;98.41;32.8;49.4;⚠️ Pressão de demanda — subiu acima do IPCA
TINTA CARIMBO PRETA;2018;2021;4;3.79;6.8;79.42;19.99;49.4;⚠️ Pressão de demanda — subiu acima do IPCA
PACK DE BATERIA NI-MH 4,8V 2500MAH PARA OXÍMETRO DE PULSO MO;2019;2023;5;92.0;175.0;90.22;27.32;49.4;⚠️ Pressão de demanda — subiu acima do IPCA
SKATE PARA INICIANTES;2022;2024;3;58.3;95.49;63.79;9.68;49.31;⚠️ Pressão de demanda — subiu acima do IPCA
DOPAMINA 50MG/10ML - SOLUÇÃO INJ.;2016;2019;3;0.73;1.22;67.12;11.41;49.28;⚠️ Pressão de demanda — subiu acima do IPCA
RECAUCHUTAGEM DE PNEU12.5/ 80R18 DIANTEIRO;2016;2021;4;567.11;1084.05;91.15;28.16;49.15;⚠️ Pressão de demanda — subiu acima do IPCA
ELETRODUTO CORRUGADO FLEXIVEL KANAFLEX  2;2015;2021;6;1.77;3.6;103.39;36.22;49.15;⚠️ Pressão de demanda — subiu acima do IPCA
MANG. 1,6MM CRISTAL;2021;2025;5;4.72;8.5;80.08;20.97;49.13;⚠️ Pressão de demanda — subiu acima do IPCA
SUPRESSANTE;2019;2021;3;1300.0;2230.0;71.54;15.03;49.12;⚠️ Pressão de demanda — subiu acima do IPCA
FORRO DE PVC 100MM;2015;2018;4;8.45;14.3;69.23;13.53;49.11;⚠️ Pressão de demanda — subiu acima do IPCA
LÁPIS COLORIDO.;2015;2020;4;2.79;5.15;84.59;23.77;49.1;⚠️ Pressão de demanda — subiu acima do IPCA
ROLO COMPACTADOR BOMAG BW212 D40;2022;2025;4;13.5;23.0;70.37;14.35;48.93;⚠️ Pressão de demanda — subiu acima do IPCA
MOTORREDUTOR BOSCH  24V*;2022;2024;3;562.02;918.0;63.34;9.68;48.92;⚠️ Pressão de demanda — subiu acima do IPCA
FILTRO BRONZE SINTERIZADO MOEDA AHMC 5 / 6 /10 COM RESRV;2022;2024;3;47.52;77.6;63.29;9.68;48.88;⚠️ Pressão de demanda — subiu acima do IPCA
COADOR DE PANO;2020;2023;3;4.62;8.39;81.6;21.81;48.86;⚠️ Pressão de demanda — subiu acima do IPCA
CARNE BOVINA: COXÃO DE FORA RESFRIADO (COXÃO DURO);2018;2024;4;17.3;35.85;107.23;39.22;48.82;⚠️ Pressão de demanda — subiu acima do IPCA
ESTROGÊNIOS CONJUGADOS 0,625MG;2015;2019;5;0.39;0.68;75.64;18.42;48.72;⚠️ Pressão de demanda — subiu acima do IPCA
MOUSE USB;2015;2022;4;14.0;30.0;114.29;44.11;48.71;⚠️ Pressão de demanda — subiu acima do IPCA
PRANCHA DE EUCALIPTO BRUTA 3,00M X 0,20M X 0,06M;2015;2024;8;366.0;860.0;134.97;58.06;48.66;⚠️ Pressão de demanda — subiu acima do IPCA
FARINHA DE ROSCA;2015;2021;6;4.45;9.0;102.25;36.22;48.54;⚠️ Pressão de demanda — subiu acima do IPCA
MESA REDONDA PARA BIBILIOTECA, COM 04 CADEIRAS;2018;2020;3;685.0;1109.0;61.9;9.02;48.51;⚠️ Pressão de demanda — subiu acima do IPCA
FORRO DE PINUS 1ª;2015;2023;7;13.2;29.54;123.83;50.77;48.45;⚠️ Pressão de demanda — subiu acima do IPCA
LOURO FOLHA;2018;2023;3;1.38;2.73;97.83;32.8;48.36;⚠️ Pressão de demanda — subiu acima do IPCA
INTER. EMB 1 TEC-SIMPLES 006-ES;2015;2021;5;4.7;9.5;102.13;36.22;48.3;⚠️ Pressão de demanda — subiu acima do IPCA
TONER RICOH AFICIO MP171 E MP201 COMPATÍVEL;2019;2024;5;35.25;69.79;97.99;33.47;48.3;⚠️ Pressão de demanda — subiu acima do IPCA
PORTA CADEADO FZ 3. 1/2 X 89MM;2015;2018;4;3.9;6.56;68.33;13.53;48.21;⚠️ Pressão de demanda — subiu acima do IPCA
LANCHE NATURAL, SANDUICHE DE PÃO FRANCÊS;2015;2023;5;2.91;6.5;123.38;50.77;48.11;⚠️ Pressão de demanda — subiu acima do IPCA
VÁLVULA LAVATÓRIO (METAL);2015;2021;6;7.88;15.9;101.78;36.22;48.1;⚠️ Pressão de demanda — subiu acima do IPCA
CEBOLA DE CABEÇA - NAS ESCOLAS;2021;2024;3;3.67;6.31;71.93;16.03;48.05;⚠️ Pressão de demanda — subiu acima do IPCA
FARINHA DE ROSCA.;2018;2023;4;3.9;7.68;96.92;32.8;47.97;⚠️ Pressão de demanda — subiu acima do IPCA
LEITE SEM LACTOSE;2018;2024;7;3.9;8.05;106.41;39.22;47.97;⚠️ Pressão de demanda — subiu acima do IPCA
SUCO: NATURAL;2018;2022;3;16.45;30.9;87.84;26.94;47.96;⚠️ Pressão de demanda — subiu acima do IPCA
BALDE DE FERRO GALVANIZADO 10 LITROS;2015;2021;6;8.78;17.7;101.59;36.22;47.95;⚠️ Pressão de demanda — subiu acima do IPCA
"TEMPERO COMINHO;";2016;2019;3;2.31;3.8;64.5;11.41;47.93;⚠️ Pressão de demanda — subiu acima do IPCA
SUCO INTEGRAL;2015;2018;4;6.75;11.33;67.85;13.53;47.85;⚠️ Pressão de demanda — subiu acima do IPCA
MACARRÃO.;2015;2018;3;1.86;3.12;67.74;13.53;47.85;⚠️ Pressão de demanda — subiu acima do IPCA
CANALETA PVC COM TAMPA,LARGURA 20MM ALTURA 10MM E COMPRIMENT;2015;2021;6;3.7;7.45;101.35;36.22;47.84;⚠️ Pressão de demanda — subiu acima do IPCA
PÃO DÁGUA;2018;2021;4;10.15;18.0;77.34;19.99;47.76;⚠️ Pressão de demanda — subiu acima do IPCA
AGENDA;2015;2023;5;13.48;30.0;122.5;50.77;47.59;⚠️ Pressão de demanda — subiu acima do IPCA
LIDOCAINA SEM VASO CONSTRITOR 2% 20ML;2015;2018;4;1.45;2.43;67.59;13.53;47.59;⚠️ Pressão de demanda — subiu acima do IPCA
ROLO LÃ DE CARNEIRO 15CM C/ CABO;2015;2018;4;8.5;14.24;67.53;13.53;47.59;⚠️ Pressão de demanda — subiu acima do IPCA
TOMADA EXTERNA PARA TELEFONE RJ11;2015;2021;6;4.8;9.64;100.83;36.22;47.5;⚠️ Pressão de demanda — subiu acima do IPCA
LIXEIRA 15 LITROS COM TAMPA E PEDAL;2018;2024;3;12.9;26.46;105.12;39.22;47.36;⚠️ Pressão de demanda — subiu acima do IPCA
REFRIGERANTE SABOR LIMÃO;2018;2021;4;5.37;9.5;76.91;19.99;47.36;⚠️ Pressão de demanda — subiu acima do IPCA
MILHO PARA PIPOCA;2015;2025;8;3.63;8.8;142.42;64.79;47.11;⚠️ Pressão de demanda — subiu acima do IPCA
CLORETO DE SÓDIO 20%, AMPOLA 10ML.;2019;2024;5;0.2;0.39;95.5;33.47;47.06;⚠️ Pressão de demanda — subiu acima do IPCA
ACALCADOR DE BANDA C PONTA TRIANGULAR INVERTIDA;2023;2025;3;12.28;19.72;60.59;9.3;47.05;⚠️ Pressão de demanda — subiu acima do IPCA
REFRIGERANTE SABOR GUARANÁ;2018;2021;4;5.38;9.5;76.58;19.99;47.05;⚠️ Pressão de demanda — subiu acima do IPCA
PERNIL SUÍNO CORTADO EM CUBOS;2018;2024;7;14.1;28.86;104.68;39.22;47.02;⚠️ Pressão de demanda — subiu acima do IPCA
LUVAS DE BORRACHA;2016;2021;4;2.13;4.0;87.79;28.16;47.0;⚠️ Pressão de demanda — subiu acima do IPCA
CÂMARA DE AR 13;2019;2025;4;22.0;45.0;104.55;39.16;46.99;⚠️ Pressão de demanda — subiu acima do IPCA
JARRA 3,8 LITROS;2017;2025;3;9.9;21.9;121.21;50.59;46.85;⚠️ Pressão de demanda — subiu acima do IPCA
BATATA PALITO CONGELADA.;2018;2022;3;7.0;13.05;86.43;26.94;46.84;⚠️ Pressão de demanda — subiu acima do IPCA
CARTOLINA COM GRAMATURA MÍNIMA 180/GM2;2019;2022;4;37.5;66.99;78.64;21.69;46.8;⚠️ Pressão de demanda — subiu acima do IPCA
CEBOLA ROXA;2018;2021;4;5.05;8.89;76.04;19.99;46.74;⚠️ Pressão de demanda — subiu acima do IPCA
FRENTE FALSA 01 U PARA RACK 19;2019;2025;4;14.0;28.58;104.14;39.16;46.7;⚠️ Pressão de demanda — subiu acima do IPCA
CABO ALUMINIO MULTIPLEXADO 8,7/15KV 3X1X10+1+10MM TRIFASICO;2018;2021;4;3.09;5.44;76.05;19.99;46.69;⚠️ Pressão de demanda — subiu acima do IPCA
CURVA ESGOTO CURTA  40 X 90º;2015;2021;6;1.8;3.6;100.0;36.22;46.67;⚠️ Pressão de demanda — subiu acima do IPCA
BOBINA TERMICA;2018;2021;4;2.9;5.1;75.86;19.99;46.67;⚠️ Pressão de demanda — subiu acima do IPCA
COLORAU (COLORÍFICO);2018;2024;4;3.85;7.85;103.9;39.22;46.61;⚠️ Pressão de demanda — subiu acima do IPCA
"DETERGENTE LÍQUIDO NEUTRO DE USO GERAL 500 ML;";2018;2023;3;1.0;1.95;95.0;32.8;46.59;⚠️ Pressão de demanda — subiu acima do IPCA
PONTA DE ULTRASSON E5 -(ROSCA EXTERNA);2020;2024;4;140.0;262.0;87.14;27.7;46.55;⚠️ Pressão de demanda — subiu acima do IPCA
CONJUNTO BALDE/ESPREMEDOR;2015;2021;4;265.0;528.9;99.58;36.22;46.52;⚠️ Pressão de demanda — subiu acima do IPCA
TRENA (3M);2017;2021;4;7.35;13.4;82.31;24.48;46.43;⚠️ Pressão de demanda — subiu acima do IPCA
FARINHA DE ARROZ;2020;2023;3;4.64;8.28;78.45;21.81;46.4;⚠️ Pressão de demanda — subiu acima do IPCA
CLOREXIDINA ALCOÓLICA;2019;2024;4;7.86;15.36;95.42;33.47;46.39;⚠️ Pressão de demanda — subiu acima do IPCA
CALHA FLUORESCENTE  COMERCIAL 2 X 40W;2015;2017;3;11.8;18.9;60.17;9.43;46.36;⚠️ Pressão de demanda — subiu acima do IPCA
BOMBONA AGUA MINERAL 20 LITROS;2015;2025;7;9.98;24.06;141.08;64.79;46.29;⚠️ Pressão de demanda — subiu acima do IPCA
CONE DE PAPEL ABSORVENTE ESTÉRIL SEGUNDA SÉRIE-;2023;2025;3;34.62;55.31;59.76;9.3;46.17;⚠️ Pressão de demanda — subiu acima do IPCA
CANETA DE ALTA ROTACAO;2015;2025;9;386.1;929.99;140.87;64.79;46.17;⚠️ Pressão de demanda — subiu acima do IPCA
TOMATE;2015;2025;10;3.02;7.27;140.73;64.79;46.11;⚠️ Pressão de demanda — subiu acima do IPCA
PLANILHA DE VISITAS DOMICILIARES- CAPS II;2016;2022;5;6.5;12.89;98.31;35.58;46.08;⚠️ Pressão de demanda — subiu acima do IPCA
LIMPEZA DE AR SPLIT 9/24.000 BTUS;2015;2017;3;92.68;148.06;59.75;9.43;45.99;⚠️ Pressão de demanda — subiu acima do IPCA
RETROESCAVADEIRA NEW HOLLAND LB110;2021;2025;5;17.0;30.0;76.47;20.97;45.87;⚠️ Pressão de demanda — subiu acima do IPCA
MIRTAZAPINA 30MG CPR;2016;2019;3;0.51;0.83;62.75;11.41;45.83;⚠️ Pressão de demanda — subiu acima do IPCA
ATESTADO MÉDICO PARA GESTANTES;2016;2023;6;1.9;3.94;107.37;41.85;45.81;⚠️ Pressão de demanda — subiu acima do IPCA
GUARDANAPO DE PAPEL;2015;2023;5;0.95;2.09;120.0;50.77;45.79;⚠️ Pressão de demanda — subiu acima do IPCA
BOLO BRANCO;2015;2018;4;14.2;23.5;65.47;13.53;45.77;⚠️ Pressão de demanda — subiu acima do IPCA
BORRACHA DE VEDACAO PEDAL PROGRESSIVO GNATUS;2022;2025;4;3.0;5.0;66.67;14.35;45.67;⚠️ Pressão de demanda — subiu acima do IPCA
WEBCAM;2019;2024;3;129.0;250.8;94.42;33.47;45.66;⚠️ Pressão de demanda — subiu acima do IPCA
CABECA CANETA MRS-400;2016;2018;3;130.51;203.0;55.54;6.81;45.62;⚠️ Pressão de demanda — subiu acima do IPCA
ADAPTADOR CURTO SOLDAVEL 50 X 1.1/2;2015;2021;6;2.17;4.3;98.16;36.22;45.62;⚠️ Pressão de demanda — subiu acima do IPCA
AMINOFILINA 240 MG SOL. INJ.10 ML;2016;2020;4;0.61;1.02;67.87;16.45;45.61;⚠️ Pressão de demanda — subiu acima do IPCA
CABO ALUMINIO MULTIPLEXADO 8,7/15KV 1X1X25+1+25MM MONOFASICO;2018;2021;4;3.09;5.4;74.76;19.99;45.59;⚠️ Pressão de demanda — subiu acima do IPCA
ESPINAFRE;2015;2025;9;1.35;3.24;140.37;64.79;45.56;⚠️ Pressão de demanda — subiu acima do IPCA
VÁLVULA PARA EXTINTOR PQS;2015;2023;7;25.0;54.83;119.32;50.77;45.48;⚠️ Pressão de demanda — subiu acima do IPCA
ÁGUA OXIGENADA 10% - FR 100ML;2020;2023;3;1.5;2.65;76.67;21.81;45.45;⚠️ Pressão de demanda — subiu acima do IPCA
CONE GUTA PERCHA, #35/06 - 28MM;2020;2024;4;29.0;53.86;85.72;27.7;45.45;⚠️ Pressão de demanda — subiu acima do IPCA
PESCADO: PEIXE EM POSTA;2018;2024;5;14.4;29.15;102.43;39.22;45.43;⚠️ Pressão de demanda — subiu acima do IPCA
NISTATINA 100.000 UI/ML SUSPENSÃO ORAL  50ML;2015;2018;3;1.71;2.82;65.2;13.53;45.32;⚠️ Pressão de demanda — subiu acima do IPCA
TUBO CONCRETO 20CM;2015;2021;6;14.9;29.49;97.92;36.22;45.3;⚠️ Pressão de demanda — subiu acima do IPCA
ACÉM BOVINO MOÍDO;2018;2024;7;16.8;33.97;102.2;39.22;45.24;⚠️ Pressão de demanda — subiu acima do IPCA
BETERRABA;2015;2025;11;1.8;4.3;139.33;64.79;45.16;⚠️ Pressão de demanda — subiu acima do IPCA
PISO CERÂMICO 45 X 45 A PEI-4 (CHÃO);2015;2021;6;8.4;16.6;97.62;36.22;45.12;⚠️ Pressão de demanda — subiu acima do IPCA
VASELINA SÓLIDA 90 A 100G;2020;2024;4;8.4;15.57;85.36;27.7;45.07;⚠️ Pressão de demanda — subiu acima do IPCA
CARTUCHO HP C8727A 10ML PRETO (27);2018;2022;5;125.0;230.0;84.0;26.94;44.96;⚠️ Pressão de demanda — subiu acima do IPCA
PROTETOR 19,5X24;2016;2025;6;89.0;200.0;124.72;55.04;44.95;⚠️ Pressão de demanda — subiu acima do IPCA
ESCOVA DENTAL;2015;2023;5;1.58;3.45;118.35;50.77;44.94;⚠️ Pressão de demanda — subiu acima do IPCA
BROCA N° 9406 FG 19MM - MULTILAMINADA 30 LAMINAS OVAL;2023;2025;3;11.0;17.43;58.45;9.3;44.93;⚠️ Pressão de demanda — subiu acima do IPCA
VIGA DE EUCALIPTO COM NO MÍNIMO ¢ 0,50M;2018;2024;3;357.2;720.0;101.57;39.22;44.78;⚠️ Pressão de demanda — subiu acima do IPCA
REGISTRO PVC ESFERA 25MM;2015;2021;6;4.5;8.88;97.22;36.22;44.78;⚠️ Pressão de demanda — subiu acima do IPCA
ÓLEO LUBRIFICANTE MULTIVISCOCO SAE 15W40;2015;2021;7;1950.0;3845.0;97.18;36.22;44.75;⚠️ Pressão de demanda — subiu acima do IPCA
DESINFETANTE E SOLVENTE DE RESÍDUOS ODONTOLÓGICO.;2020;2025;5;26.0;50.08;92.62;33.14;44.65;⚠️ Pressão de demanda — subiu acima do IPCA
VW/8.150E DELIVERY(NACIONAL) 2008;2019;2025;7;8.0;16.1;101.25;39.16;44.63;⚠️ Pressão de demanda — subiu acima do IPCA
CUIDADOS PARA VASECTOMIA- 23X16 CM 2 VIAS AUTOCOPIATIVO;2016;2023;3;4.29;8.8;105.13;41.85;44.55;⚠️ Pressão de demanda — subiu acima do IPCA
FECHADURA, MATERIAL CAIXA AÇO ZINCADO (MAÇANETA TIPO L);2015;2018;4;25.9;42.48;64.03;13.53;44.48;⚠️ Pressão de demanda — subiu acima do IPCA
CABEÇA MONTADA 1:1 KAVO 505;2021;2024;4;331.69;556.0;67.63;16.03;44.46;⚠️ Pressão de demanda — subiu acima do IPCA
FARINHA DE CEREAIS - AVEIA;2016;2021;5;16.48;30.5;85.07;28.16;44.45;⚠️ Pressão de demanda — subiu acima do IPCA
CARNE BOVINA: ACÉM RESFRIADO;2018;2024;5;14.9;29.95;101.01;39.22;44.44;⚠️ Pressão de demanda — subiu acima do IPCA
PNEU NOVO 1100X20 COMPACTADOR 18 LONAS;2019;2025;3;1990.0;4000.0;101.01;39.16;44.44;⚠️ Pressão de demanda — subiu acima do IPCA
ACHOCOLATADO DIET;2015;2024;5;10.8;24.65;128.24;58.06;44.44;⚠️ Pressão de demanda — subiu acima do IPCA
AMINOFILINA 200 MG;2016;2019;3;0.1;0.16;60.7;11.41;44.44;⚠️ Pressão de demanda — subiu acima do IPCA
FORD/CARGO 2622 E(NACIONAL) 2009;2019;2025;7;8.0;16.08;100.94;39.16;44.41;⚠️ Pressão de demanda — subiu acima do IPCA
IVECO/GRANCLASS 150S21E (NACIONAL) 2017;2019;2025;7;8.0;16.08;100.94;39.16;44.41;⚠️ Pressão de demanda — subiu acima do IPCA
IVECO/CITYCLASS 70C17 (NACIONAL) 2016;2019;2025;7;8.0;16.08;100.94;39.16;44.41;⚠️ Pressão de demanda — subiu acima do IPCA
IVECO/CITYCLASS 70C17 (NACIONAL) 2014;2019;2025;7;8.0;16.08;100.94;39.16;44.41;⚠️ Pressão de demanda — subiu acima do IPCA
VIGA DE EUCALIPTO Ø 0,50M.;2015;2017;3;198.0;312.5;57.83;9.43;44.23;⚠️ Pressão de demanda — subiu acima do IPCA
COLA  EXTRA ADESIVO 1KG;2020;2023;4;10.25;18.0;75.61;21.81;44.2;⚠️ Pressão de demanda — subiu acima do IPCA
MAMAO FORMOSA;2018;2025;3;2.73;5.7;108.79;45.15;44.17;⚠️ Pressão de demanda — subiu acima do IPCA
PNEU NOVO 1300X24 12 LONAS;2016;2021;5;2360.0;4360.0;84.75;28.16;44.15;⚠️ Pressão de demanda — subiu acima do IPCA
OLEO LUBRIFICANTE MULTIFUNCIONAL UNITACTOR 10W30 PARA TRANSM;2018;2021;4;225.0;388.9;72.84;19.99;44.05;⚠️ Pressão de demanda — subiu acima do IPCA
PINÇA CHERON DESCARTÁVEL, EM POLIETILENO CRISTAL OU COR BRAN;2015;2022;6;0.84;1.75;109.58;44.11;44.05;⚠️ Pressão de demanda — subiu acima do IPCA
ÁGUA DESTILADA - GALÃO 5 (CINCO) LITROS;2020;2023;3;6.19;10.85;75.28;21.81;44.0;⚠️ Pressão de demanda — subiu acima do IPCA
MASSA DE PANETONE;2018;2023;5;170.0;325.0;91.18;32.8;43.96;⚠️ Pressão de demanda — subiu acima do IPCA
SOLUÇÃO ÁCIDA 5 LITROS LIMPEZA DE PISOS;2015;2021;6;17.8;34.9;96.07;36.22;43.93;⚠️ Pressão de demanda — subiu acima do IPCA
CANETA ESFEROGRÁFICA NA COR AZUL;2015;2018;4;35.5;58.0;63.38;13.53;43.92;⚠️ Pressão de demanda — subiu acima do IPCA
TECIDO PARA PATCHWORK;2018;2021;3;14.0;24.17;72.64;19.99;43.88;⚠️ Pressão de demanda — subiu acima do IPCA
ETIQUETA CARTA PARA IMPRESSORAS DISK JET E LASER REF. 3180;2015;2018;4;13.23;21.6;63.27;13.53;43.84;⚠️ Pressão de demanda — subiu acima do IPCA
COMPRESSA DE GAZE (TIPO QUEIJO) EM ROLO;2017;2022;5;50.0;94.7;89.4;31.69;43.82;⚠️ Pressão de demanda — subiu acima do IPCA
TAMPA UNIVERSAL LUERLOCK, ESTÉRIL, EPIROGÊNICA;2015;2021;4;0.16;0.32;101.92;36.22;43.75;⚠️ Pressão de demanda — subiu acima do IPCA
TINTA PARA CARIMBO 42ML (CORES VARIADAS);2016;2018;3;5.67;8.7;53.44;6.81;43.71;⚠️ Pressão de demanda — subiu acima do IPCA
PAPEL HIGIÊNICO 300M.;2018;2025;5;25.9;54.0;108.49;45.15;43.67;⚠️ Pressão de demanda — subiu acima do IPCA
LIXA ROLO  80;2015;2021;6;2.2;4.3;95.45;36.22;43.64;⚠️ Pressão de demanda — subiu acima do IPCA
LIVRO ATA 100 FOLHAS;2015;2018;4;9.0;14.68;63.06;13.53;43.61;⚠️ Pressão de demanda — subiu acima do IPCA
PÃO DOCE;2018;2021;4;10.45;18.0;72.25;19.99;43.59;⚠️ Pressão de demanda — subiu acima do IPCA
BUCHA REDUÇÃO ROSCAVEL 2 X 1 PVC;2015;2021;6;7.88;15.4;95.43;36.22;43.53;⚠️ Pressão de demanda — subiu acima do IPCA
OLEO 2T 8017;2015;2018;3;11.9;19.39;62.94;13.53;43.53;⚠️ Pressão de demanda — subiu acima do IPCA
SALBUTAMOL 100 MCG AEROSSOL ORAL COM 200 DOSES, FRASCO 10ML.;2019;2024;5;6.94;13.3;91.64;33.47;43.52;⚠️ Pressão de demanda — subiu acima do IPCA
PÊSSEGOS EM CALDA;2018;2024;6;7.33;14.64;99.66;39.22;43.34;⚠️ Pressão de demanda — subiu acima do IPCA
LIXA ROLO 100;2015;2021;6;2.1;4.1;95.24;36.22;43.33;⚠️ Pressão de demanda — subiu acima do IPCA
PASTA TIMBRADA DTT;2018;2021;3;1.1;1.9;72.73;19.99;43.3;⚠️ Pressão de demanda — subiu acima do IPCA
PREGO COM CABEÇA 18X24,PACOTE DE 01 KG;2015;2021;5;7.99;15.6;95.24;36.22;43.3;⚠️ Pressão de demanda — subiu acima do IPCA
OVOS  DE GALINHA;2015;2025;9;3.58;8.46;136.23;64.79;43.3;⚠️ Pressão de demanda — subiu acima do IPCA
REGISTRO DE FALTA DE PACIENTE A ATENDIMENTO ODONTOLÓGICO;2018;2022;4;8.68;15.8;82.03;26.94;43.27;⚠️ Pressão de demanda — subiu acima do IPCA
MARACUJA AZEDO;2016;2025;8;4.8;10.68;122.4;55.04;43.25;⚠️ Pressão de demanda — subiu acima do IPCA
LIDOCAINA 2% SEM VASO 20 ML;2016;2020;4;1.65;2.75;66.67;16.45;43.23;⚠️ Pressão de demanda — subiu acima do IPCA
LÁPIS PRETO GRAFITE 6B;2019;2023;5;5.75;10.5;82.61;27.32;43.21;⚠️ Pressão de demanda — subiu acima do IPCA
TEMPERO PRONTO;2015;2017;3;2.92;4.57;56.51;9.43;43.15;⚠️ Pressão de demanda — subiu acima do IPCA
CABO DE ALUMÍNIO COM EXTENSOR DE 1,60M.;2021;2024;3;23.15;38.43;66.0;16.03;43.08;⚠️ Pressão de demanda — subiu acima do IPCA
DESINFETANTE PARA USO GERAL 500 ML;2016;2021;4;12.0;22.0;83.33;28.16;43.05;⚠️ Pressão de demanda — subiu acima do IPCA
LUVA ELETRODUTO 1 PRETA;2015;2021;6;1.0;1.95;95.0;36.22;43.0;⚠️ Pressão de demanda — subiu acima do IPCA
PERA;2015;2018;4;4.49;7.29;62.36;13.53;42.98;⚠️ Pressão de demanda — subiu acima do IPCA
CARIMBO EM ESTOJO AUTO ENTINTADO TAM. 4,7 X 1,8;2015;2019;4;11.52;19.5;69.27;18.42;42.97;⚠️ Pressão de demanda — subiu acima do IPCA
BISCOITO DOCE SEM RECHEIO;2016;2022;5;3.15;6.1;93.65;35.58;42.91;⚠️ Pressão de demanda — subiu acima do IPCA
IBUPROFENO 300 MG CPR;2016;2019;3;0.07;0.12;67.86;11.41;42.86;⚠️ Pressão de demanda — subiu acima do IPCA
DOXAZOSINA 2 MG;2015;2018;4;0.07;0.11;62.17;13.53;42.86;⚠️ Pressão de demanda — subiu acima do IPCA
ABRAÇADEIRA PVC ELETRODUTO 1.1/2;2015;2021;6;1.75;3.4;94.29;36.22;42.86;⚠️ Pressão de demanda — subiu acima do IPCA
CARIMBO EM ESTOJO AUTO ENTINTADO TAM. 2,6 X 1,00;2015;2019;4;9.46;16.0;69.13;18.42;42.81;⚠️ Pressão de demanda — subiu acima do IPCA
CORRENTE PARA CADEADO 6MM;2015;2021;6;9.9;19.25;94.44;36.22;42.73;⚠️ Pressão de demanda — subiu acima do IPCA
ESCANINHO PARA CORRESPONDÊNCIA;2018;2021;4;34.7;59.4;71.18;19.99;42.7;⚠️ Pressão de demanda — subiu acima do IPCA
TECLADO ABNT 2 - USB - PT BR;2017;2024;3;45.0;92.7;106.0;44.44;42.63;⚠️ Pressão de demanda — subiu acima do IPCA
RETROESCAVADEIRA JCB 3CX;2021;2025;5;16.5;28.4;72.12;20.97;42.28;⚠️ Pressão de demanda — subiu acima do IPCA
FITA AUTO ADESIVA CREPE;2018;2021;4;6.45;11.0;70.54;19.99;42.25;⚠️ Pressão de demanda — subiu acima do IPCA
MOTORES (COMPRESSOR);2017;2022;3;373.93;700.0;87.2;31.69;42.15;⚠️ Pressão de demanda — subiu acima do IPCA
CJ. EIXO PINÇA COM ROTOR DABI MRS PB;2021;2023;3;171.8;270.0;57.16;10.68;41.99;⚠️ Pressão de demanda — subiu acima do IPCA
CARGA DE GÁS DE COZINHA P45;2015;2025;8;210.4;492.07;133.87;64.79;41.92;⚠️ Pressão de demanda — subiu acima do IPCA
BRAÇADEIRA PARA PNI EM NYLON 2 VIAS COMPATÍVEL COM MONITOR M;2019;2022;4;42.5;73.4;72.71;21.69;41.91;⚠️ Pressão de demanda — subiu acima do IPCA
MACARRÃO TIPO CONCHINHA;2018;2023;4;2.87;5.42;88.85;32.8;41.9;⚠️ Pressão de demanda — subiu acima do IPCA
MARGARINA (CREME VEGETAL);2020;2023;3;3.88;6.7;72.68;21.81;41.85;⚠️ Pressão de demanda — subiu acima do IPCA
EDTA LIQUIDO TRISSÓDICO 17%;2019;2024;5;4.5;8.52;89.33;33.47;41.84;⚠️ Pressão de demanda — subiu acima do IPCA
BUMBO 22X14 MARCHING BAND;2019;2025;3;820.0;1618.19;97.34;39.16;41.81;⚠️ Pressão de demanda — subiu acima do IPCA
PROMETAZINA 50 MG SOL INJ. 2 ML;2016;2019;3;1.09;1.73;58.72;11.41;41.75;⚠️ Pressão de demanda — subiu acima do IPCA
FENTANILA 0,05MG/ML, INJETÁVEL, AMPOLA 2ML.;2019;2024;5;1.0;1.89;89.21;33.47;41.67;⚠️ Pressão de demanda — subiu acima do IPCA
CONE DE PAPEL ABSORVENTE SEGUNDA SÉRIE- CONJUNTO DE CONES NÚ;2015;2021;4;17.76;34.25;92.85;36.22;41.55;⚠️ Pressão de demanda — subiu acima do IPCA
ANEL DO PISTÃO INT.48MM X LARG 1,03MM DO COMPRESSO;2022;2024;3;125.66;195.0;55.19;9.68;41.5;⚠️ Pressão de demanda — subiu acima do IPCA
ESTOPA PCT 400GR;2018;2021;4;3.53;6.0;69.97;19.99;41.48;⚠️ Pressão de demanda — subiu acima do IPCA
PREGO COM CABEÇA 10X10,PACOTE DE 01 KG;2015;2018;4;10.09;16.2;60.6;13.53;41.48;⚠️ Pressão de demanda — subiu acima do IPCA
CHALEIRA ELÉTRICA;2020;2025;4;84.5;159.0;88.17;33.14;41.34;⚠️ Pressão de demanda — subiu acima do IPCA
CAL BRANCO PARA PINTURA 8KG;2019;2021;3;5.32;8.64;62.41;15.03;41.2;⚠️ Pressão de demanda — subiu acima do IPCA
CAP SOLDAVEL 32MM;2015;2021;6;0.85;1.64;92.94;36.22;41.18;⚠️ Pressão de demanda — subiu acima do IPCA
CJ. EIXO PINÇA COM ROTOR KAVO 605 PB;2021;2023;3;172.79;270.0;56.26;10.68;41.17;⚠️ Pressão de demanda — subiu acima do IPCA
GRAMPO PARA GRAMPEADOR GALVANIZADO 26/6 CAIXA COM 5000;2018;2021;3;2.24;3.79;69.2;19.99;41.12;⚠️ Pressão de demanda — subiu acima do IPCA
CANALETA PVC COM TAMPA,LARGURA 30MM ALTURA 30MM VENTILADA E;2015;2021;6;7.98;15.34;92.23;36.22;41.1;⚠️ Pressão de demanda — subiu acima do IPCA
INTERRUPTOR TECLA RETA VERDE;2021;2024;4;29.69;48.6;63.69;16.03;41.06;⚠️ Pressão de demanda — subiu acima do IPCA
CHUCHU;2015;2025;11;1.74;4.03;132.13;64.79;40.92;⚠️ Pressão de demanda — subiu acima do IPCA
ADOCANTE;2016;2024;8;3.79;7.95;109.76;48.71;40.9;⚠️ Pressão de demanda — subiu acima do IPCA
SALGADINHOS DIVERSOS;2018;2023;4;54.0;101.0;87.04;32.8;40.85;⚠️ Pressão de demanda — subiu acima do IPCA
SUPORTE VEICULAR 02 KLS;2015;2023;7;16.0;33.97;112.32;50.77;40.81;⚠️ Pressão de demanda — subiu acima do IPCA
RECAUCHUTAGEM DE PNEU 19,5X24 12 LONAS TRASEIRO;2015;2018;3;991.46;1585.0;59.87;13.53;40.81;⚠️ Pressão de demanda — subiu acima do IPCA
CARIOSTÁTICO 30% A BASE DE DIAMINUFLUORETO DE PRATA;2020;2025;3;12.5;23.44;87.52;33.14;40.79;⚠️ Pressão de demanda — subiu acima do IPCA
CANECA ESCOLAR CAPACIDADE  300 ML.;2016;2025;3;2.98;6.5;118.12;55.04;40.71;⚠️ Pressão de demanda — subiu acima do IPCA
APLICADOR DE DYCAL;2015;2021;4;4.38;8.4;91.56;36.22;40.71;⚠️ Pressão de demanda — subiu acima do IPCA
PÃO FATIADO;2018;2024;6;4.32;8.47;96.06;39.22;40.68;⚠️ Pressão de demanda — subiu acima do IPCA
CJ INTERRUPTOR 2 TECLAS SIMPLES (INTERNA);2015;2021;6;6.18;11.84;91.59;36.22;40.61;⚠️ Pressão de demanda — subiu acima do IPCA
SABAO LIQUIDO DE COCO 5 LTS;2017;2024;3;8.87;18.0;102.93;44.44;40.44;⚠️ Pressão de demanda — subiu acima do IPCA
TRICRESOL FORMALINA - FRASCO COM 10 ML.;2018;2024;3;4.32;8.46;95.83;39.22;40.42;⚠️ Pressão de demanda — subiu acima do IPCA
COLETOR PARA MATERIAIS PERFURO CORTANTE (CAPACIDADE 13 LITRO;2015;2022;7;2.4;4.85;102.08;44.11;40.42;⚠️ Pressão de demanda — subiu acima do IPCA
MOLHO DE PIMENTA;2019;2021;3;3.99;6.44;61.4;15.03;40.36;⚠️ Pressão de demanda — subiu acima do IPCA
CABO AÇO GALV. A. FIBRA 5/16;2015;2021;6;5.7;10.9;91.23;36.22;40.35;⚠️ Pressão de demanda — subiu acima do IPCA
FIO ELÉTRICO FLEXIVEL 2,5MM;2015;2021;7;1.16;2.2;90.48;36.22;40.26;⚠️ Pressão de demanda — subiu acima do IPCA
CONECTOR CUNHA DE ALUMINIO AMPACTINHO TIPO B;2018;2021;3;2.96;4.98;68.24;19.99;40.23;⚠️ Pressão de demanda — subiu acima do IPCA
REDUTOR DE PRESSÃO PARA GÁS GLP P46;2018;2021;3;29.06;48.9;68.27;19.99;40.23;⚠️ Pressão de demanda — subiu acima do IPCA
LIVRO ATA PAUTADO COM 200 FOLHAS;2015;2024;5;9.6;21.26;121.46;58.06;40.1;⚠️ Pressão de demanda — subiu acima do IPCA
LENÇOL DE BORRACHA PURO LÁTEX;2015;2020;4;13.5;23.4;73.33;23.77;40.07;⚠️ Pressão de demanda — subiu acima do IPCA
ADESIVO PVC 175GR C/ PINCEL;2015;2021;6;8.99;17.15;90.77;36.22;40.04;⚠️ Pressão de demanda — subiu acima do IPCA
RANITIDINA CLORIDRATO 150MG CPR;2016;2019;3;0.06;0.08;42.11;11.41;40.0;⚠️ Pressão de demanda — subiu acima do IPCA
LEVOTIROXINA SÓDICA 100MCG CPR, EM BLISTER.;2019;2024;5;0.06;0.11;68.62;33.47;40.0;⚠️ Pressão de demanda — subiu acima do IPCA
JOELHO SOLDAVEL 20X90º;2015;2018;4;0.25;0.4;60.0;13.53;40.0;⚠️ Pressão de demanda — subiu acima do IPCA
METFORMINA 850MG CPR, EM BLISTER.;2019;2024;5;0.06;0.11;94.66;33.47;40.0;⚠️ Pressão de demanda — subiu acima do IPCA
ENVELOPE PAPEL PARDO TAMANHO 34 X 24 CM;2015;2024;9;0.1;0.22;120.0;58.06;40.0;⚠️ Pressão de demanda — subiu acima do IPCA
CETOCONAZOL 200 MG;2016;2020;5;0.11;0.17;53.64;16.45;40.0;⚠️ Pressão de demanda — subiu acima do IPCA
PISO CERÂMICO 45 X 45 A PEI-5 (CHÃO);2015;2021;6;8.79;16.75;90.56;36.22;39.93;⚠️ Pressão de demanda — subiu acima do IPCA
AUTO PARA COLETA DE ÁGUA PARA CONSUMO HUMANO- 2 VIAS AUTOCOP;2016;2023;3;7.0;13.9;98.57;41.85;39.91;⚠️ Pressão de demanda — subiu acima do IPCA
PONTA IRRIGADORA  (AGULHA ENDO-EZE)- 25MM;2023;2025;3;55.55;84.88;52.8;9.3;39.82;⚠️ Pressão de demanda — subiu acima do IPCA
BRITA Nº 01;2015;2021;6;49.62;94.5;90.43;36.22;39.79;⚠️ Pressão de demanda — subiu acima do IPCA
CJ COMPLETO MANOPLA PARA AUTOCLAVE HORIZONTAL STERMAX;2022;2025;4;212.71;340.0;59.84;14.35;39.78;⚠️ Pressão de demanda — subiu acima do IPCA
CONE GUTA PERCHA MICROTIPPED FM 34MM;2021;2024;3;36.99;59.99;62.18;16.03;39.78;⚠️ Pressão de demanda — subiu acima do IPCA
REATOR ELETR. 1X40W ALTO FATOR;2015;2017;3;8.5;13.0;52.94;9.43;39.76;⚠️ Pressão de demanda — subiu acima do IPCA
CAIXA ARQUIVO MORTO DESMONTÁVEL;2018;2021;4;2.86;4.8;67.83;19.99;39.68;⚠️ Pressão de demanda — subiu acima do IPCA
AZEITE DE OLIVA TIPO EXTRA VIRGEM;2015;2021;6;15.5;29.49;90.26;36.22;39.68;⚠️ Pressão de demanda — subiu acima do IPCA
REFRIGERANTE 2 LITROS;2019;2024;6;4.73;8.8;86.05;33.47;39.6;⚠️ Pressão de demanda — subiu acima do IPCA
LUVA LR 25 X 3/4;2015;2021;6;0.96;1.83;90.63;36.22;39.58;⚠️ Pressão de demanda — subiu acima do IPCA
BOTÃO DE NANCE + LEVANTE DE MORDIDA;2020;2023;4;50.0;85.0;70.0;21.81;39.55;⚠️ Pressão de demanda — subiu acima do IPCA
REFRIGERANTE SABORES DIVERSOS 350 ML;2019;2024;6;2.19;4.08;86.3;33.47;39.46;⚠️ Pressão de demanda — subiu acima do IPCA
CALÇO INTEGRAL BORRACHA MOTOR S45/S55;2022;2025;4;18.8;30.0;59.57;14.35;39.46;⚠️ Pressão de demanda — subiu acima do IPCA
FILTRO DE PAPEL 103 CAIXA COM 30 UNIDADES;2019;2024;6;2.85;5.31;86.32;33.47;39.42;⚠️ Pressão de demanda — subiu acima do IPCA
CAMARA DE AR 900X20;2016;2021;3;103.0;184.0;78.64;28.16;39.4;⚠️ Pressão de demanda — subiu acima do IPCA
CURATIVO DE HIDROGEL;2020;2025;5;31.37;58.2;85.53;33.14;39.33;⚠️ Pressão de demanda — subiu acima do IPCA
TALA DE PAPELÃO 50X20;2019;2022;4;7.08;12.0;69.49;21.69;39.3;⚠️ Pressão de demanda — subiu acima do IPCA
RECHEIO DE COCO;2020;2023;4;66.65;113.09;69.68;21.81;39.29;⚠️ Pressão de demanda — subiu acima do IPCA
ORIENTAÇÕES CAPS III- FRENTE E VERSO;2016;2019;3;2.38;3.7;55.46;11.41;39.29;⚠️ Pressão de demanda — subiu acima do IPCA
PANELA DE PRESSÃO  20,8 LITROS;2018;2025;4;295.37;597.0;102.12;45.15;39.25;⚠️ Pressão de demanda — subiu acima do IPCA
IOGURTE;2017;2025;7;2.9;6.08;109.66;50.59;39.25;⚠️ Pressão de demanda — subiu acima do IPCA
ACÉM BOVINO;2018;2024;7;17.05;33.04;93.78;39.22;39.15;⚠️ Pressão de demanda — subiu acima do IPCA
CEFALEXINA 500MG, CAPSULA OU COMPRIMIDO, EM BLISTER.;2019;2024;5;0.27;0.51;86.81;33.47;39.13;⚠️ Pressão de demanda — subiu acima do IPCA
BOCAL PORCELANA E-27 RETO SIMPLES;2016;2021;5;1.99;3.54;77.89;28.16;39.04;⚠️ Pressão de demanda — subiu acima do IPCA
SIMETICONA 75MG/ML SOLUÇÃO ORAL, FRASCO 10ML.;2019;2024;5;0.7;1.3;84.92;33.47;38.98;⚠️ Pressão de demanda — subiu acima do IPCA
CURVA ESGOTO CURTA 100 X 90º;2015;2021;6;7.84;14.84;89.29;36.22;38.9;⚠️ Pressão de demanda — subiu acima do IPCA
ACHOCOLATADO EM PÓ ZERO AÇÚCAR, LACTOSE E GLUTÉN;2018;2021;4;21.0;35.0;66.67;19.99;38.86;⚠️ Pressão de demanda — subiu acima do IPCA
BENZILPENICILINA BENZATINA - 600.000 UI;2015;2023;3;3.9;8.15;108.97;50.77;38.72;⚠️ Pressão de demanda — subiu acima do IPCA
GARFO DESCARTÁVEL;2016;2021;4;2.5;4.44;77.6;28.16;38.72;⚠️ Pressão de demanda — subiu acima do IPCA
KIT CITOLOGIA - 01 ESCOVA ENDOCERVICAL + 01 ESPÁTULA DE AIRE;2018;2022;5;0.35;0.62;77.14;26.94;38.71;⚠️ Pressão de demanda — subiu acima do IPCA
SABONETE - EM BARRA DE 90 GRAMAS;2016;2020;4;0.66;1.06;60.61;16.45;38.71;⚠️ Pressão de demanda — subiu acima do IPCA
ELABORAÇÃO DE PROJETO PREVENTIVO DE INCÊNDIO (PPCI) DE CONSTRUÇÕES E REFORMAS DE EDIFICAÇÕES;2022;2025;3;15.0;23.8;58.67;14.35;38.71;⚠️ Pressão de demanda — subiu acima do IPCA
FLUXO E CONTRA-FLUXO;2016;2023;6;1.59;3.14;97.48;41.85;38.67;⚠️ Pressão de demanda — subiu acima do IPCA
PASTA ARQUIVO POLIPROPILENO 335 X 20 X 235 MM.;2020;2023;3;1.63;2.76;69.33;21.81;38.64;⚠️ Pressão de demanda — subiu acima do IPCA
LEITE;2015;2020;4;2.2;3.77;71.18;23.77;38.64;⚠️ Pressão de demanda — subiu acima do IPCA
ENXADA EM AÇO CARBONO  TEMPERADO COM CABO DE MADEIRA;2015;2019;3;11.46;18.8;64.05;18.42;38.57;⚠️ Pressão de demanda — subiu acima do IPCA
SONDA MILIMETRADA;2015;2019;4;15.39;25.25;64.07;18.42;38.53;⚠️ Pressão de demanda — subiu acima do IPCA
RECAUCHUTAGEM DE PNEU 1100X22 12 LONAS;2015;2019;5;337.67;553.68;63.97;18.42;38.47;⚠️ Pressão de demanda — subiu acima do IPCA
LUVA ESGOTO 40MM;2015;2018;4;0.6;0.94;56.67;13.53;38.33;⚠️ Pressão de demanda — subiu acima do IPCA
BACIA NA COR BRANCA 34 LITROS;2018;2025;3;16.0;32.1;100.63;45.15;38.25;⚠️ Pressão de demanda — subiu acima do IPCA
BASE PARA FIXAÇÃO DE RELÊ FOTO-ELÉTRICO PARA LÂMPADAS 1000W.;2015;2018;4;5.78;9.07;56.92;13.53;38.24;⚠️ Pressão de demanda — subiu acima do IPCA
CADERNO ESPIRAL (PEQUENO) 1/4 CAPA DURA;2015;2024;5;2.15;4.7;118.6;58.06;38.14;⚠️ Pressão de demanda — subiu acima do IPCA
IMIPRAMINA 25MG CPR .;2019;2023;4;0.25;0.44;75.96;27.32;38.1;⚠️ Pressão de demanda — subiu acima do IPCA
MONITOR 19,5;2018;2022;3;565.2;990.0;75.16;26.94;37.99;⚠️ Pressão de demanda — subiu acima do IPCA
SUPORTE PARA INSTALAÇÃO E FIXAÇÃO DE 01 LUMINÁRIAS;2015;2021;3;55.63;104.56;87.96;36.22;37.98;⚠️ Pressão de demanda — subiu acima do IPCA
CHOCOLATE AO LEITE PURO EM LASCAS;2020;2024;5;28.95;51.0;76.17;27.7;37.96;⚠️ Pressão de demanda — subiu acima do IPCA
NEOMICINA + BACITRACINA POMADA 10G;2016;2020;4;0.92;1.48;60.87;16.45;37.93;⚠️ Pressão de demanda — subiu acima do IPCA
CAMARA DE AR 1400X24;2016;2021;4;189.0;334.0;76.72;28.16;37.89;⚠️ Pressão de demanda — subiu acima do IPCA
SOBRECOXA DE FRANGO;2015;2021;5;6.1;11.45;87.7;36.22;37.87;⚠️ Pressão de demanda — subiu acima do IPCA
RECAUCHUTAGEM DE PNEU 1400X24 BORRACHUDO 16 LONAS;2015;2018;3;790.29;1235.0;56.27;13.53;37.65;⚠️ Pressão de demanda — subiu acima do IPCA
SWITCH 8 PORTAS 10/100;2015;2018;4;64.0;100.0;56.25;13.53;37.62;⚠️ Pressão de demanda — subiu acima do IPCA
REPOLHO VERDE;2015;2025;5;2.05;4.64;126.34;64.79;37.56;⚠️ Pressão de demanda — subiu acima do IPCA
PREDNISONA 5MG CPR.;2019;2023;4;0.1;0.16;60.0;27.32;37.5;⚠️ Pressão de demanda — subiu acima do IPCA
ISOSSORBIDA, DINITRATO 5MG SUBLINGUAL;2015;2018;4;0.16;0.25;51.61;13.53;37.5;⚠️ Pressão de demanda — subiu acima do IPCA
LEITE INTEGRAL EM PÓ INSTANTÂNEO VITAMINADO;2015;2025;5;16.0;36.25;126.56;64.79;37.47;⚠️ Pressão de demanda — subiu acima do IPCA
CANALETA SISTEMA 50 X 20 X 2000 MM;2017;2021;5;12.86;22.0;71.07;24.48;37.45;⚠️ Pressão de demanda — subiu acima do IPCA
CUBA REDONDA PARA ASSEPSIA, PROFUNDIDADE 5CM, DIÂMETRO 10CM,;2019;2021;3;11.7;18.5;58.12;15.03;37.45;⚠️ Pressão de demanda — subiu acima do IPCA
PROTETOR SOLAR, FATOR 30, FRASCO COM 120ML OU 125ML.;2021;2024;3;7.2;11.49;59.58;16.03;37.43;⚠️ Pressão de demanda — subiu acima do IPCA
CARNE SUÍNA COSTELA DE PORCO;2018;2021;4;14.7;24.24;64.9;19.99;37.37;⚠️ Pressão de demanda — subiu acima do IPCA
RELE FOTOELÉTRICO 1000W ELETRONICO;2015;2021;6;13.9;26.0;87.05;36.22;37.34;⚠️ Pressão de demanda — subiu acima do IPCA
CARVÃO ATIVADO 1KG;2015;2018;3;31.29;48.79;55.91;13.53;37.33;⚠️ Pressão de demanda — subiu acima do IPCA
TINTA ACRÍLICA ACAB. FOSCO P/ PISOS CIMENT. (VERMELHO OXIDO);2015;2018;4;119.0;185.44;55.83;13.53;37.26;⚠️ Pressão de demanda — subiu acima do IPCA
CARNE DE FRANGO CONGELADA: GALINHA CAIPIRA, SERRADA COM OSSO;2018;2023;3;7.65;13.95;82.35;32.8;37.24;⚠️ Pressão de demanda — subiu acima do IPCA
CABO CCI 2 PARES.;2015;2018;4;0.47;0.74;56.38;13.53;37.23;⚠️ Pressão de demanda — subiu acima do IPCA
CAL PINTURA 8KG;2015;2018;4;4.99;7.78;55.81;13.53;37.17;⚠️ Pressão de demanda — subiu acima do IPCA
DICLOFENACO DE SÓDIO 75 MG SOL INJ. 3 ML;2016;2020;4;0.37;0.59;59.46;16.45;37.14;⚠️ Pressão de demanda — subiu acima do IPCA
ADRENALINA 1MG/ML 1ML;2015;2018;4;1.16;1.8;55.17;13.53;37.07;⚠️ Pressão de demanda — subiu acima do IPCA
ATADURAS DE CREPOM 06 CM DE LARGURA  1.80 M DE COMPRIMENTO;2015;2022;3;0.27;0.53;96.3;44.11;37.04;⚠️ Pressão de demanda — subiu acima do IPCA
AMALGAMA EM CÁPSULA - 2 PORÇÕES - KIT 50 CÁPSULAS;2020;2024;4;110.0;192.5;75.0;27.7;37.04;⚠️ Pressão de demanda — subiu acima do IPCA
BORRACHA PARA ESTOJO 5,9 A 7,5;2015;2019;4;6.16;10.0;62.34;18.42;37.01;⚠️ Pressão de demanda — subiu acima do IPCA
GÁS R134 (CARGA);2015;2019;5;73.97;120.0;62.22;18.42;36.98;⚠️ Pressão de demanda — subiu acima do IPCA
MONTAGEM DE DIVISÓRIAS E PERFIS;2018;2021;4;26.8;44.05;64.37;19.99;36.98;⚠️ Pressão de demanda — subiu acima do IPCA
CÂMARA DE AR 14;2019;2025;4;21.0;40.0;90.48;39.16;36.89;⚠️ Pressão de demanda — subiu acima do IPCA
TENOXICAM 20MG PÓ LIOF.  INJ.;2016;2019;3;3.8;5.8;52.61;11.41;36.87;⚠️ Pressão de demanda — subiu acima do IPCA
CABO DE PÁ DE JUNTAR;2015;2021;6;4.64;8.65;86.42;36.22;36.85;⚠️ Pressão de demanda — subiu acima do IPCA
ARCO LINGUAL;2020;2023;4;48.0;80.0;66.67;21.81;36.82;⚠️ Pressão de demanda — subiu acima do IPCA
GIZ DE CERA: COLORIDO;2020;2022;3;1.78;2.84;59.55;16.43;36.81;⚠️ Pressão de demanda — subiu acima do IPCA
CONE GUTA PERCHA MICROTIPPED FR 34MM, EXTRA LONGO;2023;2025;3;58.49;87.44;49.5;9.3;36.79;⚠️ Pressão de demanda — subiu acima do IPCA
AMARELO NEW HOLLAND ESM SINT AUTOMOTIVO 3,6L;2018;2021;4;72.53;119.0;64.07;19.99;36.74;⚠️ Pressão de demanda — subiu acima do IPCA
KIT CIRÚRGICO ESTÉRIL DESCARTÁVEL;2023;2025;3;24.0;35.86;49.42;9.3;36.68;⚠️ Pressão de demanda — subiu acima do IPCA
TINTA ACRÍLICA,ACABAMENTO SEMI-BRILHO NA COR:VERMELHO CARDIN;2015;2018;4;192.0;297.88;55.14;13.53;36.65;⚠️ Pressão de demanda — subiu acima do IPCA
SALSICHA HOT DOG;2018;2024;5;7.6;14.45;90.13;39.22;36.62;⚠️ Pressão de demanda — subiu acima do IPCA
UNTA FORMAS - NA CENTRAL;2018;2021;3;59.18;97.0;63.89;19.99;36.59;⚠️ Pressão de demanda — subiu acima do IPCA
CONSULTÓRIO ODONTOLÓGICO - CONJUNTO ODONTOLÓGICO.;2015;2024;3;11200.0;24177.0;115.87;58.06;36.57;⚠️ Pressão de demanda — subiu acima do IPCA
DIPIRONA SÓDICA 500MG/ML SOLUÇÃO ORAL, FRASCO 10ML.;2019;2024;5;0.61;1.13;85.25;33.47;36.54;⚠️ Pressão de demanda — subiu acima do IPCA
FERMENTO EM PO;2015;2024;9;3.34;7.2;115.57;58.06;36.53;⚠️ Pressão de demanda — subiu acima do IPCA
DECLARAÇÃO DE COMPARECIMENTO;2016;2023;6;1.6;3.1;93.75;41.85;36.42;⚠️ Pressão de demanda — subiu acima do IPCA
PLACA - ADESIVO 35,5X21CM PAPEL COUCHE;2019;2023;3;7.49;13.0;73.56;27.32;36.39;⚠️ Pressão de demanda — subiu acima do IPCA
IMPRESSORA MULTIFUNCIONAL LASER MONOCROMÁTICA;2016;2020;3;1498.0;2378.0;58.74;16.45;36.33;⚠️ Pressão de demanda — subiu acima do IPCA
PASTA ARQUIVO POLIPROPILENO 335 X 55 X 235 MM.;2020;2023;3;2.35;3.91;66.38;21.81;36.32;⚠️ Pressão de demanda — subiu acima do IPCA
PRESUNTO FATIADO;2015;2024;9;14.49;31.2;115.32;58.06;36.23;⚠️ Pressão de demanda — subiu acima do IPCA
CERA UTILIDADE;2017;2025;5;9.47;19.42;105.07;50.59;36.18;⚠️ Pressão de demanda — subiu acima do IPCA
ACETILCISTEINA 600MG/ENV5GR;2016;2019;3;0.5;0.76;52.0;11.41;36.17;⚠️ Pressão de demanda — subiu acima do IPCA
TEMPERO PIMENTA;2018;2024;7;2.7;5.12;89.63;39.22;36.13;⚠️ Pressão de demanda — subiu acima do IPCA
CONE DE SINALIZAÇÃO, 75CM DE ALTURA, MATERIAL FLEXÍVEL, LARA;2021;2024;3;39.89;63.0;57.93;16.03;36.13;⚠️ Pressão de demanda — subiu acima do IPCA
PÊRA DAGUA NACIONAL;2015;2023;6;4.9;10.05;105.1;50.77;36.12;⚠️ Pressão de demanda — subiu acima do IPCA
FRALDA DESCARTÁVEL ADULTO TAMANHO P;2016;2021;4;0.65;1.13;73.85;28.16;36.07;⚠️ Pressão de demanda — subiu acima do IPCA
ADAPTADOR CURTO SOLDAVEL 25 X 3/4;2015;2021;6;0.5;0.92;84.0;36.22;36.0;⚠️ Pressão de demanda — subiu acima do IPCA
PNEU NOVO 1100X20, COMPACTADOR 18 LONAS;2016;2022;5;2680.0;4940.0;84.33;35.58;35.95;⚠️ Pressão de demanda — subiu acima do IPCA
TONER CIANO HP COLOR LASERJET PRO MFP M180FW ORIGINAL;2019;2024;5;295.0;535.0;81.36;33.47;35.88;⚠️ Pressão de demanda — subiu acima do IPCA
GARFINHO DESCARTÁVEL PARA BOLO;2018;2023;4;2.98;5.37;80.2;32.8;35.88;⚠️ Pressão de demanda — subiu acima do IPCA
"CANO COBRE ¼;";2016;2024;6;10.0;20.2;102.0;48.71;35.81;⚠️ Pressão de demanda — subiu acima do IPCA
BISCOITO SALGADO INTEGRAL - SEM LEITE - NA CENTRAL;2018;2021;3;7.52;12.25;62.9;19.99;35.7;⚠️ Pressão de demanda — subiu acima do IPCA
BANANA BRANCA;2015;2025;11;2.18;4.87;123.74;64.79;35.68;⚠️ Pressão de demanda — subiu acima do IPCA
ABACATE: DE 1ª QUALIDADE,;2022;2024;3;6.93;10.3;48.63;9.68;35.55;⚠️ Pressão de demanda — subiu acima do IPCA
DISPENSER PARA SABONETE LÍQUIDO;2015;2019;4;15.58;25.0;60.46;18.42;35.49;⚠️ Pressão de demanda — subiu acima do IPCA
TINTA ACRÍLICA ACAB. SEMI-BRILHO (VERDE MUSGO);2015;2018;4;195.0;299.88;53.78;13.53;35.45;⚠️ Pressão de demanda — subiu acima do IPCA
CANALETA SISTEMA 20 X 10 X 2000 MM;2017;2021;5;5.93;10.0;68.63;24.48;35.42;⚠️ Pressão de demanda — subiu acima do IPCA
GESSO PEDRA TIPO III;2019;2025;5;3.98;7.49;88.19;39.16;35.42;⚠️ Pressão de demanda — subiu acima do IPCA
OREGANO;2015;2025;10;47.26;105.45;123.13;64.79;35.4;⚠️ Pressão de demanda — subiu acima do IPCA
FIO ELÉTRICO TIPO FLEXÍVEL BITOLA 2 X 1,5MM;2015;2018;4;0.89;1.37;53.93;13.53;35.39;⚠️ Pressão de demanda — subiu acima do IPCA
BUCHA DE REDUÇÃO PVC LONGA SOLD. 32 X 20 MM,NBR 5648.;2015;2021;6;1.5;2.76;84.0;36.22;35.33;⚠️ Pressão de demanda — subiu acima do IPCA
RODO, BASE EM ALUMÍNIO, 55CM;2021;2024;3;21.14;33.19;57.0;16.03;35.31;⚠️ Pressão de demanda — subiu acima do IPCA
REATOR VAPOR MERCURIO 400W;2015;2021;6;60.8;112.05;84.29;36.22;35.3;⚠️ Pressão de demanda — subiu acima do IPCA
REGISTRO DIÁRIO DE ATIVIDADES;2020;2023;3;2.0;3.3;65.0;21.81;35.19;⚠️ Pressão de demanda — subiu acima do IPCA
ARCO DE SERRA PROFISSIONAL 12´´ REGULÁVEL CABO RECARTILHADO;2015;2017;3;11.5;17.0;47.83;9.43;35.13;⚠️ Pressão de demanda — subiu acima do IPCA
COPOS DESCARTÁVEIS PARA CAFÉ DE 50ML.;2018;2023;5;60.9;109.2;79.31;32.8;35.03;⚠️ Pressão de demanda — subiu acima do IPCA
CABO REDE COMP. AZUL 8 X 24 AWG;2015;2021;6;1.2;2.2;83.33;36.22;35.0;⚠️ Pressão de demanda — subiu acima do IPCA
TIMOLOL 0,5%, FRASCO 5ML;2018;2020;3;1.15;1.7;47.25;9.02;34.98;⚠️ Pressão de demanda — subiu acima do IPCA
AGULHAS HIPODÉRMICAS 40 X 12;2018;2021;4;5.78;9.36;61.94;19.99;34.97;⚠️ Pressão de demanda — subiu acima do IPCA
ELETRODUTO CORRUGADO FLEXIVEL KANAFLEX 1.1/4;2015;2021;6;1.23;2.26;83.74;36.22;34.96;⚠️ Pressão de demanda — subiu acima do IPCA
BISCOITO MILHO EMBALAGEM 400G;2020;2024;5;5.1;8.79;72.35;27.7;34.95;⚠️ Pressão de demanda — subiu acima do IPCA
DOCE DE LEITE -;2019;2025;3;6.33;11.9;87.99;39.16;34.95;⚠️ Pressão de demanda — subiu acima do IPCA
PRANCHA DE EUCALIPTO TRATADA SECA;2020;2023;3;1000.0;1643.0;64.3;21.81;34.88;⚠️ Pressão de demanda — subiu acima do IPCA
CARTUCHO HP CC643WL COLOR HP 60 6,5ML;2018;2022;5;108.0;184.9;71.2;26.94;34.87;⚠️ Pressão de demanda — subiu acima do IPCA
SN1;2020;2023;4;140.0;230.0;64.29;21.81;34.87;⚠️ Pressão de demanda — subiu acima do IPCA
"AÇAFRÃO;";2018;2022;3;19.8;33.9;71.21;26.94;34.86;⚠️ Pressão de demanda — subiu acima do IPCA
HALOPERIDOL 5 MG SOL INJ. 1 ML;2016;2019;3;0.7;1.06;51.2;11.41;34.85;⚠️ Pressão de demanda — subiu acima do IPCA
MINI MAÇARICO MICROTORCH;2019;2025;4;316.0;592.95;87.64;39.16;34.84;⚠️ Pressão de demanda — subiu acima do IPCA
CONVERTEDOR FERRUGEM 1 LITRO;2015;2021;6;13.78;25.3;83.6;36.22;34.76;⚠️ Pressão de demanda — subiu acima do IPCA
AGUA OXIGENADA 10% (PERÓXIDO DE HIDROGÊNIO);2020;2022;3;3.53;5.53;56.66;16.43;34.74;⚠️ Pressão de demanda — subiu acima do IPCA
CONE GUTA PERCHA PRINCIPAL 35;2020;2025;3;16.03;28.74;79.29;33.14;34.67;⚠️ Pressão de demanda — subiu acima do IPCA
CONE GUTA PERCHA ACESSÓRIO B8;2020;2025;5;16.03;28.74;79.29;33.14;34.67;⚠️ Pressão de demanda — subiu acima do IPCA
LISINOPRIL 20MG CPR;2016;2019;3;0.28;0.42;48.21;11.41;34.62;⚠️ Pressão de demanda — subiu acima do IPCA
PARACETAMOL 200MG/ML SOLUÇÃO ORAL, FRASCO 15ML.;2019;2024;5;0.62;1.1;77.71;33.47;34.62;⚠️ Pressão de demanda — subiu acima do IPCA
PORCA QUADRADA 16 MM, GALVANIZADO A FOGO;2018;2023;5;0.89;1.59;78.65;32.8;34.62;⚠️ Pressão de demanda — subiu acima do IPCA
FABRICAÇÃO E INSTALAÇÃO (MATERIAL + MÃO DE OBRA) DE CORRIMÃO;2018;2021;3;200.0;323.03;61.51;19.99;34.62;⚠️ Pressão de demanda — subiu acima do IPCA
KIT ODONTOLÓGICO DE HIGIENE DENTAL INFANTIL;2015;2021;4;3.7;6.79;83.51;36.22;34.59;⚠️ Pressão de demanda — subiu acima do IPCA
ESPECULO VAGINAL, DESCARTÁVEL, ESTÉRIL, SEM LUBRIFICAÇÃO G;2018;2020;3;0.92;1.35;46.74;9.02;34.57;⚠️ Pressão de demanda — subiu acima do IPCA
CONE GUTA PERCHA PRINCIPAL 20;2020;2025;3;16.03;28.7;79.04;33.14;34.52;⚠️ Pressão de demanda — subiu acima do IPCA
BISCOITO AGUA E SAL - 400 GR;2017;2023;3;3.77;7.0;85.68;37.78;34.49;⚠️ Pressão de demanda — subiu acima do IPCA
PONTA DE ULTRASSON R2 - (ROSCA EXTERNA) FLATSONIC PARA ENDOD;2020;2024;4;145.0;249.0;71.72;27.7;34.48;⚠️ Pressão de demanda — subiu acima do IPCA
PAPEL MANTEIGA;2018;2024;6;16.03;30.0;87.21;39.22;34.47;⚠️ Pressão de demanda — subiu acima do IPCA
RESINA 800ML;2018;2021;4;22.32;36.0;61.29;19.99;34.44;⚠️ Pressão de demanda — subiu acima do IPCA
MIDAZOLAM, MALEATO 5MG/ML 3ML;2015;2018;4;0.9;1.38;53.11;13.53;34.44;⚠️ Pressão de demanda — subiu acima do IPCA
CADERNO PEQUENO BROCHURA.;2020;2024;3;0.75;1.3;73.33;27.7;34.43;⚠️ Pressão de demanda — subiu acima do IPCA
DOBRADIÇA INOX 3 SEM PARAFUSOS.;2015;2021;6;5.0;9.16;83.2;36.22;34.4;⚠️ Pressão de demanda — subiu acima do IPCA
MANGUEIRA PARA EXTINTOR PQS;2015;2023;7;8.0;16.21;102.59;50.77;34.38;⚠️ Pressão de demanda — subiu acima do IPCA
CONE GUTA PERCHA PRINCIPAL 40;2020;2025;3;16.03;28.68;78.91;33.14;34.36;⚠️ Pressão de demanda — subiu acima do IPCA
FONTE ATX;2016;2020;4;273.5;427.9;56.45;16.45;34.36;⚠️ Pressão de demanda — subiu acima do IPCA
CAIXA PARA APARELHO ORTODÔNTICO SORTIDOS;2020;2024;4;9.09;15.58;71.4;27.7;34.33;⚠️ Pressão de demanda — subiu acima do IPCA
CJ TOMADA 10A 2P+T ABNT SISTEMA X;2015;2021;6;4.78;8.75;83.05;36.22;34.31;⚠️ Pressão de demanda — subiu acima do IPCA
AUTORIZAÇÃO PARA TRATAMENTO DENTÁRIO;2016;2023;6;2.2;4.19;90.45;41.85;34.3;⚠️ Pressão de demanda — subiu acima do IPCA
CADEADO EM LATÃO MACIÇO 45MM COM CHAVES;2015;2021;6;15.99;29.24;82.86;36.22;34.27;⚠️ Pressão de demanda — subiu acima do IPCA
LENÇOL DESCARTÁVEL COM ELÁSTICO (TNT);2018;2020;3;8.13;11.9;46.37;9.02;34.22;⚠️ Pressão de demanda — subiu acima do IPCA
BASTÃO DE COLA QUENTE GROSSO;2019;2024;6;0.48;0.87;81.25;33.47;34.15;⚠️ Pressão de demanda — subiu acima do IPCA
FLANELA PARA LIMPEZA WIPER LIMTECH;2018;2021;3;83.9;135.0;60.91;19.99;34.1;⚠️ Pressão de demanda — subiu acima do IPCA
TERBUTALINA, SULFATO 0,5MG/ML SOLUÇÃO INJETÁVEL 1ML;2015;2018;3;1.12;1.7;51.79;13.53;33.93;⚠️ Pressão de demanda — subiu acima do IPCA
CENTRO DISTRIB. PVC EXT. P/  1 DISJUNTOR;2015;2021;6;5.78;10.55;82.53;36.22;33.91;⚠️ Pressão de demanda — subiu acima do IPCA
BLOCO DE RECADOS GRANDE;2018;2021;4;2.61;4.2;60.92;19.99;33.91;⚠️ Pressão de demanda — subiu acima do IPCA
CONE GUTA PERCHA PRINCIPAL 30;2020;2025;3;16.03;28.56;78.17;33.14;33.82;⚠️ Pressão de demanda — subiu acima do IPCA
TINTA ACRÍLICA ACAB. SEMI-BRILHO (PALHA);2015;2018;4;179.0;271.95;51.93;13.53;33.82;⚠️ Pressão de demanda — subiu acima do IPCA
CARNE BOVINA: COXÃO MOLE;2018;2024;4;21.9;40.8;86.3;39.22;33.8;⚠️ Pressão de demanda — subiu acima do IPCA
MORANGA PRETA;2018;2024;5;2.55;4.75;86.27;39.22;33.78;⚠️ Pressão de demanda — subiu acima do IPCA
REJUNTE DO TIPO EPOXI;2018;2021;3;28.08;45.06;60.49;19.99;33.78;⚠️ Pressão de demanda — subiu acima do IPCA
COADOR DE CAFÉ EM FLANELA 100% ALGODÃO;2020;2024;5;9.9;16.92;70.91;27.7;33.75;⚠️ Pressão de demanda — subiu acima do IPCA
COLETOR PARA MATERIAIS PERFURO CORTANTE (CAPACIDADE 7 LITROS;2015;2022;7;1.96;3.77;92.35;44.11;33.67;⚠️ Pressão de demanda — subiu acima do IPCA
HASTE FLEXÍVEL.;2015;2020;4;0.98;1.62;65.31;23.77;33.67;⚠️ Pressão de demanda — subiu acima do IPCA
CONE GUTA PERCHA, #50/02 - 28MM;2020;2024;4;29.0;49.48;70.62;27.7;33.59;⚠️ Pressão de demanda — subiu acima do IPCA
TELA DE PROJEÇÃO;2016;2019;3;277.8;413.4;48.81;11.41;33.57;⚠️ Pressão de demanda — subiu acima do IPCA
IMPRESSÃO DE LONA FRONT LIGHT, 4X0 CORES, 440 GR;2021;2024;3;14.0;21.7;55.0;16.03;33.56;⚠️ Pressão de demanda — subiu acima do IPCA
TELHA S/ AMIANTO 2,44 X 0,50 X 4MM;2015;2021;6;11.9;21.64;81.85;36.22;33.53;⚠️ Pressão de demanda — subiu acima do IPCA
SAL REFINADO;2020;2024;5;1.35;2.3;70.0;27.7;33.49;⚠️ Pressão de demanda — subiu acima do IPCA
BACON DEFUMADO;2015;2017;3;16.75;24.45;45.97;9.43;33.37;⚠️ Pressão de demanda — subiu acima do IPCA
ATADURAS DE CREPOM 15 CM DE LARGURA 1.80 M DE COMPRIMENTO;2015;2022;3;0.6;1.16;93.37;44.11;33.33;⚠️ Pressão de demanda — subiu acima do IPCA
PARACETAMOL 750 MG;2016;2019;4;0.06;0.1;52.86;11.41;33.33;⚠️ Pressão de demanda — subiu acima do IPCA
PARAFUSO FLANGEADO AGULHA 4,2 X 13 (FORRO);2015;2021;6;0.03;0.06;100.0;36.22;33.33;⚠️ Pressão de demanda — subiu acima do IPCA
ISOSSORBIDA, MONONITRATO 20MG;2015;2018;3;0.06;0.09;57.02;13.53;33.33;⚠️ Pressão de demanda — subiu acima do IPCA
COPIA PRETO E BRANCO TAMANHO A4;2017;2022;4;0.13;0.23;76.92;31.69;33.33;⚠️ Pressão de demanda — subiu acima do IPCA
CARVEDILOL 6,25 MG;2015;2018;3;0.06;0.09;45.24;13.53;33.33;⚠️ Pressão de demanda — subiu acima do IPCA
LOSARTANA 50MG COMPRIMIDO REVESTIDO;2015;2018;3;0.03;0.04;17.99;13.53;33.33;⚠️ Pressão de demanda — subiu acima do IPCA
ESPIRONOLACTONA 25MG;2015;2018;3;0.09;0.14;59.49;13.53;33.33;⚠️ Pressão de demanda — subiu acima do IPCA
NIFEDIPINA 20 MG;2016;2019;3;0.03;0.05;62.07;11.41;33.33;⚠️ Pressão de demanda — subiu acima do IPCA
FOLDER 20X21CM 1 DOBRA;2020;2023;3;0.15;0.24;60.0;21.81;33.33;⚠️ Pressão de demanda — subiu acima do IPCA
ARROZ BRANCO;2015;2025;3;1.94;4.25;119.64;64.79;33.33;⚠️ Pressão de demanda — subiu acima do IPCA
VALVULA DE SEGURANÇA TERMOSTATICA PARA AUTOCLAVE AHMC5 E AHM;2018;2020;3;31.0;45.0;45.16;9.02;33.14;⚠️ Pressão de demanda — subiu acima do IPCA
POLVILHO AZEDO;2015;2024;9;4.55;9.57;110.4;58.06;33.04;⚠️ Pressão de demanda — subiu acima do IPCA
TAPETES PERSONALIZADOS PINTADOS 2,00X1,20;2022;2024;3;189.0;275.78;45.92;9.68;33.04;⚠️ Pressão de demanda — subiu acima do IPCA
LIXEIRA 50 LITROS COM TAMPA E PEDAL;2018;2024;3;63.0;116.67;85.19;39.22;33.01;⚠️ Pressão de demanda — subiu acima do IPCA
KIT ODONTOLÓGICO DE HIGIENE DENTAL ADULTO;2019;2022;4;3.62;5.87;61.93;21.69;33.01;⚠️ Pressão de demanda — subiu acima do IPCA
SALGADO FRITO TIPO PASTEL DE QUEIJO;2015;2018;4;48.69;73.5;50.95;13.53;32.96;⚠️ Pressão de demanda — subiu acima do IPCA
CANALETA BRANCA  50X20X2,00;2016;2022;4;15.4;27.74;80.16;35.58;32.85;⚠️ Pressão de demanda — subiu acima do IPCA
JOELHO SOLDÁVEL 75 X 90º;2015;2021;6;27.5;49.7;80.73;36.22;32.69;⚠️ Pressão de demanda — subiu acima do IPCA
BACIA NA COR BRANCA 8 LITROS;2017;2025;4;4.35;8.7;100.0;50.59;32.66;⚠️ Pressão de demanda — subiu acima do IPCA
AÇUCAR BRANCO REFINADO 1KG;2015;2022;5;2.49;4.75;90.76;44.11;32.53;⚠️ Pressão de demanda — subiu acima do IPCA
HASTE TERRA 1.5M C/ PRESILHA;2015;2021;6;8.0;14.44;80.5;36.22;32.5;⚠️ Pressão de demanda — subiu acima do IPCA
SUPORTE SPLIT 7/12000BTUS - FIBRA;2016;2021;4;28.67;48.67;69.76;28.16;32.48;⚠️ Pressão de demanda — subiu acima do IPCA
SORO RINGER LACTATO 500 ML;2017;2020;3;2.4;3.59;49.58;13.1;32.42;⚠️ Pressão de demanda — subiu acima do IPCA
PASTILHA ADESIVA PARA SANITÁRIO;2016;2019;3;3.44;5.08;47.67;11.41;32.41;⚠️ Pressão de demanda — subiu acima do IPCA
LEITE INTEGRAL CAIXA COM 12 LITROS;2015;2024;8;30.3;63.4;109.24;58.06;32.38;⚠️ Pressão de demanda — subiu acima do IPCA
CARTELA 2 FUROS PARA RX ODONTOLÓGICO;2020;2025;5;6.24;10.99;76.12;33.14;32.34;⚠️ Pressão de demanda — subiu acima do IPCA
ZARCÃO,FUNDO ALQUIDICO;2015;2018;4;47.0;70.6;50.21;13.53;32.32;⚠️ Pressão de demanda — subiu acima do IPCA
SISTEMA DE VIGILÂNCIA ALIMENTAR E NUTRICIONAL MAIORES DE 5 A;2018;2023;5;3.99;7.0;75.44;32.8;32.19;⚠️ Pressão de demanda — subiu acima do IPCA
EQUIPO PARA NUTRIÇÃO ENTERAL;2015;2020;5;0.87;1.42;62.84;23.77;32.18;⚠️ Pressão de demanda — subiu acima do IPCA
RECARGA EXTINTOR AP 10L;2015;2018;3;30.0;45.0;50.0;13.53;32.13;⚠️ Pressão de demanda — subiu acima do IPCA
LAMPADA FLUORESCENTE  20W;2016;2020;3;4.7;7.23;53.83;16.45;32.13;⚠️ Pressão de demanda — subiu acima do IPCA
CONE GUTA PERCHA ACESSÓRIO B7.;2020;2025;5;16.03;28.19;75.86;33.14;32.12;⚠️ Pressão de demanda — subiu acima do IPCA
CAMARA DE AR 1300X24;2016;2021;5;189.0;320.0;69.31;28.16;32.11;⚠️ Pressão de demanda — subiu acima do IPCA
PLANTAGO OVATA SACHE;2018;2020;3;0.6;0.87;45.0;9.02;32.08;⚠️ Pressão de demanda — subiu acima do IPCA
CONE DE PAPEL ABSORVENTE ESTÉRIL PRIMEIRA SÉRIE;2021;2025;4;34.25;54.71;59.74;20.97;32.06;⚠️ Pressão de demanda — subiu acima do IPCA
ORGANIZADOR MULTI USO 10 LITROS PLÁSTICO TRANSPARENTE COM TA;2020;2024;4;21.9;36.9;68.49;27.7;32.0;⚠️ Pressão de demanda — subiu acima do IPCA
ANESTÉSICO MEPIVACAINA 3% SEM VASOCONSTRITOR;2020;2025;5;88.24;155.07;75.74;33.14;32.0;⚠️ Pressão de demanda — subiu acima do IPCA
HALOPERIDOL 5MG/ML  1ML;2015;2018;3;0.69;1.03;49.49;13.53;31.88;⚠️ Pressão de demanda — subiu acima do IPCA
CURVA ELETRODUTO PVC ANTI-CHAMA 2 X 90º PRETA;2015;2021;6;5.9;10.6;79.66;36.22;31.86;⚠️ Pressão de demanda — subiu acima do IPCA
BATATA INGLESA - NAS ESCOLAS;2021;2024;3;3.22;4.92;53.03;16.03;31.78;⚠️ Pressão de demanda — subiu acima do IPCA
CLIPS PARA PAPEL 3/0 CAIXA COM 50 UNIDADES;2019;2024;3;0.97;1.7;75.26;33.47;31.71;⚠️ Pressão de demanda — subiu acima do IPCA
"CONJUNTO BALDE/ESPREMEDOR;";2015;2024;6;334.19;695.59;108.14;58.06;31.69;⚠️ Pressão de demanda — subiu acima do IPCA
FORNECIMENTO E IMPLANTAÇÃO DE TACHÃO A BASE DE RESINA - BI D;2019;2023;3;31.5;52.8;67.62;27.32;31.65;⚠️ Pressão de demanda — subiu acima do IPCA
REGISTRO PVC ESFERA 50MM;2015;2021;6;10.4;18.65;79.33;36.22;31.63;⚠️ Pressão de demanda — subiu acima do IPCA
ORGANIZADOR DE GAVETAS INJETADO EM POLIESTIRENO COM 6 DIVISÓ;2020;2024;4;7.2;12.1;68.06;27.7;31.62;⚠️ Pressão de demanda — subiu acima do IPCA
BOMBA VÁCUO;2020;2025;3;2044.58;3583.0;75.24;33.14;31.62;⚠️ Pressão de demanda — subiu acima do IPCA
CREME DE LEITE SEM LACTOSE;2018;2024;7;3.7;6.78;83.24;39.22;31.6;⚠️ Pressão de demanda — subiu acima do IPCA
VINAGRE DE ÁLCOOL.;2015;2025;7;1.16;2.5;116.45;64.79;31.6;⚠️ Pressão de demanda — subiu acima do IPCA
LEVOFLOXACINO 500MG CPR, EM BLISTER.;2019;2024;5;0.45;0.78;74.2;33.47;31.58;⚠️ Pressão de demanda — subiu acima do IPCA
FILME DE POLIURETANO TRANSPARENTE E IMPERMEÁVEL 15CMX10M;2020;2023;4;190.0;304.5;60.26;21.81;31.56;⚠️ Pressão de demanda — subiu acima do IPCA
BISCOITO COCO EMBALAGEM 400G;2020;2024;5;5.15;8.65;67.96;27.7;31.49;⚠️ Pressão de demanda — subiu acima do IPCA
PAPEL ALMAÇO COM PAUTA E MARGEM N 05;2016;2022;3;21.32;38.0;78.28;35.58;31.49;⚠️ Pressão de demanda — subiu acima do IPCA
RETROESCAVADEIRA XCMG XT870BR-I;2021;2024;4;25.0;38.12;52.5;16.03;31.44;⚠️ Pressão de demanda — subiu acima do IPCA
ATADURAS DE CREPOM 08 CM DE LARGURA  1.80 M DE COMPRIMENTO;2015;2022;3;0.35;0.66;88.57;44.11;31.43;⚠️ Pressão de demanda — subiu acima do IPCA
ESQUI DUPLO GALVANIZADO;2018;2020;3;2195.01;3145.13;43.29;9.02;31.43;⚠️ Pressão de demanda — subiu acima do IPCA
GODIVA EM BASTÃO;2015;2018;3;16.27;24.27;49.17;13.53;31.41;⚠️ Pressão de demanda — subiu acima do IPCA
CADERNO PARA BAIXA VISÃO;2018;2023;5;8.61;15.0;74.22;32.8;31.27;⚠️ Pressão de demanda — subiu acima do IPCA
GRAMPO CABO DE AÇO 1/8;2015;2021;6;0.48;0.86;79.17;36.22;31.25;⚠️ Pressão de demanda — subiu acima do IPCA
ESSÊNCIA DE BAUNILHA LÍQUIDA PRETA;2018;2024;6;9.85;18.0;82.74;39.22;31.22;⚠️ Pressão de demanda — subiu acima do IPCA
PASTA PARA SOLDA DE PRATA;2019;2025;5;8.8;16.07;82.61;39.16;31.22;⚠️ Pressão de demanda — subiu acima do IPCA
MEMBRANA DA BOMBA;2015;2019;5;15.99;24.84;55.35;18.42;31.21;⚠️ Pressão de demanda — subiu acima do IPCA
FIO ELÉTRICO TIPO RÍGIDO  BITOLA 6,0MM;2015;2018;4;1.94;2.88;48.71;13.53;31.19;⚠️ Pressão de demanda — subiu acima do IPCA
RECAUCHUTAGEM DE PNEU 12,5/80-18 DIANTEIRO;2015;2018;3;718.45;1070.0;48.93;13.53;31.18;⚠️ Pressão de demanda — subiu acima do IPCA
CABEÇA COM TUBOS KAVO (605 ANT);2016;2025;9;93.44;190.0;103.34;55.04;31.16;⚠️ Pressão de demanda — subiu acima do IPCA
CONTATOR 220V  25A AZUL;2016;2020;3;85.06;129.89;52.7;16.45;31.13;⚠️ Pressão de demanda — subiu acima do IPCA
PARACETAMOL 200MG/ML SOLUCAO ORAL 15ML;2015;2018;3;0.45;0.67;50.11;13.53;31.11;⚠️ Pressão de demanda — subiu acima do IPCA
BERINJELA;2015;2024;10;2.99;6.2;107.36;58.06;31.1;⚠️ Pressão de demanda — subiu acima do IPCA
PEPINO - NAS ESCOLAS;2021;2024;3;3.98;6.05;52.01;16.03;30.94;⚠️ Pressão de demanda — subiu acima do IPCA
FILEZINHO DE PEITO DE FRANGO (SASSAMI);2018;2021;4;10.45;16.4;56.94;19.99;30.87;⚠️ Pressão de demanda — subiu acima do IPCA
TUBO DE CONCRETO COM D = 200 MM;2018;2023;3;14.1;24.5;73.76;32.8;30.84;⚠️ Pressão de demanda — subiu acima do IPCA
PRESSOSTATO 4 VIAS 80/120 PSI;2021;2025;5;76.47;121.0;58.23;20.97;30.8;⚠️ Pressão de demanda — subiu acima do IPCA
SALGADO ASSADO FOLHEADO DE PRESUNTO E QUEIJO;2015;2023;6;48.69;96.0;97.16;50.77;30.77;⚠️ Pressão de demanda — subiu acima do IPCA
SALGADO ASSADO FOLHEADO PALMITO;2015;2023;6;48.69;96.0;97.16;50.77;30.77;⚠️ Pressão de demanda — subiu acima do IPCA
SALGADO ASSADO TIPO ESFIHA DE CARNE;2015;2023;5;48.69;96.0;97.16;50.77;30.77;⚠️ Pressão de demanda — subiu acima do IPCA
SAL IODADO;2015;2025;8;0.88;1.9;115.91;64.79;30.68;⚠️ Pressão de demanda — subiu acima do IPCA
GRAMPO CABO DE AÇO 1/4;2015;2021;6;0.75;1.34;78.67;36.22;30.67;⚠️ Pressão de demanda — subiu acima do IPCA
DESINFETANTE PARA HORTIFRUTICULAS;2020;2024;4;26.5;44.21;66.83;27.7;30.64;⚠️ Pressão de demanda — subiu acima do IPCA
TELHA S/ AMIANTO 1,83 X 1,10 X 6MM;2015;2021;6;32.99;58.7;77.93;36.22;30.62;⚠️ Pressão de demanda — subiu acima do IPCA
INTERRUPTOR DE TECLA REDONDO SEM CAPA OLSEN;2022;2025;4;13.4;20.0;49.25;14.35;30.54;⚠️ Pressão de demanda — subiu acima do IPCA
REFIL MOP SECO 60 CM;2020;2024;3;18.57;30.96;66.72;27.7;30.54;⚠️ Pressão de demanda — subiu acima do IPCA
DOCE DE LEITE SEM LACTOSE;2018;2024;7;5.8;10.55;81.9;39.22;30.53;⚠️ Pressão de demanda — subiu acima do IPCA
ADOÇANTE CULINÁRIO;2018;2023;4;14.65;25.38;73.24;32.8;30.47;⚠️ Pressão de demanda — subiu acima do IPCA
TIORIDAZINA 25MG CPR;2016;2019;3;0.25;0.36;43.72;11.41;30.43;⚠️ Pressão de demanda — subiu acima do IPCA
DIPIRONA SÓDICA 500MG/ML SOLUÇÃO ORAL 10ML;2015;2018;3;0.46;0.68;50.22;13.53;30.43;⚠️ Pressão de demanda — subiu acima do IPCA
ESPARADRAPO IMPERMEÁVEL E HIPOALÉRGICO, COM CAPA, 10CMX4,5M;2019;2021;3;5.3;7.95;50.0;15.03;30.36;⚠️ Pressão de demanda — subiu acima do IPCA
LÁPIS PRETO GRAFITE PARA DESENHO NÚMERO 4B;2015;2023;4;0.33;0.65;96.97;50.77;30.3;⚠️ Pressão de demanda — subiu acima do IPCA
BATERIA ESTACIONÁRIA 12V 180AH PARA CÂMARA DE VACINAS;2020;2022;3;1173.7;1779.99;51.66;16.43;30.25;⚠️ Pressão de demanda — subiu acima do IPCA
BOTÃO DE NANCE;2021;2023;3;48.65;70.0;43.88;10.68;30.02;⚠️ Pressão de demanda — subiu acima do IPCA
PARAFUSO AÇO ROSCA SOBERBA 4,2 X 50;2015;2021;6;0.1;0.18;80.0;36.22;30.0;⚠️ Pressão de demanda — subiu acima do IPCA
SACA DE TECIDO CRUA;2015;2021;5;2.4;4.25;77.08;36.22;30.0;⚠️ Pressão de demanda — subiu acima do IPCA
IOGURTE -;2015;2018;3;1.8;2.66;47.78;13.53;30.0;⚠️ Pressão de demanda — subiu acima do IPCA
SERINGA 1ML, SEM AGULHA;2018;2022;5;0.11;0.19;72.73;26.94;30.0;⚠️ Pressão de demanda — subiu acima do IPCA
PRESERVATIVOS MASCULINOS DE 52 MM, COM LUBRIFICANTE;2015;2022;6;0.15;0.28;89.19;44.11;30.0;⚠️ Pressão de demanda — subiu acima do IPCA
DIPIRONA SÓDICA 500MG/ML SOL INJ. 2ML;2016;2020;4;0.32;0.49;51.87;16.45;30.0;⚠️ Pressão de demanda — subiu acima do IPCA
MALHA TUBULAR LARGURA  ORTOPÉDICA 10CM  X COMPRIMENTO 25 M;2015;2018;3;6.97;10.29;47.63;13.53;29.99;⚠️ Pressão de demanda — subiu acima do IPCA
CABO DE PICARETA EM MADEIRA OVAL DE 90 CM;2015;2018;4;6.99;10.31;47.5;13.53;29.97;⚠️ Pressão de demanda — subiu acima do IPCA
ALFACE LISA;2018;2021;4;1.9;2.95;55.26;19.99;29.94;⚠️ Pressão de demanda — subiu acima do IPCA
PINCEL MARCADOR PERMANETE 2PONTAS;2020;2023;3;12.0;19.0;58.33;21.81;29.9;⚠️ Pressão de demanda — subiu acima do IPCA
CLORPROMAZINA 4% GOTAS 20 ML;2016;2020;4;3.7;5.59;51.08;16.45;29.89;⚠️ Pressão de demanda — subiu acima do IPCA
SOLVENTE AGUARRÁS;2018;2021;3;6.1;9.5;55.74;19.99;29.8;⚠️ Pressão de demanda — subiu acima do IPCA
CJ TOMADA REDE COMPUTADOR TIPO RJ45 (INTERNA);2015;2021;6;6.78;11.99;76.84;36.22;29.79;⚠️ Pressão de demanda — subiu acima do IPCA
CORRENTE PARA CADEADO 8MM;2015;2021;6;15.83;27.95;76.56;36.22;29.63;⚠️ Pressão de demanda — subiu acima do IPCA
COMPRESSOR 2HP ROTATIVO.;2015;2018;4;408.5;600.61;47.03;13.53;29.51;⚠️ Pressão de demanda — subiu acima do IPCA
ESPECULO VAGINAL, DESCARTÁVEL, ESTÉRIL, SEM LUBRIFICAÇÃO M;2018;2022;4;0.77;1.27;64.94;26.94;29.41;⚠️ Pressão de demanda — subiu acima do IPCA
FUROSEMIDA 10MG/ML INJETÁVEL, AMPOLA 2ML.;2019;2024;5;0.4;0.7;75.41;33.47;29.41;⚠️ Pressão de demanda — subiu acima do IPCA
DESENGRIPANTE 300ML;2015;2021;6;5.0;8.81;76.2;36.22;29.4;⚠️ Pressão de demanda — subiu acima do IPCA
SAL REFINADO.;2018;2022;3;1.29;2.12;64.73;26.94;29.39;⚠️ Pressão de demanda — subiu acima do IPCA
BROCA DE BAIXA ROTAÇÃO HASTE LONGA N° 4;2015;2025;7;2.42;5.16;113.22;64.79;29.34;⚠️ Pressão de demanda — subiu acima do IPCA
REFRIGERANTE SABOR COLA;2019;2021;3;6.38;9.5;48.9;15.03;29.31;⚠️ Pressão de demanda — subiu acima do IPCA
BISCOITO DE CHOCOLATE.;2022;2024;3;4.58;6.5;41.92;9.68;29.25;⚠️ Pressão de demanda — subiu acima do IPCA
BACTERIOLOGIA DA TUBERCULOSE .;2018;2023;5;3.5;6.0;71.43;32.8;29.22;⚠️ Pressão de demanda — subiu acima do IPCA
PASTA COM ORELHA COM MEDIDAS APROXIMADAS DE 31X22CM;2020;2023;3;0.6;0.94;56.67;21.81;29.17;⚠️ Pressão de demanda — subiu acima do IPCA
SOLUÇÃO DEGERMANTE DE GLUCONATO DE CLOREXIDINA A 2% OU 4%.;2016;2021;6;10.29;17.03;65.5;28.16;29.13;⚠️ Pressão de demanda — subiu acima do IPCA
DOCINHOS DIVERSOS;2018;2023;4;63.0;108.0;71.43;32.8;29.09;⚠️ Pressão de demanda — subiu acima do IPCA
RODÍZIO DIANTEIRO PARA CADEIRA DE RODAS;2021;2023;3;62.3;89.0;42.86;10.68;29.08;⚠️ Pressão de demanda — subiu acima do IPCA
NOBREAK;2019;2025;5;860.0;1544.0;79.53;39.16;29.02;⚠️ Pressão de demanda — subiu acima do IPCA
CÂMARA DE AR 15;2016;2025;8;45.0;90.0;100.0;55.04;28.98;⚠️ Pressão de demanda — subiu acima do IPCA
TRAMADOL, CLORIDRATO 50MG/ML INJETÁVEL, AMPOLA 1ML.;2019;2024;5;0.61;1.06;73.77;33.47;28.85;⚠️ Pressão de demanda — subiu acima do IPCA
FILME DE POLIURETANO TRANSPARENTE E IMPERMEÁVEL 10CMX10M;2020;2023;4;130.0;204.0;56.92;21.81;28.83;⚠️ Pressão de demanda — subiu acima do IPCA
CX LUZ SISTEMA X;2015;2021;6;1.77;3.1;75.14;36.22;28.81;⚠️ Pressão de demanda — subiu acima do IPCA
CARTUCHO EPSON T194120 BLACK XP 104/204;2018;2023;6;38.0;65.0;71.05;32.8;28.8;⚠️ Pressão de demanda — subiu acima do IPCA
LEVODOPA 200MG + BENSERAZIDA 50MG COMPRIMIDO.;2019;2024;5;0.78;1.35;73.08;33.47;28.79;⚠️ Pressão de demanda — subiu acima do IPCA
SULFATO DE MORFINA 10 MG SOL INJ. 1 ML;2016;2019;3;1.55;2.23;43.87;11.41;28.77;⚠️ Pressão de demanda — subiu acima do IPCA
TECIDO NÃO TECIDO  TNT GRAMATURA 40/45G ROLOS DE 580 METROS;2019;2023;3;38.85;63.69;63.94;27.32;28.76;⚠️ Pressão de demanda — subiu acima do IPCA
CHÁ DIVERSOS CAIXA COM 10 SACHETS;2019;2024;6;2.92;5.02;71.92;33.47;28.74;⚠️ Pressão de demanda — subiu acima do IPCA
APARELHO DE AR CONDICIONADO TIPO SPLIT HI- WALL 24.000;2018;2023;5;2930.85;5010.0;70.94;32.8;28.72;⚠️ Pressão de demanda — subiu acima do IPCA
MASSA ALIMENTÍCIA;2018;2022;3;4.75;7.75;63.16;26.94;28.71;⚠️ Pressão de demanda — subiu acima do IPCA
BISCOITO DE CÔCO;2015;2018;3;4.99;7.29;46.09;13.53;28.66;⚠️ Pressão de demanda — subiu acima do IPCA
COMPRESSOR 11/4HP ROTATIVO;2016;2018;3;365.8;502.64;37.41;6.81;28.65;⚠️ Pressão de demanda — subiu acima do IPCA
SINAN - ACIDENTE DE TRABALHO GRAVE;2018;2023;5;5.8;9.9;70.69;32.8;28.57;⚠️ Pressão de demanda — subiu acima do IPCA
CLONAZEPAM 2MG CPR.;2019;2023;3;0.08;0.13;54.76;27.32;28.57;⚠️ Pressão de demanda — subiu acima do IPCA
DISJUNTOR HAAS COM GRANDE LINGUAL;2021;2023;3;105.42;150.0;42.29;10.68;28.56;⚠️ Pressão de demanda — subiu acima do IPCA
HGS 2;2021;2023;3;210.84;300.0;42.29;10.68;28.56;⚠️ Pressão de demanda — subiu acima do IPCA
CABO SINTENAX  4,0MM;2015;2021;6;1.79;3.13;74.86;36.22;28.49;⚠️ Pressão de demanda — subiu acima do IPCA
PRATO DESCARTÁVEL PARA BOLO;2018;2023;4;1.55;2.65;70.97;32.8;28.47;⚠️ Pressão de demanda — subiu acima do IPCA
ROÇADEIRA A GASOLINA STIHL FS 220, TRIMCUT 41-2, CONFORME TERMO DE REFERÊNCIA;2018;2023;3;1875.0;3199.0;70.61;32.8;28.47;⚠️ Pressão de demanda — subiu acima do IPCA
CARNE BOVINA: FÍGADO;2018;2024;5;13.65;24.4;78.75;39.22;28.45;⚠️ Pressão de demanda — subiu acima do IPCA
CORRIMÃO METÁLICO COM PINTURA ELETROSTÁTICA ( METRO LINEAR);2015;2020;4;123.5;196.23;58.89;23.77;28.37;⚠️ Pressão de demanda — subiu acima do IPCA
RECEITUÁRIO B2;2018;2020;3;0.6;0.84;40.0;9.02;28.3;⚠️ Pressão de demanda — subiu acima do IPCA
ADESIVO CIRÚRGICO NON-WOVEN TAMANHO 5X5CM;2020;2023;3;80.0;125.0;56.25;21.81;28.26;⚠️ Pressão de demanda — subiu acima do IPCA
LEITE EM PO 400G INSTANTANEO;2015;2022;5;9.1;16.8;84.62;44.11;28.13;⚠️ Pressão de demanda — subiu acima do IPCA
AMENDOIM TORRADO E MOÍDO;2018;2024;6;10.8;19.25;78.24;39.22;28.08;⚠️ Pressão de demanda — subiu acima do IPCA
SALSICHA TIPO HOT DOG;2015;2023;9;6.24;12.05;93.11;50.77;28.04;⚠️ Pressão de demanda — subiu acima do IPCA
PROGRAMA DE COMBATE A TUBERCULOSE.;2016;2023;6;6.5;11.8;81.54;41.85;27.94;⚠️ Pressão de demanda — subiu acima do IPCA
DISPENSADOR COPO SUJO ÁGUA;2021;2024;3;25.19;37.36;48.31;16.03;27.85;⚠️ Pressão de demanda — subiu acima do IPCA
MONITORAMENTO DAS DOENÇAS DIARREICAS AGUDAS-;2018;2023;5;5.83;9.9;69.81;32.8;27.82;⚠️ Pressão de demanda — subiu acima do IPCA
CÂMARA ESCURA PARA REVELAÇÃO;2019;2025;6;150.15;267.0;77.82;39.16;27.79;⚠️ Pressão de demanda — subiu acima do IPCA
CLORETO DE POTÁSSIO 19,1%, INJETÁVEL, AMPOLA 10ML.;2019;2024;5;0.21;0.37;74.06;33.47;27.78;⚠️ Pressão de demanda — subiu acima do IPCA
BROCA DE ALTA ROTAÇÃO DIAMANTADA Nº3080;2015;2025;7;1.3;2.73;110.0;64.79;27.69;⚠️ Pressão de demanda — subiu acima do IPCA
BROCA ALTA ROTAÇÃO Nº 2135 F;2020;2025;5;1.3;2.21;70.0;33.14;27.62;⚠️ Pressão de demanda — subiu acima do IPCA
TUBO ELETRODUTO PVC 3/4 PRETO (BR 3M);2015;2021;6;6.99;12.15;73.82;36.22;27.61;⚠️ Pressão de demanda — subiu acima do IPCA
TETRACAINA, CLORIDRATO + FENILEFRINA, CLORIDRATO 1% + 0,1% 1;2015;2018;3;6.45;9.34;44.87;13.53;27.6;⚠️ Pressão de demanda — subiu acima do IPCA
VASSOURA PALHA;2018;2021;4;14.7;22.5;53.06;19.99;27.57;⚠️ Pressão de demanda — subiu acima do IPCA
LUVA ELETRODUTO 3/4 PRETA;2015;2021;6;0.98;1.7;73.47;36.22;27.55;⚠️ Pressão de demanda — subiu acima do IPCA
CARIOSTÁTICO A BASE DE DIAMINUFLUORETO DE PRATA 30%;2015;2024;4;10.0;20.15;101.5;58.06;27.5;⚠️ Pressão de demanda — subiu acima do IPCA
ATADURAS DE CREPOM 12 CM DE LARGURA 1.80 M DE COMPRIMENTO;2015;2022;3;0.51;0.93;82.35;44.11;27.45;⚠️ Pressão de demanda — subiu acima do IPCA
TEMPERO MANJERICÃO;2018;2024;7;2.9;5.14;77.24;39.22;27.45;⚠️ Pressão de demanda — subiu acima do IPCA
OLEO DIESEL S10;2015;2024;10;2.74;5.51;101.09;58.06;27.37;⚠️ Pressão de demanda — subiu acima do IPCA
PLANO TERAPÊUTICO SINGULAR CAPS II AD- FRENTE E VERSO;2016;2019;3;3.8;5.4;42.11;11.41;27.37;⚠️ Pressão de demanda — subiu acima do IPCA
VINAGRE DE ALCOOL;2019;2023;5;1.39;2.25;61.87;27.32;27.35;⚠️ Pressão de demanda — subiu acima do IPCA
AZITROMICINA 200MG/5ML (40MG/ML) SUSPENSÃO ORAL, 15ML APÓS RECONSTITUIÇÃO.;2021;2024;3;4.2;6.2;47.62;16.03;27.27;⚠️ Pressão de demanda — subiu acima do IPCA
PANO DE CHAO;2016;2019;3;3.32;4.7;41.57;11.41;27.24;⚠️ Pressão de demanda — subiu acima do IPCA
ACHOCOLATADO EM PÓ.;2015;2022;3;6.44;11.8;83.23;44.11;27.17;⚠️ Pressão de demanda — subiu acima do IPCA
BLOCO DE CONCRETO ESTRUTURAL;2018;2021;3;2.56;3.9;52.34;19.99;27.11;⚠️ Pressão de demanda — subiu acima do IPCA
BISCOITO DOCE.;2015;2017;3;1.79;2.5;39.39;9.43;27.02;⚠️ Pressão de demanda — subiu acima do IPCA
VERNIZ MARITIMO BRILHANTE INCOLOR 3,6L;2015;2018;4;47.95;69.13;44.17;13.53;26.99;⚠️ Pressão de demanda — subiu acima do IPCA
ESPECULO VAGINAL, DESCARTÁVEL, ESTÉRIL, SEM LUBRIFICAÇÃO P;2018;2022;4;0.71;1.16;63.38;26.94;26.98;⚠️ Pressão de demanda — subiu acima do IPCA
SUGADOR DE SALIVA DESCARTÁVEL 130MM X 0,65MM;2015;2021;3;3.86;6.67;72.8;36.22;26.94;⚠️ Pressão de demanda — subiu acima do IPCA
PROJETOR MULTIMÍDIA;2016;2022;5;2951.83;5080.0;72.1;35.58;26.93;⚠️ Pressão de demanda — subiu acima do IPCA
SACO DE PAPEL PARA PIPOCA;2018;2023;4;3.8;6.41;68.68;32.8;26.87;⚠️ Pressão de demanda — subiu acima do IPCA
PLACA CONTROLE DIGITAL ULTRASSOM  DABI ATLANTE;2022;2024;3;410.55;571.3;39.16;9.68;26.87;⚠️ Pressão de demanda — subiu acima do IPCA
LIXEIRA;2015;2018;3;100.66;144.96;44.01;13.53;26.85;⚠️ Pressão de demanda — subiu acima do IPCA
TESOURA CIRÚRGICA IRIS;2015;2018;3;11.1;15.99;44.05;13.53;26.85;⚠️ Pressão de demanda — subiu acima do IPCA
LEITE INTEGRAL UHT;2016;2023;8;2.89;5.2;79.93;41.85;26.84;⚠️ Pressão de demanda — subiu acima do IPCA
PASTA ZINCO-ENÓLICA;2019;2025;6;31.18;54.99;76.36;39.16;26.74;⚠️ Pressão de demanda — subiu acima do IPCA
ÁCIDO VALPROICO 250MG CAPSULA.;2019;2024;5;0.18;0.3;71.43;33.47;26.67;⚠️ Pressão de demanda — subiu acima do IPCA
MANTA BIDIM DRENAGEM 0,20 X 2,30M;2015;2021;6;3.49;6.02;72.49;36.22;26.65;⚠️ Pressão de demanda — subiu acima do IPCA
GRAMPO TRILHO PLASTICO (MACHO/FEMEA);2019;2024;5;4.13;6.99;69.25;33.47;26.65;⚠️ Pressão de demanda — subiu acima do IPCA
GRAMA DO TIPO SEMPRE VERDE;2021;2023;3;8.7;12.2;40.23;10.68;26.6;⚠️ Pressão de demanda — subiu acima do IPCA
ANEL PARA COMPRESSOR SCHULZ;2021;2024;4;47.67;70.0;46.84;16.03;26.58;⚠️ Pressão de demanda — subiu acima do IPCA
NEOMICINA 5MG + BACITRACINA 250 UI/G POMADA 10G;2015;2018;4;0.79;1.14;44.29;13.53;26.58;⚠️ Pressão de demanda — subiu acima do IPCA
ANESTÉSICO MEPIVACAINA 2% COM VASOCONSTRITOR EPINEFRINA 1:10;2020;2023;3;88.22;135.92;54.07;21.81;26.48;⚠️ Pressão de demanda — subiu acima do IPCA
PASTA PARA TRATAMENTO DE ALVEOLITE;2015;2024;3;14.17;28.33;99.93;58.06;26.46;⚠️ Pressão de demanda — subiu acima do IPCA
RECARGA EXTINTOR AP 10 LT;2020;2023;3;28.91;44.54;54.08;21.81;26.46;⚠️ Pressão de demanda — subiu acima do IPCA
LEITE SEMI DESNATADO ZERO LACTOSE;2015;2018;3;2.92;4.19;43.49;13.53;26.37;⚠️ Pressão de demanda — subiu acima do IPCA
SINAN- ATENDIMENTO ANTI-RÁBICO HUMANO;2018;2023;5;5.9;9.9;67.8;32.8;26.35;⚠️ Pressão de demanda — subiu acima do IPCA
NALOXONA, HIDROCLORETO 0,4MG/ML 1ML;2015;2018;3;4.18;6.0;43.52;13.53;26.32;⚠️ Pressão de demanda — subiu acima do IPCA
QUEIJO COLONIAL, FRACIONADO - NAS ESCOLAS;2021;2024;3;30.62;44.87;46.56;16.03;26.32;⚠️ Pressão de demanda — subiu acima do IPCA
LINGÜIÇA DE CARNE DE PERNIL;2018;2023;4;9.45;15.85;67.72;32.8;26.32;⚠️ Pressão de demanda — subiu acima do IPCA
DESFIBRILADOR EXTERNO AUTOMÁTICO (DEA);2020;2023;3;11000.0;16916.0;53.78;21.81;26.24;⚠️ Pressão de demanda — subiu acima do IPCA
ALGODÃO EM ROLETES;2018;2021;4;1.39;2.1;51.08;19.99;26.23;⚠️ Pressão de demanda — subiu acima do IPCA
CABO ALUMINIO MULTIPLEXADO 8,7/15KV 3X1X25+1+25MM TRIFASICO;2017;2021;5;7.07;11.1;57.0;24.48;26.16;⚠️ Pressão de demanda — subiu acima do IPCA
PARACETAMOL 200 MG SOL. ORAL GOTAS 15 ML;2016;2020;4;0.48;0.72;48.25;16.45;26.09;⚠️ Pressão de demanda — subiu acima do IPCA
AMPICILINA 500MG, CAPSULA, EM BLISTER.;2019;2023;4;0.28;0.43;56.36;27.32;26.09;⚠️ Pressão de demanda — subiu acima do IPCA
CHÁ DE HORTELÃ;2020;2023;3;2.9;4.45;53.71;21.81;26.07;⚠️ Pressão de demanda — subiu acima do IPCA
MANTA DE FIBRA 500G;2019;2021;3;12.41;18.0;45.04;15.03;26.05;⚠️ Pressão de demanda — subiu acima do IPCA
SERVIÇO DE MÃO DE OBRA (HORAS);2015;2022;5;67.9;123.33;81.63;44.11;26.04;⚠️ Pressão de demanda — subiu acima do IPCA
ADAPTADOR CURTO SOLDAVEL 32 X 1;2015;2021;6;0.89;1.52;70.79;36.22;25.84;⚠️ Pressão de demanda — subiu acima do IPCA
CANELA EM PAU;2018;2023;4;2.38;3.98;67.23;32.8;25.71;⚠️ Pressão de demanda — subiu acima do IPCA
PNEU CARRINHO DE MÃO 350 X 8 ( 4 LONAS);2015;2018;4;20.0;28.54;42.7;13.53;25.7;⚠️ Pressão de demanda — subiu acima do IPCA
RODAFORRO PVC 6MT;2015;2021;6;14.9;25.5;71.14;36.22;25.64;⚠️ Pressão de demanda — subiu acima do IPCA
COMPASSO CORPO DE METAL;2020;2023;4;3.0;4.58;52.67;21.81;25.62;⚠️ Pressão de demanda — subiu acima do IPCA
FABRICAÇÃO E INSTALAÇÃO (MATERIAL + MÃO DE OBRA) DE GRADE ME;2018;2021;3;250.0;376.79;50.72;19.99;25.61;⚠️ Pressão de demanda — subiu acima do IPCA
PLACA CADEIRAS P1/P2 INTERMEDIARIA DABI/SAEVO/GNATUS/D700;2022;2024;3;1117.84;1540.0;37.77;9.68;25.61;⚠️ Pressão de demanda — subiu acima do IPCA
MOLDEIRA TOTAL LISA ADULTO AÇO INOX 10PEÇAS. DENTADO;2021;2025;4;243.5;369.87;51.9;20.97;25.57;⚠️ Pressão de demanda — subiu acima do IPCA
ÁGUA MINERAL, COM GÁS, 500 ML EM GARRAFA FARDO COM 12 UNI;2019;2022;3;14.0;21.39;52.76;21.69;25.55;⚠️ Pressão de demanda — subiu acima do IPCA
LIXEIRA PLÁSTICA CAP 12L;2018;2021;3;16.5;24.85;50.61;19.99;25.53;⚠️ Pressão de demanda — subiu acima do IPCA
CARTUCHO EPSON T194320 MAGENTA  XP104/204;2018;2023;6;39.0;65.0;66.67;32.8;25.5;⚠️ Pressão de demanda — subiu acima do IPCA
CENTRO DISTRIB. PVC EXT. P/ 06  A 08 DISJUNTORES;2015;2021;6;21.9;37.44;70.96;36.22;25.48;⚠️ Pressão de demanda — subiu acima do IPCA
PAPEL CREPADO EM FOLHAS 40 X 40 CM GRAMATURA 60G/M²;2015;2025;6;72.0;148.84;106.72;64.79;25.44;⚠️ Pressão de demanda — subiu acima do IPCA
CARNE BOVINA: MÚSCULO;2018;2023;4;12.9;21.48;66.51;32.8;25.44;⚠️ Pressão de demanda — subiu acima do IPCA
AÇUCAR BRANCO REFINADO;2015;2025;9;1.89;3.9;106.35;64.79;25.4;⚠️ Pressão de demanda — subiu acima do IPCA
SORO GLICOFISIOLOGICO 250ML;2015;2024;7;2.52;4.99;97.62;58.06;25.4;⚠️ Pressão de demanda — subiu acima do IPCA
CADERNO PEQUENO BROCHURA NÃO RECICLADO;2015;2023;5;0.67;1.27;88.81;50.77;25.37;⚠️ Pressão de demanda — subiu acima do IPCA
PIMENTAO;2015;2025;10;3.54;7.32;106.35;64.79;25.25;⚠️ Pressão de demanda — subiu acima do IPCA
COBERTURA DE ABRIGO METÁLICO (TELHADO);2021;2023;3;325.99;451.63;38.54;10.68;25.17;⚠️ Pressão de demanda — subiu acima do IPCA
TECLADO NUMÉRICO;2020;2025;3;30.0;50.0;66.67;33.14;25.17;⚠️ Pressão de demanda — subiu acima do IPCA
MILHO VERDE  - IN NATURA;2015;2023;8;4.5;8.49;88.67;50.77;25.11;⚠️ Pressão de demanda — subiu acima do IPCA
ÁLCOOL 70% - LITRO.;2018;2021;3;3.4;5.1;50.0;19.99;25.08;⚠️ Pressão de demanda — subiu acima do IPCA
PINHAO;2015;2022;6;6.9;12.43;80.14;44.11;25.07;⚠️ Pressão de demanda — subiu acima do IPCA
TUBO ELETRODUTO PVC 1/2 PRETO (BR 3M);2015;2021;6;5.99;10.2;70.28;36.22;25.04;⚠️ Pressão de demanda — subiu acima do IPCA
BLOCO DE CONCRETO (TIPO PAVER E=6CM);2016;2021;5;26.84;43.0;60.21;28.16;25.03;⚠️ Pressão de demanda — subiu acima do IPCA
PREDNISONA 20 MG;2016;2020;4;0.17;0.25;48.81;16.45;25.0;⚠️ Pressão de demanda — subiu acima do IPCA
CLORTALIDONA 25MG CPR;2016;2020;4;0.09;0.13;44.83;16.45;25.0;⚠️ Pressão de demanda — subiu acima do IPCA
DIGOXINA 0,25 MG;2016;2020;5;0.04;0.07;72.89;16.45;25.0;⚠️ Pressão de demanda — subiu acima do IPCA
ACICLOVIR 50 MG/G CREME;2015;2018;3;1.48;2.1;41.82;13.53;25.0;⚠️ Pressão de demanda — subiu acima do IPCA
DIAZEPAM 10MG.;2015;2018;3;0.04;0.06;71.43;13.53;25.0;⚠️ Pressão de demanda — subiu acima do IPCA
FITOMENADIONA 10MG/ML , INJETÁVEL, AMPOLA 1ML.;2019;2024;5;1.0;1.67;66.64;33.47;25.0;⚠️ Pressão de demanda — subiu acima do IPCA
SULFAMETOXAZOL 400MG + TRIMETOPRIMA 80MG CPR, EM BLISTER.;2019;2024;5;0.1;0.15;57.14;33.47;25.0;⚠️ Pressão de demanda — subiu acima do IPCA
LORATADINA 10MG;2015;2018;4;0.04;0.05;24.54;13.53;25.0;⚠️ Pressão de demanda — subiu acima do IPCA
AMITRIPTILINA , CLORIDRATO 25MG;2015;2018;3;0.04;0.06;44.19;13.53;25.0;⚠️ Pressão de demanda — subiu acima do IPCA
MANJERICÃO 50MG;2018;2023;3;2.45;4.07;66.12;32.8;25.0;⚠️ Pressão de demanda — subiu acima do IPCA
PROGRAMA DE PLANEJAMENTO FAMILIAR;2018;2023;5;3.1;5.14;65.81;32.8;24.91;⚠️ Pressão de demanda — subiu acima do IPCA
SURDO PEQUENO 12;2019;2025;3;255.0;443.03;73.74;39.16;24.85;⚠️ Pressão de demanda — subiu acima do IPCA
FILÉ DE PEITO DE FRANGO;2015;2021;7;9.34;15.88;70.02;36.22;24.84;⚠️ Pressão de demanda — subiu acima do IPCA
CADERNO BROCHURÃO COM CAPA FLEXÍVEL;2019;2024;4;2.06;3.43;66.5;33.47;24.71;⚠️ Pressão de demanda — subiu acima do IPCA
GRAMPO 23/8 5000 UNID;2018;2022;3;12.0;19.0;58.33;26.94;24.69;⚠️ Pressão de demanda — subiu acima do IPCA
CARTUCHO DESKJET HP  21 PRETO ( COMPATÍVEL);2020;2024;4;31.4;49.99;59.2;27.7;24.67;⚠️ Pressão de demanda — subiu acima do IPCA
LÂMPADA PARA GELADEIRA/FREEZER;2017;2022;3;13.4;22.0;64.18;31.69;24.65;⚠️ Pressão de demanda — subiu acima do IPCA
GARRAFA TÉRMICA DE 1 LITRO;2015;2024;8;35.8;70.51;96.96;58.06;24.61;⚠️ Pressão de demanda — subiu acima do IPCA
LENTILHA;2018;2024;5;5.93;10.28;73.36;39.22;24.52;⚠️ Pressão de demanda — subiu acima do IPCA
PINCEL PINTURA 3/4;2018;2021;3;1.3;1.95;50.0;19.99;24.35;⚠️ Pressão de demanda — subiu acima do IPCA
BISCOITO SALGADO TIPO ÁGUA E SAL - SEM LEITE - NA CENTRAL;2018;2021;3;6.44;9.6;49.07;19.99;24.34;⚠️ Pressão de demanda — subiu acima do IPCA
BATATA INGLESA;2015;2025;10;2.36;4.84;104.76;64.79;24.31;⚠️ Pressão de demanda — subiu acima do IPCA
LAMINA ESTILETE GRANDE;2017;2021;3;0.68;1.05;54.41;24.48;24.19;⚠️ Pressão de demanda — subiu acima do IPCA
ATADURAS DE CREPOM 20 CM DE LARGURA 1.80 M DE COMPRIMENTO;2015;2022;3;0.87;1.56;79.52;44.11;24.14;⚠️ Pressão de demanda — subiu acima do IPCA
ABSORVENTE.;2015;2020;4;1.45;2.23;53.79;23.77;24.14;⚠️ Pressão de demanda — subiu acima do IPCA
PANO DE PRATO;2018;2023;4;3.25;5.35;64.62;32.8;24.13;⚠️ Pressão de demanda — subiu acima do IPCA
ESPONJA DE LÃ DE AÇO.;2018;2021;4;0.94;1.4;48.94;19.99;24.1;⚠️ Pressão de demanda — subiu acima do IPCA
CONTATOR COM BOBINA 220V PARA 50 A REGIME AC3;2018;2021;4;177.45;264.1;48.83;19.99;24.04;⚠️ Pressão de demanda — subiu acima do IPCA
COPO PLÁSTICO DESCARTÁVEL, CAPACIDADE 200 ML;2018;2021;3;84.0;125.0;48.81;19.99;24.02;⚠️ Pressão de demanda — subiu acima do IPCA
ÓCULOS PARA PROTEÇÃO PROFISSIONAL;2015;2024;8;3.0;5.88;96.0;58.06;24.0;⚠️ Pressão de demanda — subiu acima do IPCA
AVENTAL RX PARA PACIENTE INFANTIL;2019;2025;5;308.72;532.14;72.37;39.16;23.87;⚠️ Pressão de demanda — subiu acima do IPCA
GELATINA DE FRUTA;2018;2023;3;1.0;1.65;65.0;32.8;23.86;⚠️ Pressão de demanda — subiu acima do IPCA
HAWLEY COM 1 DENTE;2021;2023;3;72.98;100.0;37.02;10.68;23.8;⚠️ Pressão de demanda — subiu acima do IPCA
VERMELHO SINT. 3,6L;2018;2021;4;78.12;116.0;48.49;19.99;23.76;⚠️ Pressão de demanda — subiu acima do IPCA
PLUGUE TOMADA 2P+T 10A (MACHO);2015;2021;6;2.7;4.55;68.52;36.22;23.7;⚠️ Pressão de demanda — subiu acima do IPCA
FIO ELÉTRICO TIPO RÍGIDO  BITOLA 4,0MM;2015;2018;4;1.35;1.9;40.37;13.53;23.7;⚠️ Pressão de demanda — subiu acima do IPCA
FELTRO AMORTECEDOR MICRO MOTOR DABI;2022;2025;4;4.96;7.0;41.13;14.35;23.55;⚠️ Pressão de demanda — subiu acima do IPCA
PERFURADOR 2 FUROS PARA ATE 20 FOLHAS.;2019;2021;3;8.9;12.65;42.13;15.03;23.54;⚠️ Pressão de demanda — subiu acima do IPCA
PLACA ELETRONICA CADEIRA SYNCRUS GL PAD;2016;2020;4;322.33;463.69;43.86;16.45;23.54;⚠️ Pressão de demanda — subiu acima do IPCA
PASTA BRASIL ELASTICA TRANSPARENTE;2015;2018;4;1.7;2.38;40.0;13.53;23.53;⚠️ Pressão de demanda — subiu acima do IPCA
PILHAS ALCALINAS A23;2016;2018;3;4.62;6.1;32.03;6.81;23.45;⚠️ Pressão de demanda — subiu acima do IPCA
JUNTA SUPERIOR PLACA DE VALVULA  COMP SCHULZ ODONTO;2022;2025;4;14.87;21.0;41.26;14.35;23.45;⚠️ Pressão de demanda — subiu acima do IPCA
RELE FOTOELETRICO;2016;2020;3;14.14;20.31;43.64;16.45;23.38;⚠️ Pressão de demanda — subiu acima do IPCA
MANDIOCA, AIPIM;2015;2017;3;3.25;4.39;35.08;9.43;23.38;⚠️ Pressão de demanda — subiu acima do IPCA
ESCOVA DE POLIMENTO SCOTH BRITHE FINA;2021;2025;4;16.8;25.06;49.17;20.97;23.36;⚠️ Pressão de demanda — subiu acima do IPCA
DOCE DE LEITE;2015;2024;9;4.03;7.85;94.79;58.06;23.33;⚠️ Pressão de demanda — subiu acima do IPCA
PLACA DE VIDRO LAPIDADA 80X150X06MM PARA MANIPULAÇÃO;2020;2024;4;4.78;7.53;57.53;27.7;23.32;⚠️ Pressão de demanda — subiu acima do IPCA
GOIABADA;2020;2024;4;7.75;12.2;57.42;27.7;23.32;⚠️ Pressão de demanda — subiu acima do IPCA
BARBEADOR;2015;2023;5;2.53;4.7;85.77;50.77;23.32;⚠️ Pressão de demanda — subiu acima do IPCA
ALHO IN NATURA;2015;2025;9;13.6;27.63;103.14;64.79;23.28;⚠️ Pressão de demanda — subiu acima do IPCA
APARELHO AR COND. SPLIT HI-WALL 12.000BTU/H;2017;2024;3;1822.43;3245.0;78.06;44.44;23.28;⚠️ Pressão de demanda — subiu acima do IPCA
BROMIDRATO DE FENOTEROL 0,5% 20ML;2016;2020;4;2.2;3.15;43.18;16.45;23.19;⚠️ Pressão de demanda — subiu acima do IPCA
PAPEL KRAFT NATURAL;2016;2019;3;63.4;87.0;37.22;11.41;23.17;⚠️ Pressão de demanda — subiu acima do IPCA
ALCOOL GEL 70% FRASCO COM VALVULA PUMP, DE 400 A 500;2019;2021;3;4.2;5.95;41.67;15.03;23.1;⚠️ Pressão de demanda — subiu acima do IPCA
EIXO DIANTEIRO (INTERMEDIARIO) C.A KAVO;2022;2025;4;156.3;220.0;40.75;14.35;23.09;⚠️ Pressão de demanda — subiu acima do IPCA
PARAFUSO P/ TELHA 5/16 X 1/4 X 110MM COMPLETO;2015;2021;6;0.39;0.65;66.67;36.22;23.08;⚠️ Pressão de demanda — subiu acima do IPCA
PALHETA P/ MISTURAR CAFÉ C/500 G REF:A16 PT/BR;2020;2023;3;10.9;16.35;50.0;21.81;23.04;⚠️ Pressão de demanda — subiu acima do IPCA
FILME PERIAPICAL INFANTIL E-SPEED  - ULTRA RAPIDO.;2020;2025;5;170.0;278.37;63.75;33.14;22.99;⚠️ Pressão de demanda — subiu acima do IPCA
MACARRÃO PARAFUSO;2019;2021;3;2.79;3.95;41.58;15.03;22.88;⚠️ Pressão de demanda — subiu acima do IPCA
MACARRÃO ESPAGUETE;2019;2021;3;2.79;3.95;41.58;15.03;22.88;⚠️ Pressão de demanda — subiu acima do IPCA
BROCA ALTA ROTAÇÃO Nº 3195 F;2020;2025;5;1.3;2.13;63.85;33.14;22.86;⚠️ Pressão de demanda — subiu acima do IPCA
DIPIRONA 500MG/ML, INJETÁVEL, AMPOLA 2ML.;2019;2024;5;0.42;0.69;63.63;33.47;22.86;⚠️ Pressão de demanda — subiu acima do IPCA
BROCA ALTA ROTAÇÃO N° 1112 F;2020;2025;5;1.3;2.12;63.08;33.14;22.86;⚠️ Pressão de demanda — subiu acima do IPCA
TONER AMARELO HP COLOR LASERJET PRO MFP M180FW ORIGINAL;2019;2024;5;314.0;514.9;63.98;33.47;22.85;⚠️ Pressão de demanda — subiu acima do IPCA
MINICARREGADEIRA CATERPILLAR 246C;2021;2025;5;16.5;24.5;48.48;20.97;22.79;⚠️ Pressão de demanda — subiu acima do IPCA
POSTE DE CONCRETO DT 9/150;2017;2021;5;441.75;674.75;52.74;24.48;22.71;⚠️ Pressão de demanda — subiu acima do IPCA
ADESIVO PARA TUBOS PVC RIGIDO 175G C/ PINCEL;2015;2019;4;7.0;10.17;45.29;18.42;22.71;⚠️ Pressão de demanda — subiu acima do IPCA
CHAVE PARA MANGUEIRA DUPLA TIPO STORZ DE 1 ½ X 2 ½.;2019;2021;3;8.5;12.0;41.18;15.03;22.7;⚠️ Pressão de demanda — subiu acima do IPCA
LÁPIS COLORIDO  CAIXA CONTENDO 12 UNIDADES;2018;2023;3;2.45;3.99;62.86;32.8;22.69;⚠️ Pressão de demanda — subiu acima do IPCA
FOGÃO INDUSTRIAL À GÁS DE INOX, 04 BOCAS;2019;2023;4;2068.0;3230.0;56.19;27.32;22.68;⚠️ Pressão de demanda — subiu acima do IPCA
CONFECÇÃO E INSTALAÇÃO DE MODULO DE CONCRETO ARMADO DE 60CMX;2017;2022;3;1467.0;2370.0;61.55;31.69;22.68;⚠️ Pressão de demanda — subiu acima do IPCA
LÁPIS PRETO DE GRAFITE Nº 2;2015;2024;6;21.67;42.0;93.85;58.06;22.63;⚠️ Pressão de demanda — subiu acima do IPCA
CJ. SUCTOR SALIVA;2020;2025;4;57.47;93.8;63.22;33.14;22.59;⚠️ Pressão de demanda — subiu acima do IPCA
AREIA LAVADA TIPO FINA PARA APLICAÇÕES NA CONSTRUÇÃO CIVIL;2015;2018;4;46.99;65.39;39.15;13.53;22.56;⚠️ Pressão de demanda — subiu acima do IPCA
HAWLEY COM 2 DENTES;2021;2023;3;81.09;110.0;35.65;10.68;22.56;⚠️ Pressão de demanda — subiu acima do IPCA
MESA ESCRIVANINHA EM MDF;2015;2018;3;169.27;235.5;39.13;13.53;22.55;⚠️ Pressão de demanda — subiu acima do IPCA
CUBA ULTRASSONICA 2,6 A 3 LITROS;2020;2025;4;680.0;1109.0;63.09;33.14;22.49;⚠️ Pressão de demanda — subiu acima do IPCA
MÓDULO DE LIPÍDIO 100% COM TCM COM 830 KCAL/ 100G;2016;2019;3;26.4;36.0;36.36;11.41;22.38;⚠️ Pressão de demanda — subiu acima do IPCA
GEOMETRIA.;2015;2021;5;30.0;50.0;66.67;36.22;22.37;⚠️ Pressão de demanda — subiu acima do IPCA
CARTUCHO EPSON T194220 CIANO XP 104/204;2018;2023;6;40.0;65.0;62.5;32.8;22.37;⚠️ Pressão de demanda — subiu acima do IPCA
CAMBAGEM.;2015;2021;4;30.0;50.0;66.67;36.22;22.37;⚠️ Pressão de demanda — subiu acima do IPCA
CARTUCHO EPSON TI94420 AMARELO XP104/204;2018;2023;6;40.0;65.0;62.5;32.8;22.37;⚠️ Pressão de demanda — subiu acima do IPCA
ABOBRINHA ITALIANA - NAS ESCOLAS;2021;2024;3;3.6;5.1;41.67;16.03;22.35;⚠️ Pressão de demanda — subiu acima do IPCA
TIMOLOL, MALEATO 0,5%, COLÍRIO, FRASCO 5ML.;2019;2024;5;1.65;2.69;63.15;33.47;22.3;⚠️ Pressão de demanda — subiu acima do IPCA
TERBUTALINA, SULFATO 0,5MG/ML SOLUÇÃO INJETÁVEL, AMPOLA 1ML.;2019;2024;5;1.02;1.66;62.87;33.47;22.09;⚠️ Pressão de demanda — subiu acima do IPCA
COMPUTADOR COMPLETO;2016;2020;5;1900.0;2701.08;42.16;16.45;22.08;⚠️ Pressão de demanda — subiu acima do IPCA
PREGO COM CABEÇA 12X12,PACOTE DE 01 KG;2015;2018;4;8.7;12.06;38.56;13.53;22.07;⚠️ Pressão de demanda — subiu acima do IPCA
AMOXICILINA 250MG/5ML (50MG/ML) SUSPENSÃO ORAL, ACOMPANHA COPO-MEDIDA, 60ML APÓS RECONSTITUIÇÃO.;2021;2024;3;1.98;2.8;41.41;16.03;22.07;⚠️ Pressão de demanda — subiu acima do IPCA
PASTILHAS DE CHOCOLATES COLORIDAS;2020;2024;4;15.4;24.0;55.84;27.7;22.03;⚠️ Pressão de demanda — subiu acima do IPCA
REFRIGERANTE DE LIMÃO: EM EMBALAGEM PET DE 2 LITROS;2018;2022;3;4.75;7.35;54.74;26.94;22.01;⚠️ Pressão de demanda — subiu acima do IPCA
ÁGUA OXIGENADA;2020;2023;4;3.83;5.69;48.56;21.81;22.01;⚠️ Pressão de demanda — subiu acima do IPCA
TINTA ESMALTE SINTÉTICO, LINHA PREMIUM NA COR: VERMELHO.;2015;2017;3;38.95;52.0;33.5;9.43;22.0;⚠️ Pressão de demanda — subiu acima do IPCA
ERITROMICINA 50MG/ML SUSPENSÃO ORAL  60ML;2015;2018;3;2.82;3.9;38.48;13.53;21.99;⚠️ Pressão de demanda — subiu acima do IPCA
GUARDANAPO 23X23CM COM 50 UNIDADES;2015;2024;8;1.55;2.98;92.26;58.06;21.94;⚠️ Pressão de demanda — subiu acima do IPCA
SALGADO FRITO TIPO RISOLES DE PRESUNO E QUEIJO;2015;2023;5;48.69;89.5;83.83;50.77;21.93;⚠️ Pressão de demanda — subiu acima do IPCA
FIO ELÉTRICO TIPO FLEXÍVEL BITOLA 2 X 2,5MM;2015;2018;4;1.46;2.02;38.36;13.53;21.92;⚠️ Pressão de demanda — subiu acima do IPCA
SALGADO FRITO TIPO COXINHA DE FRANGO;2015;2023;6;48.69;89.5;83.81;50.77;21.91;⚠️ Pressão de demanda — subiu acima do IPCA
SALGADO FRITO TIPO BOLINHA DE QUEIJO;2015;2023;6;48.69;89.5;83.81;50.77;21.91;⚠️ Pressão de demanda — subiu acima do IPCA
SALGADO FRITO TIPO PASTEL DE CARNE;2015;2023;6;48.69;89.5;83.81;50.77;21.91;⚠️ Pressão de demanda — subiu acima do IPCA
SALGADO FRITO TIPO ENRROLADINHO DE SALSICHA;2015;2023;6;48.69;89.5;83.81;50.77;21.91;⚠️ Pressão de demanda — subiu acima do IPCA
GASOLINA COMUM;2015;2023;9;3.31;6.08;83.63;50.77;21.75;⚠️ Pressão de demanda — subiu acima do IPCA
MACARRÃO PENNE;2019;2021;3;3.0;4.2;40.0;15.03;21.74;⚠️ Pressão de demanda — subiu acima do IPCA
FINASTERIDA 5MG CPR;2016;2020;4;0.24;0.35;45.42;16.45;21.74;⚠️ Pressão de demanda — subiu acima do IPCA
BANDEJA P ESTERILIZAÇÃO FABRICADA EM AÇO INOX;2023;2025;3;21.8;29.0;33.03;9.3;21.72;⚠️ Pressão de demanda — subiu acima do IPCA
LORATADINA 1MG/ML XAROPE 60ML;2015;2018;3;1.45;2.0;38.28;13.53;21.72;⚠️ Pressão de demanda — subiu acima do IPCA
CONTRA FECHADURA PORTA DE VIDRO VOTANTE- MODELO 1504;2021;2024;3;53.83;76.03;41.25;16.03;21.71;⚠️ Pressão de demanda — subiu acima do IPCA
CARNE DE FRANGO CONGELADA: MOELA;2018;2024;4;6.7;11.35;69.4;39.22;21.69;⚠️ Pressão de demanda — subiu acima do IPCA
VIGA DE EUCALIPTO COM NO MÍNIMO ¢ 0,25M;2018;2024;3;310.0;525.0;69.35;39.22;21.64;⚠️ Pressão de demanda — subiu acima do IPCA
PEGADOR DE SALADA;2018;2025;4;11.12;19.65;76.63;45.15;21.63;⚠️ Pressão de demanda — subiu acima do IPCA
KIT PARTO;2015;2024;6;38.5;73.97;92.13;58.06;21.56;⚠️ Pressão de demanda — subiu acima do IPCA
CAIXA SIST. X 3 X 3;2017;2021;5;3.96;6.0;51.52;24.48;21.55;⚠️ Pressão de demanda — subiu acima do IPCA
CABO SINT. 1KV 16,0MM-PRETO;2016;2020;3;5.62;7.96;41.64;16.45;21.55;⚠️ Pressão de demanda — subiu acima do IPCA
CABO SINT. 1KV 16,0MM-AZUL;2016;2020;3;5.62;7.96;41.64;16.45;21.55;⚠️ Pressão de demanda — subiu acima do IPCA
CARTUCHO DESKJET HP 667 OU 667 XL ORIGINAL PRETO;2021;2024;3;52.48;74.0;41.01;16.03;21.52;⚠️ Pressão de demanda — subiu acima do IPCA
PLACA DE SINALIZAÇÃO (PVC) ´PMC´;2015;2023;7;2.0;3.67;83.56;50.77;21.5;⚠️ Pressão de demanda — subiu acima do IPCA
PLACA DE SINALIZAÇÃO (PVC) ´SETA´;2015;2023;7;2.0;3.67;83.56;50.77;21.5;⚠️ Pressão de demanda — subiu acima do IPCA
CAPACETE COMBATE A INCÊNDIO ESTRUTURAL;2019;2021;3;2290.0;3200.0;39.74;15.03;21.48;⚠️ Pressão de demanda — subiu acima do IPCA
CASCO PARA GÁS P13;2015;2025;7;140.0;280.26;100.19;64.79;21.48;⚠️ Pressão de demanda — subiu acima do IPCA
ROSCA DE POLVILHO;2018;2021;4;13.39;19.5;45.63;19.99;21.46;⚠️ Pressão de demanda — subiu acima do IPCA
APOIO TERMINAL SERINGA / FOTO CINZA;2022;2025;4;20.3;28.2;38.92;14.35;21.43;⚠️ Pressão de demanda — subiu acima do IPCA
ONDANSETRONA 4MG/2ML INJ.;2016;2020;3;0.75;1.05;40.73;16.45;21.43;⚠️ Pressão de demanda — subiu acima do IPCA
SULFADIAZINA 500MG CPR;2016;2019;3;0.15;0.2;36.73;11.41;21.43;⚠️ Pressão de demanda — subiu acima do IPCA
BROMETO DE N-BUTILESCOPOLAMINA 4MG/ML + DIPIRONA SÓDICA 500M;2018;2023;3;1.17;1.89;61.54;32.8;21.36;⚠️ Pressão de demanda — subiu acima do IPCA
HALOPERIDOL 5MG/ML, INJETÁVEL, AMPOLA 1ML.;2019;2024;5;1.06;1.7;60.61;33.47;21.35;⚠️ Pressão de demanda — subiu acima do IPCA
DISJUNTOR TERMOMAGNÉTICO MONOFÁSICO CERTIFICADO CONFORME NOR;2015;2017;3;5.58;7.41;32.8;9.43;21.33;⚠️ Pressão de demanda — subiu acima do IPCA
LEITE EM PÓ 400G INSTANTÂNEO;2022;2024;3;15.6;20.76;33.08;9.68;21.28;⚠️ Pressão de demanda — subiu acima do IPCA
DISJUNTOR HAAS COM GANCHO;2020;2023;4;88.0;130.0;47.73;21.81;21.27;⚠️ Pressão de demanda — subiu acima do IPCA
CARTELA PARA RX ODONTOLÓGICO;2015;2019;4;5.6;8.04;43.57;18.42;21.25;⚠️ Pressão de demanda — subiu acima do IPCA
PRANCHETA DE MADEIRA EM EUCATEX TAMANHO OFICIO COM PRENDEDOR;2021;2024;3;2.7;3.8;40.74;16.03;21.21;⚠️ Pressão de demanda — subiu acima do IPCA
GARFO CABEÇOTE REFLETOR LED TOP II;2022;2024;3;95.0;126.3;32.94;9.68;21.2;⚠️ Pressão de demanda — subiu acima do IPCA
CADEADO EM LATÃO MACIÇO 40MM COM CHAVES;2015;2021;6;11.99;19.79;65.1;36.22;21.18;⚠️ Pressão de demanda — subiu acima do IPCA
TINTA ACRÍLICA ACAB. SEMI-BRILHO (MARFIN);2015;2018;4;185.0;254.48;37.55;13.53;21.16;⚠️ Pressão de demanda — subiu acima do IPCA
SUITE DE APLICAÇÕES DE PRODUTIVIDADE PARA ESCRITÓRIO;2021;2025;4;1180.0;1729.0;46.53;20.97;21.12;⚠️ Pressão de demanda — subiu acima do IPCA
AMACIANTE PARA TECIDOS 5 LITROS;2017;2024;3;6.0;10.5;75.0;44.44;21.09;⚠️ Pressão de demanda — subiu acima do IPCA
SUPORTE TÉCNICO LOCAL NA REDE DE COMPUTADORES PERTENCENTES A;2016;2018;3;34.8;45.0;29.31;6.81;21.08;⚠️ Pressão de demanda — subiu acima do IPCA
PIMENTA PRETA MOÍDA;2018;2024;5;3.45;5.82;68.7;39.22;21.05;⚠️ Pressão de demanda — subiu acima do IPCA
AZITROMICINA 500MG;2018;2023;3;0.65;1.04;60.0;32.8;21.05;⚠️ Pressão de demanda — subiu acima do IPCA
PLUGUE TOMADA 3 SAÍDAS (TE) 10A;2015;2021;6;4.1;6.75;64.63;36.22;20.98;⚠️ Pressão de demanda — subiu acima do IPCA
BROCA ALTA ROTAÇÃO Nº 1190 F;2020;2025;5;1.3;2.1;61.54;33.14;20.95;⚠️ Pressão de demanda — subiu acima do IPCA
BROCA ALTA ROTAÇÃO Nº 3118 F;2020;2025;5;1.3;2.1;61.54;33.14;20.95;⚠️ Pressão de demanda — subiu acima do IPCA
BROCA ALTA ROTAÇÃO Nº 3168 F;2020;2025;5;1.3;2.1;61.54;33.14;20.95;⚠️ Pressão de demanda — subiu acima do IPCA
BROCA DIAMANTADA ESFÉRICA DE ALTA ROTAÇÃO Nº3018 FG;2020;2025;5;1.3;2.1;61.54;33.14;20.95;⚠️ Pressão de demanda — subiu acima do IPCA
CONE DE PAPEL ABSORVENTE ESTERIL Nº 30;2015;2021;4;17.76;29.25;64.7;36.22;20.89;⚠️ Pressão de demanda — subiu acima do IPCA
PNEU NOVO 215/75 R 17,5,RADIAL,LISO;2016;2021;4;905.0;1402.0;54.92;28.16;20.88;⚠️ Pressão de demanda — subiu acima do IPCA
MADEIRITE COLA FENOLICA 1,10M X 2,20M X 12MM;2015;2021;6;32.4;53.34;64.63;36.22;20.86;⚠️ Pressão de demanda — subiu acima do IPCA
CAP ESGOTO 100MM;2015;2021;6;3.8;6.25;64.47;36.22;20.79;⚠️ Pressão de demanda — subiu acima do IPCA
BLOCOS DE RECADOS PEQUENO;2018;2021;4;2.9;4.2;44.83;19.99;20.78;⚠️ Pressão de demanda — subiu acima do IPCA
ESFREGÃO DE AÇO, ESTILO PALHA DE AÇO.;2017;2024;4;0.58;1.01;74.14;44.44;20.75;⚠️ Pressão de demanda — subiu acima do IPCA
LAMPADA LED TUBULAR 18W 6500K;2016;2021;5;17.9;27.7;54.75;28.16;20.72;⚠️ Pressão de demanda — subiu acima do IPCA
QUADRO DE COMANDO METALICO 400X400X200 COM FLANGE;2015;2023;6;113.85;207.2;81.99;50.77;20.71;⚠️ Pressão de demanda — subiu acima do IPCA
ERITROMICINA 250MG/5ML SUSP. ORAL 60 ML;2016;2019;3;3.65;4.9;34.25;11.41;20.7;⚠️ Pressão de demanda — subiu acima do IPCA
ÁCIDO VALPROICO 500MG CPR.;2019;2024;5;0.34;0.56;65.19;33.47;20.69;⚠️ Pressão de demanda — subiu acima do IPCA
PIRIDOXINA 40MG CPR, EM BLISTER.;2019;2024;4;0.75;1.2;60.0;33.47;20.63;⚠️ Pressão de demanda — subiu acima do IPCA
ESTOJO INOX PERFURADO 26X12X06;2020;2025;5;73.06;117.32;60.58;33.14;20.6;⚠️ Pressão de demanda — subiu acima do IPCA
ÓCULOS DE NATAÇÃO;2022;2024;3;27.95;36.96;32.24;9.68;20.58;⚠️ Pressão de demanda — subiu acima do IPCA
CÂMARA DE AR 1400X24;2019;2025;4;149.0;250.0;67.79;39.16;20.58;⚠️ Pressão de demanda — subiu acima do IPCA
MANG. CORRUGADA 24,4 CZ BASIC;2022;2025;3;10.88;15.0;37.83;14.35;20.53;⚠️ Pressão de demanda — subiu acima do IPCA
LUVA CIRÚRGICA ESTÉRIL Nº. 7,5;2018;2021;3;0.88;1.28;45.34;19.99;20.51;⚠️ Pressão de demanda — subiu acima do IPCA
FORMOCRESOL - FRASCO COM 10ML.;2018;2024;3;3.77;6.32;67.64;39.22;20.48;⚠️ Pressão de demanda — subiu acima do IPCA
PLÁSTICO AUTOADESIVO DE FÁCIL APLICAÇÃO TRANSPARENTE;2018;2023;4;35.0;56.0;60.0;32.8;20.47;⚠️ Pressão de demanda — subiu acima do IPCA
TOLDO COM COBERTURA EM LONA COURVIN E ESTRUTURA METÁLICA (IN;2018;2020;3;190.5;250.2;31.34;9.02;20.47;⚠️ Pressão de demanda — subiu acima do IPCA
LÂMINA DE BISTURI DESCARTÁVEL Nº. 15.;2015;2021;5;19.5;32.0;64.1;36.22;20.46;⚠️ Pressão de demanda — subiu acima do IPCA
ADESIVO CIRÚRGICO NON-WOVEN TAMANHO 10X5CM;2020;2023;3;135.0;198.0;46.67;21.81;20.41;⚠️ Pressão de demanda — subiu acima do IPCA
LATANOPROSTA + TIMOLOL 50MCG + 5MG SOL OFT.  2,5ML (GELAD.);2016;2019;3;17.5;23.44;33.93;11.41;20.23;⚠️ Pressão de demanda — subiu acima do IPCA
ETIQUETA CARTA PARA IMPRESSORAS DISK JET E LASER, PAPEL A 4;2021;2024;3;26.0;36.27;39.5;16.03;20.22;⚠️ Pressão de demanda — subiu acima do IPCA
CÂNULA DE TRAQUEOSTOMIA DE SILICONE COM BALONETE NÚMERO 8,5;2018;2022;5;20.22;30.85;52.57;26.94;20.21;⚠️ Pressão de demanda — subiu acima do IPCA
L/E INTER. 1 TEC. SIMP.C/TOM JUN;2016;2020;3;9.0;12.6;40.0;16.45;20.19;⚠️ Pressão de demanda — subiu acima do IPCA
HALOPERIDOL, 2MG/ML SOLUÇÃO ORAL 20ML, FRASCO.;2019;2024;5;2.18;3.5;60.62;33.47;20.11;⚠️ Pressão de demanda — subiu acima do IPCA
VALV. ALIVIO REGUL. 1,8 A 2,0 KGF/CM2;2021;2025;5;30.98;45.0;45.26;20.97;20.1;⚠️ Pressão de demanda — subiu acima do IPCA
ENANTOATO DE NORETISTERONA + VALERATO DE ESTRADIOL 1ML;2015;2018;3;5.98;8.15;36.29;13.53;20.07;⚠️ Pressão de demanda — subiu acima do IPCA
AREIA BARRENTA;2015;2017;3;29.99;39.4;31.38;9.43;20.04;⚠️ Pressão de demanda — subiu acima do IPCA
METFORMINA 500MG CPR, EM BLISTER.;2019;2024;5;0.06;0.1;58.57;33.47;20.0;⚠️ Pressão de demanda — subiu acima do IPCA
METFORMINA 500MG;2015;2020;5;0.05;0.07;48.72;23.77;20.0;⚠️ Pressão de demanda — subiu acima do IPCA
LEVOTIROXINA SÓDICA 50 MCG CPR, EM BLISTER.;2019;2024;5;0.06;0.1;70.5;33.47;20.0;⚠️ Pressão de demanda — subiu acima do IPCA
PAROXETINA 20MG CPR;2016;2019;3;0.16;0.21;30.71;11.41;20.0;⚠️ Pressão de demanda — subiu acima do IPCA
PARAFUSO AÇO ROSCA SOBERBA 3,9 X 25;2015;2021;6;0.05;0.08;60.0;36.22;20.0;⚠️ Pressão de demanda — subiu acima do IPCA
LEVOTIROXINA SÓDICA 25MCG CPR, EM BLISTER.;2019;2024;5;0.06;0.1;67.21;33.47;20.0;⚠️ Pressão de demanda — subiu acima do IPCA
EMULSIFICANTE EMUSTAB;2018;2023;5;7.95;12.67;59.37;32.8;20.0;⚠️ Pressão de demanda — subiu acima do IPCA
PINCEL 1.1/2 - ROMA;2015;2020;3;3.5;5.2;48.57;23.77;20.0;⚠️ Pressão de demanda — subiu acima do IPCA
APONTADOR SEM DEPÓSITO.;2015;2017;3;0.1;0.13;30.0;9.43;20.0;⚠️ Pressão de demanda — subiu acima do IPCA
RECAUCHUTAGEM DE PNEU 20,5X25 L3 16 LONAS;2015;2021;3;2873.78;4697.54;63.46;36.22;20.0;⚠️ Pressão de demanda — subiu acima do IPCA
CARVÃO PAR - H37L;2022;2024;3;62.35;82.0;31.51;9.68;19.9;⚠️ Pressão de demanda — subiu acima do IPCA
PRESSOSTATO 80/120 1 VIA;2021;2025;5;76.47;110.9;45.02;20.97;19.88;⚠️ Pressão de demanda — subiu acima do IPCA
LIMÃO TAITI;2016;2025;5;3.3;6.12;85.61;55.04;19.84;⚠️ Pressão de demanda — subiu acima do IPCA
TRATOR AGRÍCOLA NEW HOLLAND T6.110;2022;2025;4;12.6;17.25;36.9;14.35;19.74;⚠️ Pressão de demanda — subiu acima do IPCA
MAÇA;2015;2025;9;2.69;5.3;97.03;64.79;19.7;⚠️ Pressão de demanda — subiu acima do IPCA
REATOR ELETR. 1X20W ALTO FATOR;2015;2017;3;9.7;12.7;30.93;9.43;19.69;⚠️ Pressão de demanda — subiu acima do IPCA
MICONAZOL 20MG/G (2%) CREME DERMATOLÓGICO, BISNAGA 30G.;2019;2021;3;1.93;2.65;37.09;15.03;19.63;⚠️ Pressão de demanda — subiu acima do IPCA
DETERGENTE COM CERA PARA VEÍCULOS;2018;2024;5;9.6;16.0;66.67;39.22;19.62;⚠️ Pressão de demanda — subiu acima do IPCA
FABRICAÇÃO E INSTALAÇÃO (MATERIAL + MÃO DE OBRA) DE CERCA ME;2018;2021;3;300.0;430.55;43.52;19.99;19.61;⚠️ Pressão de demanda — subiu acima do IPCA
PÃO DE HOT DOG;2022;2024;3;7.8;10.23;31.15;9.68;19.59;⚠️ Pressão de demanda — subiu acima do IPCA
DISCO DE LIXA 16MM - 04 GRANULAÇÕES;2020;2025;5;34.58;55.05;59.2;33.14;19.58;⚠️ Pressão de demanda — subiu acima do IPCA
TUBO DE CONCRETO PARA DRENAGEM 1200MM PA2 - NBR;2021;2023;3;340.0;450.0;32.35;10.68;19.58;⚠️ Pressão de demanda — subiu acima do IPCA
RACK 19 6U X 450MMM PAREDE;2015;2017;3;350.0;458.0;30.86;9.43;19.58;⚠️ Pressão de demanda — subiu acima do IPCA
TINTA ACRÍLICA,ACABAMENTO SEMI-BRILHO NA COR: BRANCO GELO.;2015;2018;4;185.0;250.94;35.64;13.53;19.48;⚠️ Pressão de demanda — subiu acima do IPCA
MANG. 1,6MM VERDE;2022;2025;4;6.23;8.5;36.39;14.35;19.44;⚠️ Pressão de demanda — subiu acima do IPCA
BROCA DE BAIXA ROTAÇÃO HASTE LONGA N° 2;2015;2025;7;2.42;4.77;97.11;64.79;19.42;⚠️ Pressão de demanda — subiu acima do IPCA
FARINHA DE TRIGO, 5 KG - NA CENTRAL;2019;2023;3;2.38;3.62;52.1;27.32;19.4;⚠️ Pressão de demanda — subiu acima do IPCA
FILÉ DE PEIXE CONGELADO;2022;2024;3;44.37;58.1;30.95;9.68;19.39;⚠️ Pressão de demanda — subiu acima do IPCA
BOMBOM RECHEADO COM CAMADAS DE WAFFER E COBERTO COM CHOCOLAT;2020;2022;3;34.85;48.45;39.02;16.43;19.39;⚠️ Pressão de demanda — subiu acima do IPCA
BROCA HASTE LONGA CARBIDE Nº 703;2020;2025;5;4.41;7.0;58.73;33.14;19.38;⚠️ Pressão de demanda — subiu acima do IPCA
SINAN- DOENÇAS EXANTEMÁTICAS FEBRIS;2016;2023;6;6.5;11.0;69.23;41.85;19.28;⚠️ Pressão de demanda — subiu acima do IPCA
SINAN-FICHA DE NOTIFICAÇÃO/ INVESTIGAÇÃO TUBERCULOSE;2016;2023;6;6.5;11.0;69.23;41.85;19.28;⚠️ Pressão de demanda — subiu acima do IPCA
SINAN- FICHA DE INVESTIGAÇÃO DA DENGUE;2016;2023;6;6.5;11.0;69.23;41.85;19.28;⚠️ Pressão de demanda — subiu acima do IPCA
POSTE METALICO GF 9 METROS LIVRE;2016;2020;3;700.0;972.18;38.88;16.45;19.27;⚠️ Pressão de demanda — subiu acima do IPCA
ALICATE ORTODÔNTICO REMOVEDOR DE BRÁQUETE 346R;2020;2025;6;73.9;117.33;58.77;33.14;19.24;⚠️ Pressão de demanda — subiu acima do IPCA
CONE DE GUTA PERCHA, PRINCIPAL 40;2015;2024;4;16.38;30.87;88.46;58.06;19.23;⚠️ Pressão de demanda — subiu acima do IPCA
"COPOS DESCARTÁVEIS PARA ÁGUA DE 180ML;";2018;2021;4;69.9;99.99;43.05;19.99;19.22;⚠️ Pressão de demanda — subiu acima do IPCA
CONE DE GUTA PERCHA, PRINCIPAL 30;2015;2024;4;16.38;30.85;88.34;58.06;19.17;⚠️ Pressão de demanda — subiu acima do IPCA
CONE DE GUTA PERCHA, PRINCIPAL 35;2015;2024;4;16.38;30.84;88.28;58.06;19.11;⚠️ Pressão de demanda — subiu acima do IPCA
GEL A BASE DE A.G.E (ÁCIDOS GRAXOS ESSENCIAIS), T.C.M (TRIGLICERÍDEOS DE CADEIA MÉDIA), VITAMINAS A E E, ÓLEOS DE COPAÍBA E MELALEUCA, QUE PREVINE  E TRATA FERIDAS, TUBO COM 100 GRAMAS.;2021;2023;3;33.0;43.5;31.82;10.68;19.07;⚠️ Pressão de demanda — subiu acima do IPCA
AVENTAL DE PVC;2018;2023;4;8.2;12.96;58.05;32.8;19.04;⚠️ Pressão de demanda — subiu acima do IPCA
TELHA S/ AMIANTO 1,83 X 1,10 X 5MM;2015;2021;6;28.7;46.5;62.02;36.22;18.95;⚠️ Pressão de demanda — subiu acima do IPCA
TINTA ESMALTE SINTÉTICO, LINHA PREMIUM NA COR: AZUL.;2015;2017;3;39.95;52.0;30.16;9.43;18.95;⚠️ Pressão de demanda — subiu acima do IPCA
LÂMINA DE BISTURI DESCARTÁVEL Nº. 12;2015;2021;6;19.74;31.99;62.06;36.22;18.95;⚠️ Pressão de demanda — subiu acima do IPCA
TINTA ESMALTE SINTÉTICO, LINHA PREMIUM NA COR: PRETA.;2015;2017;3;39.95;52.0;30.16;9.43;18.95;⚠️ Pressão de demanda — subiu acima do IPCA
TINTA ESMALTE SINTÉTICO, LINHA PREMIUM NA COR: CINZA.;2015;2017;3;39.95;52.0;30.16;9.43;18.95;⚠️ Pressão de demanda — subiu acima do IPCA
FIO DENTAL BUCAL;2015;2024;7;5.55;10.43;87.93;58.06;18.92;⚠️ Pressão de demanda — subiu acima do IPCA
SARDINHA -125GR;2017;2023;3;3.01;4.93;63.79;37.78;18.91;⚠️ Pressão de demanda — subiu acima do IPCA
REPOLHO VERDE- NAS ESCOLAS;2021;2024;3;1.98;2.73;37.53;16.03;18.9;⚠️ Pressão de demanda — subiu acima do IPCA
FIXADOR CITOLÓGICO, 100ML;2020;2022;3;5.31;7.35;38.42;16.43;18.88;⚠️ Pressão de demanda — subiu acima do IPCA
DESMONTAGEM DE DIVISÓRIAS E PERFIS;2018;2021;4;17.5;24.96;42.63;19.99;18.88;⚠️ Pressão de demanda — subiu acima do IPCA
CORDAO DE ARRANQUE;2015;2019;5;4.08;5.74;40.69;18.42;18.87;⚠️ Pressão de demanda — subiu acima do IPCA
PASTA ARQUIVO DE A-Z  TAMANHO OFICIO;2018;2024;6;6.05;10.0;65.29;39.22;18.87;⚠️ Pressão de demanda — subiu acima do IPCA
OLEO DE SOJA;2015;2025;10;3.5;6.85;95.81;64.79;18.86;⚠️ Pressão de demanda — subiu acima do IPCA
LAJE PRE MOLDADA (VIGOTE E TAPUIA);2015;2018;4;21.99;29.65;34.83;13.53;18.76;⚠️ Pressão de demanda — subiu acima do IPCA
PORTA AGULHA ORTO MATHIEU 14CM;2020;2025;6;35.64;56.34;58.08;33.14;18.72;⚠️ Pressão de demanda — subiu acima do IPCA
INSULINA REGULAR 100 UI/ML 10ML;2015;2023;3;11.4;20.4;78.95;50.77;18.68;⚠️ Pressão de demanda — subiu acima do IPCA
LAMPADA ELETRÔNICA 40 WATS (ECONOMICA);2018;2021;3;25.03;35.64;42.39;19.99;18.67;⚠️ Pressão de demanda — subiu acima do IPCA
CONE DE GUTA PERCHA MICROTIPPED TAMANHO FM;2015;2019;3;25.99;36.5;40.44;18.42;18.58;⚠️ Pressão de demanda — subiu acima do IPCA
CANETA CRISTAL PRETA;2018;2022;3;0.8;1.2;50.0;26.94;18.57;⚠️ Pressão de demanda — subiu acima do IPCA
CANETA CRISTAL AZUL;2018;2022;3;0.8;1.2;50.0;26.94;18.57;⚠️ Pressão de demanda — subiu acima do IPCA
DOBRADIÇA INOX 3 X 2.1/2 SEM PARAFUSOS.;2015;2021;6;6.95;11.22;61.44;36.22;18.56;⚠️ Pressão de demanda — subiu acima do IPCA
CARBAMAZEPINA CR 400 MG;2016;2019;3;1.43;1.89;32.01;11.41;18.52;⚠️ Pressão de demanda — subiu acima do IPCA
BISCOITO CHOCOLATE 330G;2020;2024;5;5.69;8.61;51.32;27.7;18.48;⚠️ Pressão de demanda — subiu acima do IPCA
PROTETOR SOLAR, FATOR 60, FRASCO COM 120ML OU 125ML.;2021;2024;3;10.49;14.41;37.37;16.03;18.44;⚠️ Pressão de demanda — subiu acima do IPCA
CLORANFENICOL + AMINOACIDOS + METIONINA + RETINOL;2015;2018;3;6.95;9.34;34.39;13.53;18.42;⚠️ Pressão de demanda — subiu acima do IPCA
BARRA TRANSPALATINA MAIS BOTÃO DE NANCE;2021;2023;3;64.87;85.0;31.03;10.68;18.4;⚠️ Pressão de demanda — subiu acima do IPCA
SUPORTE DE ENVELOPE PARA AUTOCLAVE - ESTERILIZAÇÃO  DE 13 ENVELOPES;2023;2025;3;92.4;119.59;29.43;9.3;18.4;⚠️ Pressão de demanda — subiu acima do IPCA
APARELHO AR COND. SPLIT HI-WALL 9.000 BTU/H;2017;2024;3;1723.66;2947.5;71.0;44.44;18.39;⚠️ Pressão de demanda — subiu acima do IPCA
COMPRESSA, DE GAZE, EM RAYON, EMBEBIDA COM ÁCIDOS GRAXOS, AS;2021;2023;3;4.8;6.28;30.73;10.68;18.32;⚠️ Pressão de demanda — subiu acima do IPCA
GÁS R22 (CARGA);2015;2021;7;54.1;87.18;61.14;36.22;18.29;⚠️ Pressão de demanda — subiu acima do IPCA
VIBROACABADORA CIBER AF4000;2022;2025;4;12.4;16.75;35.08;14.35;18.2;⚠️ Pressão de demanda — subiu acima do IPCA
BISCOITO SALGADO AGUA E SAL;2015;2023;3;3.2;5.7;78.12;50.77;18.12;⚠️ Pressão de demanda — subiu acima do IPCA
TONER MAGENTA HP COLOR LASERJET PRO MFP M180FW ORIGINAL;2019;2024;5;314.0;495.0;57.64;33.47;18.11;⚠️ Pressão de demanda — subiu acima do IPCA
FARINHA DE MANDIOCA TORRADA - NA CENTRAL;2021;2024;3;4.75;6.51;37.05;16.03;18.05;⚠️ Pressão de demanda — subiu acima do IPCA
LÂMINA DE BISTURI DESCARTÁVEL Nº. 11.;2015;2021;5;19.9;32.0;60.8;36.22;18.04;⚠️ Pressão de demanda — subiu acima do IPCA
CLORETO DE SÓDIO 0,9% SOLUÇÃO NASAL  30ML;2015;2018;3;0.5;0.67;35.35;13.53;18.0;⚠️ Pressão de demanda — subiu acima do IPCA
BOLACHÃO MEL 400 G;2015;2024;7;4.95;9.23;86.46;58.06;17.98;⚠️ Pressão de demanda — subiu acima do IPCA
CHUCHU - NAS ESCOLAS;2021;2024;3;3.04;4.16;36.84;16.03;17.94;⚠️ Pressão de demanda — subiu acima do IPCA
UVA IN NATURA;2018;2021;3;9.5;13.45;41.58;19.99;17.92;⚠️ Pressão de demanda — subiu acima do IPCA
"PAPEL GRAU CIRÚRGICO; MEDINDO 10 CM X 100M";2015;2021;4;25.37;40.75;60.62;36.22;17.9;⚠️ Pressão de demanda — subiu acima do IPCA
CUBA ULTRASSONICA 6 A 9 LITROS;2020;2025;3;2294.0;3600.0;56.93;33.14;17.87;⚠️ Pressão de demanda — subiu acima do IPCA
AMACIANTE PARA TECIDOS;2018;2021;4;7.0;9.9;41.43;19.99;17.83;⚠️ Pressão de demanda — subiu acima do IPCA
NEOMICINA 5MG + BACITRACINA 250 UI/G POMADA, BISNAGA 10G.;2019;2023;4;1.4;2.09;49.29;27.32;17.8;⚠️ Pressão de demanda — subiu acima do IPCA
CARNE SUÍNA, CORTE COSTELA DE PORCO;2015;2017;3;12.75;16.44;28.94;9.43;17.8;⚠️ Pressão de demanda — subiu acima do IPCA
ATADURAS DE CREPOM 10 CM DE LARGURA 1.80 M DE COMPRIMENTO;2015;2022;3;0.45;0.77;71.11;44.11;17.78;⚠️ Pressão de demanda — subiu acima do IPCA
CAP SOLDÁVEL 25MM;2015;2021;6;0.45;0.72;60.0;36.22;17.78;⚠️ Pressão de demanda — subiu acima do IPCA
EXTRATOR DE GRAMPOS;2015;2018;3;0.9;1.2;33.33;13.53;17.78;⚠️ Pressão de demanda — subiu acima do IPCA
CARBOCISTEINA 20MG/ML XAROPE 100ML;2016;2019;3;2.1;2.76;31.43;11.41;17.68;⚠️ Pressão de demanda — subiu acima do IPCA
LAMOTRIGINA 100MG CPR;2016;2019;3;0.18;0.24;33.33;11.41;17.65;⚠️ Pressão de demanda — subiu acima do IPCA
CARTUCHO HP CB335W 74 PRETO 6 ML;2018;2022;5;93.0;138.9;49.35;26.94;17.65;⚠️ Pressão de demanda — subiu acima do IPCA
CARTOLINA TAMANHO OFICIO;2015;2020;5;0.08;0.12;47.06;23.77;17.65;⚠️ Pressão de demanda — subiu acima do IPCA
GARRAFA TÉRMICA DE 1.8 LITRO;2021;2024;4;69.5;94.85;36.47;16.03;17.62;⚠️ Pressão de demanda — subiu acima do IPCA
ENVELOPES AUTO SELANTES 150MMX250MM;2017;2022;5;22.3;34.54;54.89;31.69;17.62;⚠️ Pressão de demanda — subiu acima do IPCA
CREME DE LEITE UHT;2018;2023;5;2.46;3.83;56.01;32.8;17.59;⚠️ Pressão de demanda — subiu acima do IPCA
LUSTRA MÓVEIS 200ML.;2018;2021;3;1.49;2.1;40.94;19.99;17.56;⚠️ Pressão de demanda — subiu acima do IPCA
PISO PODOTÁTIL DE CONCRETO 40 X 40 X 2,5CM;2021;2025;5;5.2;7.4;42.31;20.97;17.54;⚠️ Pressão de demanda — subiu acima do IPCA
LEITE LÍQUIDO SEMI DESNATADO;2016;2018;3;2.85;3.58;25.61;6.81;17.54;⚠️ Pressão de demanda — subiu acima do IPCA
CREME OLEO/GRAXA 200GR GRUPO 3;2015;2018;3;8.92;11.9;33.41;13.53;17.49;⚠️ Pressão de demanda — subiu acima do IPCA
ACELGA;2015;2024;10;2.98;5.53;85.57;58.06;17.45;⚠️ Pressão de demanda — subiu acima do IPCA
DICLOFENACO POTÁSSICO 75MG/3ML;2016;2019;3;0.49;0.63;29.37;11.41;17.39;⚠️ Pressão de demanda — subiu acima do IPCA
"ÁLCOOL ETÍLICO HIDRATADO;";2018;2021;3;60.0;84.5;40.83;19.99;17.37;⚠️ Pressão de demanda — subiu acima do IPCA
CADEIRA GIRATÓRIA TIPO EXECUTIVA.;2015;2018;3;172.9;230.33;33.22;13.53;17.34;⚠️ Pressão de demanda — subiu acima do IPCA
CABO DE REDE;2020;2024;3;399.0;597.54;49.76;27.7;17.27;⚠️ Pressão de demanda — subiu acima do IPCA
ROLAMENTO CERAMICO  ALTA ROTAÇÃO MRS  DABI ATLANTE;2021;2023;3;65.54;85.0;29.69;10.68;17.19;⚠️ Pressão de demanda — subiu acima do IPCA
LINGUIÇA CALABRESA;2018;2021;4;16.65;23.42;40.66;19.99;17.18;⚠️ Pressão de demanda — subiu acima do IPCA
BATERIA PARA DESFIBRILADOR LIFEPAK 1000.;2019;2023;4;4760.0;7100.0;49.16;27.32;17.16;⚠️ Pressão de demanda — subiu acima do IPCA
CAPACETE CLASSE B;2015;2019;3;13.28;18.41;38.63;18.42;17.09;⚠️ Pressão de demanda — subiu acima do IPCA
SERVIÇOS DE PEDREIRO;2016;2024;4;25.28;44.0;74.05;48.71;17.07;⚠️ Pressão de demanda — subiu acima do IPCA
PNEU NOVO 1000X20,RADIAL,MISTO,BORRACHUDO,16 LONAS;2016;2021;3;1720.0;2580.0;50.0;28.16;17.04;⚠️ Pressão de demanda — subiu acima do IPCA
MALHA TUBULAR LARGURA ORTOPÉDICA 8CM  X COMPRIMENTO 25 M;2015;2018;3;6.78;9.0;32.74;13.53;16.96;⚠️ Pressão de demanda — subiu acima do IPCA
APARELHO DE AR CONDICIONADO TIPO SPLIT HI- WALL CAP.60.000 B;2020;2024;4;8726.5;13027.0;49.28;27.7;16.9;⚠️ Pressão de demanda — subiu acima do IPCA
STRYPHNODENDRON ADSTRINGENS COVILLE POMADA 20G;2015;2018;4;37.65;49.97;32.72;13.53;16.89;⚠️ Pressão de demanda — subiu acima do IPCA
MICONAZOL 20MG/G COM 7 APLICADORES CREME VAGINAL 80G;2015;2018;3;3.85;5.11;32.73;13.53;16.88;⚠️ Pressão de demanda — subiu acima do IPCA
PLACA DISPLAY SPLIT;2015;2017;3;155.0;198.24;27.9;9.43;16.88;⚠️ Pressão de demanda — subiu acima do IPCA
LUVA CIRÚRGICA ESTÉRIL Nº. 8,0;2018;2022;4;0.88;1.31;48.86;26.94;16.67;⚠️ Pressão de demanda — subiu acima do IPCA
DIPIRONA 500MG CPR, EM BLISTER.;2019;2024;4;0.07;0.11;60.29;33.47;16.67;⚠️ Pressão de demanda — subiu acima do IPCA
VERAPAMIL 80 MG;2016;2019;4;0.06;0.08;33.39;11.41;16.67;⚠️ Pressão de demanda — subiu acima do IPCA
BISCOITO MARIA - SEM LEITE - NA CENTRAL;2018;2021;3;6.34;8.87;39.91;19.99;16.67;⚠️ Pressão de demanda — subiu acima do IPCA
PARAFUSO FZ 4,2 X 32;2015;2021;6;0.06;0.09;50.0;36.22;16.67;⚠️ Pressão de demanda — subiu acima do IPCA
IVERMECTINA 6MG CPR, EM BLISTER.;2019;2024;5;0.15;0.23;54.73;33.47;16.67;⚠️ Pressão de demanda — subiu acima do IPCA
VIGA DE EUCALIPTO COM NO MINIMO Ø 0,25M;2020;2022;3;441.75;600.0;35.82;16.43;16.65;⚠️ Pressão de demanda — subiu acima do IPCA
VW FOX CONNECT MB 2021;2021;2023;3;31.44;40.58;29.08;10.68;16.62;⚠️ Pressão de demanda — subiu acima do IPCA
LORATADINA 1MG/ML 60ML;2016;2020;4;1.6;2.18;36.25;16.45;16.56;⚠️ Pressão de demanda — subiu acima do IPCA
BORRACHA APAGADORA ESCRITAS BRANCA ESCOLAR - Nº 40;2019;2024;4;5.95;9.24;55.29;33.47;16.53;⚠️ Pressão de demanda — subiu acima do IPCA
ALMOTOLIA DE USO MÉDICO-HOSPITALAR AMBAR;2019;2021;3;2.23;2.99;34.08;15.03;16.49;⚠️ Pressão de demanda — subiu acima do IPCA
AMALGAMA EM CÁPSULA - 1 PORÇÃO - KIT 50 CÁPSULAS;2020;2024;4;69.9;103.97;48.74;27.7;16.47;⚠️ Pressão de demanda — subiu acima do IPCA
FITA ADESIVA PARDA 48MM X 50MT;2015;2018;4;2.8;3.7;32.14;13.53;16.43;⚠️ Pressão de demanda — subiu acima do IPCA
ESPETINHO DE MADEIRA;2018;2023;4;2.98;4.6;54.36;32.8;16.41;⚠️ Pressão de demanda — subiu acima do IPCA
PEPINO;2015;2025;11;1.95;3.74;91.79;64.79;16.41;⚠️ Pressão de demanda — subiu acima do IPCA
PLACA INTEGRAL VALVULA S45/S55;2022;2025;4;249.31;331.8;33.09;14.35;16.39;⚠️ Pressão de demanda — subiu acima do IPCA
ÓLEO MINERAL, FRASCO 100ML.;2019;2023;4;2.02;3.0;48.51;27.32;16.37;⚠️ Pressão de demanda — subiu acima do IPCA
L/E TOMADA 2P+T 10A;2016;2020;3;5.4;7.32;35.56;16.45;16.34;⚠️ Pressão de demanda — subiu acima do IPCA
L/E INTER. 1 TEC. SIMPLES;2016;2020;3;4.04;5.47;35.4;16.45;16.32;⚠️ Pressão de demanda — subiu acima do IPCA
FORNO ELÉTRICO;2015;2019;4;297.0;409.0;37.71;18.42;16.29;⚠️ Pressão de demanda — subiu acima do IPCA
FIO ELÉTRICO TIPO FLEXÍVEL BITOLA 2 X 1,0MM;2015;2018;4;0.77;1.02;31.82;13.53;16.23;⚠️ Pressão de demanda — subiu acima do IPCA
CADERNO UNIVERSITARIO CAPA DURA.;2019;2024;4;3.87;6.0;55.04;33.47;16.21;⚠️ Pressão de demanda — subiu acima do IPCA
KIT COMPLETO PARA POLIMENTO DE RESINA;2019;2025;6;37.2;60.15;61.69;39.16;16.21;⚠️ Pressão de demanda — subiu acima do IPCA
EXTINTOR PQS BC 12 KG NOVO;2015;2023;7;135.0;236.45;75.15;50.77;16.17;⚠️ Pressão de demanda — subiu acima do IPCA
PINCEL 4;2019;2021;3;7.49;10.0;33.51;15.03;16.14;⚠️ Pressão de demanda — subiu acima do IPCA
CENTRO DISTRIB. FERRO P/  2 DISJUNTORES;2015;2021;6;6.98;11.04;58.17;36.22;16.05;⚠️ Pressão de demanda — subiu acima do IPCA
REGUA DE ALUMINIO 30CM;2018;2022;3;3.4;5.0;47.06;26.94;16.05;⚠️ Pressão de demanda — subiu acima do IPCA
SACA DE TECIDO 100 % ALVEJADO;2015;2024;6;3.15;5.78;83.49;58.06;16.03;⚠️ Pressão de demanda — subiu acima do IPCA
HIPOCLORITO DE SÓDIO 1%.;2019;2024;5;2.14;3.32;54.78;33.47;16.02;⚠️ Pressão de demanda — subiu acima do IPCA
FITA DUPLA FACE EMBORRACHADA 19X30;2016;2019;4;3.85;4.97;29.09;11.41;16.02;⚠️ Pressão de demanda — subiu acima do IPCA
RECARGA EXTINTOR PQS ABC 4 KG;2015;2023;7;40.0;69.96;74.89;50.77;16.0;⚠️ Pressão de demanda — subiu acima do IPCA
METOCLOPRAMIDA 5MG/ML  INJETÁVEL;2018;2020;3;0.28;0.36;27.96;9.02;16.0;⚠️ Pressão de demanda — subiu acima do IPCA
ATESTADO MÉDICO;2016;2023;6;1.6;2.64;65.0;41.85;15.89;⚠️ Pressão de demanda — subiu acima do IPCA
CARNE BOVINA CORTE RABADA;2018;2021;3;18.28;25.4;38.95;19.99;15.84;⚠️ Pressão de demanda — subiu acima do IPCA
CALÇADO OCUPACIONAL DE USO PROFISSIONAL TIPO TÊNIS;2020;2023;3;53.15;75.0;41.11;21.81;15.84;⚠️ Pressão de demanda — subiu acima do IPCA
METFORMINA XR 1000 MG;2016;2019;3;0.8;1.04;29.19;11.41;15.79;⚠️ Pressão de demanda — subiu acima do IPCA
TINTA ACRÍLICA,ACABAMENTO SEMI-BRILHO  COR BRANCA NEVE 18L;2015;2018;4;185.0;243.2;31.46;13.53;15.79;⚠️ Pressão de demanda — subiu acima do IPCA
LEITE SEMIDESNATADO UHT SEM LACTOSE;2018;2023;4;3.25;4.99;53.54;32.8;15.73;⚠️ Pressão de demanda — subiu acima do IPCA
BACIA NA COR BRANCA CAPACIDADE 34 LITROS;2016;2023;3;19.88;32.62;64.08;41.85;15.72;⚠️ Pressão de demanda — subiu acima do IPCA
AVENTAL RX PARA PACIENTE ADULTO;2019;2025;6;381.65;614.48;61.01;39.16;15.7;⚠️ Pressão de demanda — subiu acima do IPCA
CURATIVO ESTÉRIL DE ESPUMA DE POLIURETANO IMPREGNADA COM PRATA ELEMENTAR, TAMANHO (M) 18CM X 12,5CM X 3,2CM.;2022;2025;3;1370.0;1811.59;32.23;14.35;15.64;⚠️ Pressão de demanda — subiu acima do IPCA
TELHA DE CIMENTO S/ AMIANTO 1,22 X 0,50 X 4MM;2015;2021;6;6.6;10.4;57.58;36.22;15.61;⚠️ Pressão de demanda — subiu acima do IPCA
MANDRIL ODONTOLÓGICO P/ CONTRA-ÂNGULO MINI;2020;2025;5;2.54;3.91;53.94;33.14;15.61;⚠️ Pressão de demanda — subiu acima do IPCA
VENTILADOR OSCILANTE PRETO 60CM 220V;2016;2020;3;151.0;203.13;34.52;16.45;15.53;⚠️ Pressão de demanda — subiu acima do IPCA
AGUA MINERAL, COPO 200ML, CX COM 48 UNIDADES;2019;2023;4;21.0;30.88;47.05;27.32;15.51;⚠️ Pressão de demanda — subiu acima do IPCA
CABO HDMI 15 METROS;2020;2025;5;86.9;133.61;53.75;33.14;15.48;⚠️ Pressão de demanda — subiu acima do IPCA
DOBRADOR DE AMARILHO;2019;2021;3;12.5;16.6;32.8;15.03;15.44;⚠️ Pressão de demanda — subiu acima do IPCA
TELHA S/ AMIANTO 2,44 X 1,10 X 5MM;2015;2021;6;37.6;59.1;57.18;36.22;15.4;⚠️ Pressão de demanda — subiu acima do IPCA
TEMPERO VERDE -;2015;2018;3;1.5;1.96;30.67;13.53;15.33;⚠️ Pressão de demanda — subiu acima do IPCA
CONE DE GUTA PERCHA, PRINCIPAL 20;2015;2024;4;16.38;29.85;82.23;58.06;15.32;⚠️ Pressão de demanda — subiu acima do IPCA
ESPONJA DE ACO;2016;2020;4;1.15;1.54;34.35;16.45;15.28;⚠️ Pressão de demanda — subiu acima do IPCA
TELHA S/ AMIANTO 2,13 X 1,10 X 5MM;2015;2021;6;26.99;42.38;57.02;36.22;15.26;⚠️ Pressão de demanda — subiu acima do IPCA
ATADURAS DE CREPOM 10CM;2019;2021;3;0.54;0.72;34.26;15.03;15.22;⚠️ Pressão de demanda — subiu acima do IPCA
MINIDISJUNTOR TRIFASICO 32 A, CURVA C, PADRÃO IEC;2015;2023;7;17.67;30.69;73.68;50.77;15.22;⚠️ Pressão de demanda — subiu acima do IPCA
AGULHAS HIPODÉRMICAS 25 X 6;2019;2022;4;5.45;7.64;40.17;21.69;15.22;⚠️ Pressão de demanda — subiu acima do IPCA
POSTE DE CONCRETO DT 10/300;2017;2021;5;742.35;1064.5;43.4;24.48;15.2;⚠️ Pressão de demanda — subiu acima do IPCA
LÂMPADA FLUORESCENTE TUBULAR 20W 220V (NACIONAL);2015;2017;3;3.49;4.4;26.07;9.43;15.19;⚠️ Pressão de demanda — subiu acima do IPCA
MINIDISJUNTOR TRIFASICO 100 A, CURVA C, PADRÃO IEC;2015;2023;7;44.26;76.86;73.66;50.77;15.18;⚠️ Pressão de demanda — subiu acima do IPCA
METIL PREDNISOLONA 500MG INJETAVEL;2016;2019;3;12.0;15.4;28.33;11.41;15.15;⚠️ Pressão de demanda — subiu acima do IPCA
PNEU NOVO 1100X22,  RADIAL LISO, 16 LONAS;2016;2021;4;1820.0;2685.0;47.53;28.16;15.11;⚠️ Pressão de demanda — subiu acima do IPCA
CAIXA ORGANIZADORA 42,0CM X 31,0CM X 20,0CM;2020;2025;4;21.74;33.3;53.17;33.14;15.09;⚠️ Pressão de demanda — subiu acima do IPCA
LÁPIS COLORIDO;2018;2024;4;2.64;4.24;60.61;39.22;15.02;⚠️ Pressão de demanda — subiu acima do IPCA
JUNÇÃO ESGOTO Y 100 X 50MM;2015;2021;6;6.0;9.4;56.67;36.22;15.0;⚠️ Pressão de demanda — subiu acima do IPCA
NIMESULIDA 50MG/ML 15ML;2016;2019;3;1.06;1.36;28.3;11.41;15.0;⚠️ Pressão de demanda — subiu acima do IPCA
FITA CIRÚRGICA MICROPOROSA HIPOALERGÊNICA LARGURA 5,0CM X 4,;2015;2022;7;1.9;3.15;65.79;44.11;15.0;⚠️ Pressão de demanda — subiu acima do IPCA
GUARNIÇÃO DE SILICONE PARA AUTOCLAVE QUADRA 21, CRISTÓFOLI;2018;2023;6;89.0;135.9;52.7;32.8;14.99;⚠️ Pressão de demanda — subiu acima do IPCA
AUTOCLAVE 21L;2015;2018;3;2796.0;3650.0;30.54;13.53;14.99;⚠️ Pressão de demanda — subiu acima do IPCA
BALAS MACIAS;2018;2023;4;6.45;9.85;52.71;32.8;14.96;⚠️ Pressão de demanda — subiu acima do IPCA
AVEIA EM FLOCOS FINOS;2015;2024;5;4.35;7.9;81.61;58.06;14.94;⚠️ Pressão de demanda — subiu acima do IPCA
LAMPADA ELETRÔNICA 25 WATS (ECONOMICA);2015;2021;4;7.7;12.04;56.36;36.22;14.81;⚠️ Pressão de demanda — subiu acima do IPCA
METOCLOPRAMIDA GOTAS  4 MG/ML FR 10ML;2018;2020;3;0.61;0.77;26.23;9.02;14.81;⚠️ Pressão de demanda — subiu acima do IPCA
LÂMINA DE PREVENTIVO (PONTA FOSCA).;2015;2024;7;2.7;4.9;81.48;58.06;14.81;⚠️ Pressão de demanda — subiu acima do IPCA
DISCO P/ FERRO 12 X 1;2015;2018;4;13.89;18.1;30.31;13.53;14.76;⚠️ Pressão de demanda — subiu acima do IPCA
METOPROLOL, TARTARATO 1MG/ML, INJETÁVEL, AMPOLA 5ML.;2019;2024;4;10.45;16.0;53.11;33.47;14.74;⚠️ Pressão de demanda — subiu acima do IPCA
RECARGA EXTINTOR PQS BC 08 KG;2015;2023;7;40.0;69.19;72.99;50.77;14.73;⚠️ Pressão de demanda — subiu acima do IPCA
PONTA DE ULTRASSON E7D - (ROSCA EXTERNA);2020;2024;4;170.0;249.0;46.47;27.7;14.7;⚠️ Pressão de demanda — subiu acima do IPCA
"PAPEL GRAU CIRÚRGICO; MEDINDO 25 CM X 100 M";2015;2019;3;62.8;85.3;35.83;18.42;14.7;⚠️ Pressão de demanda — subiu acima do IPCA
FITA ADESIVA PARA TESTE DE ESTERILIZAÇÃO EM AUTOCLAVE;2019;2022;4;2.5;3.49;39.6;21.69;14.69;⚠️ Pressão de demanda — subiu acima do IPCA
IODETO DE POTASSIO 2% XPE 60ML;2016;2019;3;1.88;2.4;27.67;11.41;14.69;⚠️ Pressão de demanda — subiu acima do IPCA
ENVELOPE AUTO SELANTE 90X260MM;2020;2025;5;16.6;25.32;52.53;33.14;14.62;⚠️ Pressão de demanda — subiu acima do IPCA
MALHA TUBULAR LARGURA ORTOPÉDICA 30CM  X COMPRIMENTO 25 M;2015;2018;3;21.64;28.12;29.94;13.53;14.46;⚠️ Pressão de demanda — subiu acima do IPCA
CONTENÇÃO COM MOLA;2020;2022;3;60.0;79.9;33.17;16.43;14.36;⚠️ Pressão de demanda — subiu acima do IPCA
ERITROMICINA 50MG/ML SUSPENSÃO ORAL,  FRASCO 60ML.;2019;2021;3;4.13;5.44;31.72;15.03;14.33;⚠️ Pressão de demanda — subiu acima do IPCA
MASSA DE MODELAR - ATÓXICA - CAIXA COM 12 CORES -180 GR;2020;2023;3;2.25;3.14;39.56;21.81;14.29;⚠️ Pressão de demanda — subiu acima do IPCA
LORAZEPAM 2MG CPR;2016;2019;3;0.07;0.1;42.86;11.41;14.29;⚠️ Pressão de demanda — subiu acima do IPCA
BASCULANTE GALVANIZADA S/ VIDRO;2015;2017;3;169.5;211.99;25.07;9.43;14.29;⚠️ Pressão de demanda — subiu acima do IPCA
LUVA LÁTEX NÃO ESTÉRIL TAMANHO G;2015;2020;4;16.25;22.99;41.48;23.77;14.28;⚠️ Pressão de demanda — subiu acima do IPCA
ARAME GALVANIZADO COM BITOLA DE N° 18 (1,24MM) PARA AMARRAÇÃ;2015;2018;4;10.35;13.42;29.71;13.53;14.25;⚠️ Pressão de demanda — subiu acima do IPCA
ELETRODO INFANTIL;2019;2021;3;1560.0;2050.0;31.41;15.03;14.24;⚠️ Pressão de demanda — subiu acima do IPCA
PLANO INCLINICADO;2020;2023;4;115.0;160.0;39.13;21.81;14.22;⚠️ Pressão de demanda — subiu acima do IPCA
PEVEDUTO  (63)      2;2016;2020;3;1.95;2.59;32.82;16.45;14.21;⚠️ Pressão de demanda — subiu acima do IPCA
SENSOR TIPO SOFT ADULTO COMPATIVEL COM OXIMETRO DE PULSO DIX;2016;2018;3;469.31;572.3;21.94;6.81;14.17;⚠️ Pressão de demanda — subiu acima do IPCA
CX DÁGUA FIBRA 1.000 LITROS;2015;2021;6;340.0;528.64;55.48;36.22;14.14;⚠️ Pressão de demanda — subiu acima do IPCA
LUVA CIRÚRGICA ESTÉRIL Nº. 6,5;2018;2021;4;0.88;1.22;38.52;19.99;14.1;⚠️ Pressão de demanda — subiu acima do IPCA
DIETA ENTERAL PARA CRIANÇAS;2016;2018;3;24.0;29.25;21.88;6.81;14.08;⚠️ Pressão de demanda — subiu acima do IPCA
ÁLCOOL ETÍLICO HIDRATADO 96% (92,8º INPM);2018;2021;4;5.34;7.3;36.7;19.99;14.04;⚠️ Pressão de demanda — subiu acima do IPCA
LÂMINA DE BISTURI Nº 15C;2019;2025;5;24.5;38.87;58.65;39.16;14.02;⚠️ Pressão de demanda — subiu acima do IPCA
SARDINHA;2015;2025;5;2.08;3.9;87.57;64.79;13.94;⚠️ Pressão de demanda — subiu acima do IPCA
MONITORAMENTO DAS DOENÇAS DIARREICAS AGUDAS- DISTRIBUIÇÃO DE;2018;2022;4;5.8;8.39;44.66;26.94;13.89;⚠️ Pressão de demanda — subiu acima do IPCA
ESPONJA DE FIBRA SINTÉTICA 110MMX75MMX20MM;2020;2024;4;0.44;0.65;47.73;27.7;13.89;⚠️ Pressão de demanda — subiu acima do IPCA
ESCOVA DE POLIMENTO SCOTH BRITHE GROSSA;2021;2025;4;16.8;23.13;37.68;20.97;13.87;⚠️ Pressão de demanda — subiu acima do IPCA
IBUPROFENO 50MG/ML 30ML;2015;2018;3;0.8;1.03;28.91;13.53;13.75;⚠️ Pressão de demanda — subiu acima do IPCA
ESSÊNCIA DE BAUNILHA LÍQUIDA BRANCA;2018;2024;6;11.49;18.2;58.4;39.22;13.74;⚠️ Pressão de demanda — subiu acima do IPCA
CLORIDRATO DE OXIBUTININA 5MG CPR;2016;2019;3;0.54;0.69;27.78;11.41;13.73;⚠️ Pressão de demanda — subiu acima do IPCA
GARRAFA TÉRMICA INOX 1,8 LITROS;2018;2025;4;69.0;113.9;65.07;45.15;13.72;⚠️ Pressão de demanda — subiu acima do IPCA
CADERNETA DA GESTANTE;2020;2023;3;2.85;3.95;38.6;21.81;13.67;⚠️ Pressão de demanda — subiu acima do IPCA
BISCOITO BROA DE POLVILHO  DIVERSOS SABORES  (AMENDOIM, COCO;2018;2021;3;19.8;27.0;36.36;19.99;13.65;⚠️ Pressão de demanda — subiu acima do IPCA
MICROMOTOR ELÉTRICO DE BANCADA LB 100;2020;2025;5;595.0;900.0;51.26;33.14;13.61;⚠️ Pressão de demanda — subiu acima do IPCA
DIMETICONA 75MG/ML 10ML;2015;2018;3;0.59;0.76;28.84;13.53;13.56;⚠️ Pressão de demanda — subiu acima do IPCA
LÂMPADA LUZ MISTA COM TENSÃO NOMINAL 220V;2015;2021;6;9.98;15.44;54.71;36.22;13.53;⚠️ Pressão de demanda — subiu acima do IPCA
ISOLADOR DE BARRAMENTO 30X40MM ROSCA 1/4;2017;2020;3;5.02;6.45;28.49;13.1;13.51;⚠️ Pressão de demanda — subiu acima do IPCA
BOBINA SOLDADA 220 DANFOSS CRISTOFOLI;2016;2018;3;90.96;110.25;21.21;6.81;13.47;⚠️ Pressão de demanda — subiu acima do IPCA
FITA ADESIVA MARRON;2015;2018;4;2.23;2.87;28.7;13.53;13.45;⚠️ Pressão de demanda — subiu acima do IPCA
ARAME GALVANIZADO COM BITOLA DE N° 20 (0,89MM) PARA AMARRAÇÃ;2015;2018;4;15.59;20.08;28.77;13.53;13.44;⚠️ Pressão de demanda — subiu acima do IPCA
ESPELHO CEDRO 14 CM;2015;2021;6;12.3;19.0;54.47;36.22;13.41;⚠️ Pressão de demanda — subiu acima do IPCA
BLOCO DE CONCRETO ESTRUTURAL, DIMENSÕES 14 X 19 X 39 CM, FCK;2020;2025;5;2.59;3.9;50.58;33.14;13.4;⚠️ Pressão de demanda — subiu acima do IPCA
ARCO YOUNG ADULTO, EM AÇO INOX;2018;2025;6;7.32;12.05;64.62;45.15;13.33;⚠️ Pressão de demanda — subiu acima do IPCA
FITA CIRÚRGICA MICROPOROSA HIPOALERGÊNICA LARGURA 2,5CM X 4,;2015;2022;7;1.2;1.96;63.33;44.11;13.33;⚠️ Pressão de demanda — subiu acima do IPCA
OLEO DE GIRASSOL;2019;2021;3;3.29;4.29;30.4;15.03;13.31;⚠️ Pressão de demanda — subiu acima do IPCA
BETAMETASONA (ACETATO 3MG + FOSFATO DISSÓDICO 3MG) SOL INJ;2016;2020;4;4.5;5.93;31.78;16.45;13.24;⚠️ Pressão de demanda — subiu acima do IPCA
REFORMA DE CADEIRA TIPO SECRETÁRIA COM RODÍZIOS (REVESTIMENT;2015;2017;3;46.0;57.0;23.91;9.43;13.24;⚠️ Pressão de demanda — subiu acima do IPCA
SUPORTE SPLIT 18/30000BTUS - METAL;2016;2020;4;40.0;52.74;31.85;16.45;13.23;⚠️ Pressão de demanda — subiu acima do IPCA
LEVOFLOXACINO 500MG;2015;2018;3;0.53;0.68;28.3;13.53;13.21;⚠️ Pressão de demanda — subiu acima do IPCA
BROCA DE BAIXA ROTAÇÃO HASTE LONGA N° 1;2020;2025;5;3.39;5.11;50.74;33.14;13.14;⚠️ Pressão de demanda — subiu acima do IPCA
CEFALEXINA 50MG/ML SUSPENSÃO ORAL, FRASCO 60ML APÓS RECONSTITUIÇÃO.;2021;2024;3;5.5;7.23;31.45;16.03;13.12;⚠️ Pressão de demanda — subiu acima do IPCA
DEDAL DE BORRACHA - AMALGADOR;2018;2024;4;1.91;3.0;57.07;39.22;13.1;⚠️ Pressão de demanda — subiu acima do IPCA
GELATINA;2020;2024;5;3.04;4.4;44.74;27.7;13.01;⚠️ Pressão de demanda — subiu acima do IPCA
FELTRO PARA APLICAÇÃO DE VINIS;2017;2020;3;7.82;10.0;27.88;13.1;13.01;⚠️ Pressão de demanda — subiu acima do IPCA
MASSA PLASTICA UNIV 900G;2015;2021;5;15.46;23.8;53.95;36.22;13.0;⚠️ Pressão de demanda — subiu acima do IPCA
CARTUCHO DESKJET HP 667 OU 667 XL ORIGINAL COLORIDO;2021;2024;3;57.22;75.0;31.07;16.03;12.95;⚠️ Pressão de demanda — subiu acima do IPCA
PAPEL HIGIÊNICO;2018;2021;4;46.5;63.0;35.48;19.99;12.92;⚠️ Pressão de demanda — subiu acima do IPCA
MEMBRANA OSMOSE REVERSA TW30-1812-100 DOW FILMTEC;2016;2018;3;393.85;475.0;20.6;6.81;12.91;⚠️ Pressão de demanda — subiu acima do IPCA
DIÁRIA DE HOTEL PARA 01 (UMA) PESSOA ADULTA INCLUSO REFEIÇÕE;2021;2025;4;134.0;183.0;36.57;20.97;12.89;⚠️ Pressão de demanda — subiu acima do IPCA
CENOURA - NAS ESCOLAS;2021;2024;3;4.28;5.61;30.92;16.03;12.88;⚠️ Pressão de demanda — subiu acima do IPCA
SISTEMA DE VIGILÂNCIA ALIMENTAR E NUTRICIONAL MENORES DE 5 A;2018;2023;5;3.99;5.97;49.62;32.8;12.82;⚠️ Pressão de demanda — subiu acima do IPCA
DEXAMETASONA 4 MG SOL INJ. 2,5 ML;2016;2019;3;0.5;0.63;25.0;11.41;12.77;⚠️ Pressão de demanda — subiu acima do IPCA
TRAVA DA BROCA DO C.A DENTSCLER;2022;2025;4;17.62;22.7;28.86;14.35;12.77;⚠️ Pressão de demanda — subiu acima do IPCA
PÃO FRANCES;2015;2024;5;8.3;14.8;78.31;58.06;12.77;⚠️ Pressão de demanda — subiu acima do IPCA
"ÁGUA SANITÁRIA 5 LITROS;";2018;2024;4;4.46;7.0;56.77;39.22;12.72;⚠️ Pressão de demanda — subiu acima do IPCA
ASSENTO PARA VASO SANITÁRIO INFANTIL;2018;2021;3;38.97;52.7;35.23;19.99;12.7;⚠️ Pressão de demanda — subiu acima do IPCA
COBERTURA PRIMÁRIA COMPOSTA DE TECIDO DE CARVÃO ATIVADO IMPREGNADA COM ÍONS DE PRATA (25ΜG/CM2), ENVOLTO POR UMA CAMADA DE NYLON DE BAIXA ADERÊNCIA, FLEXÍVEL, SELADA EM TODA SUA EXTENSÃO, ATÓXICA, HIPOALERGÊNICA, MEDINDO 10 X 19 CM;2021;2023;3;117.85;147.0;24.73;10.68;12.7;⚠️ Pressão de demanda — subiu acima do IPCA
CAIXA DE CONCRETO 40X40;2017;2023;6;47.02;72.99;55.23;37.78;12.66;⚠️ Pressão de demanda — subiu acima do IPCA
SUPLEMENTO NUTRICIONAL LÁCTEO EM PÓ, ENRIQUECIDO COM VITAMIN;2016;2019;4;15.14;19.0;25.5;11.41;12.64;⚠️ Pressão de demanda — subiu acima do IPCA
MARCO CEDRO 0,80 X 2,10 X 0,16;2015;2021;6;99.0;151.9;53.43;36.22;12.64;⚠️ Pressão de demanda — subiu acima do IPCA
MOCHO GIRATÓRIO COM ENCOSTO E RODÍZIOS;2015;2020;4;226.0;315.0;39.38;23.77;12.61;⚠️ Pressão de demanda — subiu acima do IPCA
COMPRESSOR 3/4HP ROTATIVO.;2015;2018;4;275.5;352.12;27.81;13.53;12.58;⚠️ Pressão de demanda — subiu acima do IPCA
FICHA DE OBSERVAÇÃO DO ANIMAL AGRESSOR;2018;2023;5;6.69;10.0;49.48;32.8;12.56;⚠️ Pressão de demanda — subiu acima do IPCA
VARFARINA SÓDICA 5MG CPR;2016;2020;4;0.09;0.11;26.44;16.45;12.5;⚠️ Pressão de demanda — subiu acima do IPCA
CIRCUITO ELETRONICO DE POTENCIA FL BIV;2022;2024;3;474.92;586.0;23.39;9.68;12.5;⚠️ Pressão de demanda — subiu acima do IPCA
APARELHO TELEFÔNICO COM FIO.;2018;2021;4;31.45;42.45;34.98;19.99;12.49;⚠️ Pressão de demanda — subiu acima do IPCA
VINHO TINTO SUAVE EM GARRAFA;2018;2021;3;14.0;18.9;35.0;19.99;12.49;⚠️ Pressão de demanda — subiu acima do IPCA
CATALISADOR 900ML;2018;2021;4;43.71;59.0;34.98;19.99;12.49;⚠️ Pressão de demanda — subiu acima do IPCA
BALDE ESPREMEDOR;2018;2021;4;280.8;379.0;34.97;19.99;12.49;⚠️ Pressão de demanda — subiu acima do IPCA
ESTUDO SÓCIO-ECONÔMICA CAPS II AD-;2018;2022;4;9.74;13.9;42.71;26.94;12.47;⚠️ Pressão de demanda — subiu acima do IPCA
ROLO COMPACTADOR MULLER VAP55;2023;2025;3;20.9;25.68;22.85;9.3;12.42;⚠️ Pressão de demanda — subiu acima do IPCA
BPA INDIVIDUALIAZADO 2 VIAS AUTOCOPIATIVO (BRACO/AZUL);2018;2020;3;7.5;9.19;22.53;9.02;12.41;⚠️ Pressão de demanda — subiu acima do IPCA
HONDA XLR 125 ES 2001;2019;2024;4;34.0;51.0;50.0;33.47;12.4;⚠️ Pressão de demanda — subiu acima do IPCA
CARNE BOVINA, CORTE RABADA;2015;2017;3;12.99;15.98;23.02;9.43;12.39;⚠️ Pressão de demanda — subiu acima do IPCA
MÁQUINA INVERSORA DE SOLDA MULTIPROCESSO 220VAC, POTÊNCIA DE NO MÍNIMO 5,5KVA, CONFORME ESPECIFICAÇÕES CONSTANTES NO TERMO DE REFERÊNCIA.;2022;2025;3;2219.0;2850.0;28.44;14.35;12.32;⚠️ Pressão de demanda — subiu acima do IPCA
GRAMPO PARA GRAMPEADOR DE MADEIRA GALVANIZADO, 106/6;2021;2023;3;8.19;10.17;24.18;10.68;12.31;⚠️ Pressão de demanda — subiu acima do IPCA
COUVE CHINESA;2018;2023;4;3.05;4.56;49.51;32.8;12.27;⚠️ Pressão de demanda — subiu acima do IPCA
PAPEL HIGIENICO 500M;2017;2025;3;55.6;94.0;69.06;50.59;12.26;⚠️ Pressão de demanda — subiu acima do IPCA
PAPEL TOALHA DE COPA E COZINHA;2015;2024;8;3.1;5.5;77.42;58.06;12.26;⚠️ Pressão de demanda — subiu acima do IPCA
"CONSULTÓRIO ODONTOLÓGICO;";2019;2022;3;14500.0;19800.0;36.55;21.69;12.21;⚠️ Pressão de demanda — subiu acima do IPCA
PANO MULTIÚSO;2018;2021;4;88.4;119.0;34.62;19.99;12.2;⚠️ Pressão de demanda — subiu acima do IPCA
ESTOJO ENDODONTICO 24 FUROS 07X06X05CM;2020;2025;5;52.93;79.04;49.33;33.14;12.16;⚠️ Pressão de demanda — subiu acima do IPCA
FOLHA A4;2018;2021;4;14.5;19.5;34.48;19.99;12.14;⚠️ Pressão de demanda — subiu acima do IPCA
REPARTIÇÃO DE PINUS ENCANTILHADA;2015;2023;5;25.0;42.25;69.0;50.77;12.1;⚠️ Pressão de demanda — subiu acima do IPCA
CX DÁGUA FIBRA    310 LITROS;2015;2021;6;148.0;226.0;52.7;36.22;12.1;⚠️ Pressão de demanda — subiu acima do IPCA
LAMPADA VAPOR DE SODIO 400W E 40;2015;2018;4;29.64;37.72;27.26;13.53;12.1;⚠️ Pressão de demanda — subiu acima do IPCA
FIAT MOBI LIKE 1.0 FLEX 4P 2019 – 2020;2021;2023;3;32.0;39.68;23.99;10.68;12.03;⚠️ Pressão de demanda — subiu acima do IPCA
CONJUNTO MEDIDOR PARA ALGINATO;2023;2025;3;8.89;10.89;22.5;9.3;12.03;⚠️ Pressão de demanda — subiu acima do IPCA
PROGRAMA NACIONAL DE CONTROLE DA DENGUE - PNCD;2016;2023;6;1.94;3.09;59.28;41.85;12.02;⚠️ Pressão de demanda — subiu acima do IPCA
BROCA AÇO RÁPIDO  8MM;2015;2021;6;7.99;12.19;52.57;36.22;12.02;⚠️ Pressão de demanda — subiu acima do IPCA
MOLDEIRA TOTAL PERFURADA PLÁSTICO;2019;2025;6;42.43;66.11;55.81;39.16;11.97;⚠️ Pressão de demanda — subiu acima do IPCA
MOTOR ENDODÔNTICO ELÉTRICO;2019;2025;6;4250.0;6616.0;55.67;39.16;11.87;⚠️ Pressão de demanda — subiu acima do IPCA
ETIQUE LABORATÓRIO DENGUE (PICOTADO);2016;2023;3;8.5;13.5;58.82;41.85;11.87;⚠️ Pressão de demanda — subiu acima do IPCA
TINTA ESMALTE SINTÉTICO, LINHA PREMIUM NA COR: VERDE.;2015;2017;3;42.5;52.0;22.35;9.43;11.81;⚠️ Pressão de demanda — subiu acima do IPCA
LIVRO DE PROTOCOLO CAPA DURA;2015;2024;5;6.2;10.95;76.61;58.06;11.77;⚠️ Pressão de demanda — subiu acima do IPCA
CONFECÇÃO DE ETIQUETAS ADESIVAS, PLASTICAS, TAM. 7X4CM.;2020;2024;4;0.21;0.3;42.86;27.7;11.76;⚠️ Pressão de demanda — subiu acima do IPCA
CD VIRGEM, 700MB DE CAPACIDADE SEM CAPA;2016;2020;3;0.54;0.7;29.63;16.45;11.76;⚠️ Pressão de demanda — subiu acima do IPCA
CANETAS HIDROGRÁFICAS;2015;2019;3;4.68;6.19;32.26;18.42;11.75;⚠️ Pressão de demanda — subiu acima do IPCA
REPOLHO VERDE.;2016;2024;3;3.99;6.62;65.91;48.71;11.73;⚠️ Pressão de demanda — subiu acima do IPCA
REFRIGERANTE DE LARANJA: EM EMBALAGEM PET DE 2 LITROS;2018;2023;4;4.75;7.04;48.21;32.8;11.72;⚠️ Pressão de demanda — subiu acima do IPCA
LAPISEIRA, MATERIAL PLÁSTICO, DIÂMETRO DE CARGA 0,5MM;2020;2024;4;2.23;3.17;42.15;27.7;11.67;⚠️ Pressão de demanda — subiu acima do IPCA
PASTA CATALOGO PARA DOCUMENTOS;2016;2024;5;6.94;11.52;65.99;48.71;11.64;⚠️ Pressão de demanda — subiu acima do IPCA
FICHA DE CADASTRO INDIVIDUAL;2018;2020;3;1.76;2.14;21.59;9.02;11.61;⚠️ Pressão de demanda — subiu acima do IPCA
MICONAZOL 20MG/G (2%) CREME VAGINAL, COM NO MINIMO 7 APLICAD;2019;2023;4;5.0;7.1;42.0;27.32;11.61;⚠️ Pressão de demanda — subiu acima do IPCA
SORO GLICOSADO 250ML (SOLUÇÃO DE GLICOSE A 5%).;2018;2021;4;2.21;2.95;33.51;19.99;11.57;⚠️ Pressão de demanda — subiu acima do IPCA
ESPIRONOLACTONA 100 MG;2016;2019;3;0.28;0.35;25.54;11.41;11.54;⚠️ Pressão de demanda — subiu acima do IPCA
CLORIDRATO DE PETIDINA 50 MG SOL INJ 2 ML;2016;2019;3;1.48;1.84;24.32;11.41;11.51;⚠️ Pressão de demanda — subiu acima do IPCA
CABO DE PÁ DE CAVAR;2015;2021;6;4.87;7.4;51.95;36.22;11.5;⚠️ Pressão de demanda — subiu acima do IPCA
PONTA DE ULTRASSON E6D - (ROSCA EXTERNA);2020;2024;4;170.0;242.0;42.35;27.7;11.47;⚠️ Pressão de demanda — subiu acima do IPCA
BISCOITO WAFER SABORES DIVERSOS EMBALAGEM 160G;2020;2024;5;2.39;3.4;42.26;27.7;11.4;⚠️ Pressão de demanda — subiu acima do IPCA
SALGADO ASSADO TIPO ESFIHA DE FRANGO;2015;2023;6;57.16;96.0;67.95;50.77;11.39;⚠️ Pressão de demanda — subiu acima do IPCA
SORO GLICOSADO 500ML (SOLUÇÃO DE GLICOSE A 5%).;2018;2021;4;2.79;3.73;33.69;19.99;11.38;⚠️ Pressão de demanda — subiu acima do IPCA
VÁLVULA PARA EXTINTOR CO2;2015;2023;7;35.0;58.77;67.92;50.77;11.37;⚠️ Pressão de demanda — subiu acima do IPCA
PLACA ELETRÔNICA AR CONDICIONADO UNIVERSAL;2016;2021;5;92.67;132.24;42.7;28.16;11.34;⚠️ Pressão de demanda — subiu acima do IPCA
JOGO ANEIS PISTÃO;2022;2025;4;80.14;102.0;27.28;14.35;11.31;⚠️ Pressão de demanda — subiu acima do IPCA
AZUL DE METILENO CHIMIOLUX 0,005%;2019;2025;4;106.5;164.9;54.84;39.16;11.28;⚠️ Pressão de demanda — subiu acima do IPCA
MÁQUINA PARA CORTAR ASFALTO/CONCRETO, COM MOTOR MOVIDO À GASOLINA DE NO MÍNIMO 13HP - 4 TEMPOS, PARA DISCO DE 300 E 350MM;2020;2023;3;4800.0;6499.0;35.4;21.81;11.15;⚠️ Pressão de demanda — subiu acima do IPCA
COLA DE SECAGEM RÁPIDA C/5GR (TIPO SUPERBONDER);2016;2018;3;8.13;9.65;18.7;6.81;11.11;⚠️ Pressão de demanda — subiu acima do IPCA
TRAMADOL, CLORIDRATO DE 50 MG;2018;2020;3;0.1;0.12;21.65;9.02;11.11;⚠️ Pressão de demanda — subiu acima do IPCA
GABAPENTINA 300MG CP;2016;2019;3;0.29;0.36;23.45;11.41;11.11;⚠️ Pressão de demanda — subiu acima do IPCA
CIMETIDINA 200 MG;2016;2019;3;0.1;0.12;30.53;11.41;11.11;⚠️ Pressão de demanda — subiu acima do IPCA
FORNO MICROONDAS;2015;2023;4;430.0;720.0;67.44;50.77;11.06;⚠️ Pressão de demanda — subiu acima do IPCA
JOGO TALHER COM 24 UNIDADES;2020;2024;5;69.5;98.53;41.77;27.7;11.02;⚠️ Pressão de demanda — subiu acima do IPCA
FACA TIPO AÇOUGUEIRO 20CM DE LÂMINA 8;2017;2025;3;15.5;25.9;67.1;50.59;11.02;⚠️ Pressão de demanda — subiu acima do IPCA
FITA ISOLANTE 19MM 20M CERTIFICADO INMETRO;2015;2021;5;2.36;3.57;51.27;36.22;11.02;⚠️ Pressão de demanda — subiu acima do IPCA
ENVELOPES AUTO SELANTES 250MMX350MM;2017;2022;5;52.0;76.0;46.15;31.69;10.98;⚠️ Pressão de demanda — subiu acima do IPCA
CIMENTO CP-IV 32 50 KG;2016;2025;3;20.0;34.4;72.0;55.04;10.95;⚠️ Pressão de demanda — subiu acima do IPCA
BRÓCOLIS - NAS ESCOLAS;2021;2024;3;11.22;14.44;28.7;16.03;10.92;⚠️ Pressão de demanda — subiu acima do IPCA
PLOTAGEM PRETO/BRANCO.;2016;2018;3;6.25;7.4;18.4;6.81;10.88;⚠️ Pressão de demanda — subiu acima do IPCA
MARCO CEDRO 0,60 X 2,10 X 0,16;2015;2021;6;99.0;149.5;51.01;36.22;10.86;⚠️ Pressão de demanda — subiu acima do IPCA
MARGARINA COM SAL;2018;2021;3;103.0;137.0;33.01;19.99;10.86;⚠️ Pressão de demanda — subiu acima do IPCA
MARCO CEDRO 0,70 X 2,10 X 0,16;2015;2021;6;99.0;149.5;51.01;36.22;10.86;⚠️ Pressão de demanda — subiu acima do IPCA
SERINGA CARPULE COM REFLUXO-12,5CM;2019;2025;6;22.0;33.93;54.23;39.16;10.82;⚠️ Pressão de demanda — subiu acima do IPCA
ARGAMASSA MASSA PRONTA;2018;2021;3;6.1;8.1;32.79;19.99;10.8;⚠️ Pressão de demanda — subiu acima do IPCA
CAIXA COPO 200ML SEM GÁS, COM 48 UNIDADES;2015;2024;4;22.0;38.5;75.0;58.06;10.73;⚠️ Pressão de demanda — subiu acima do IPCA
LÂMINA DE BISTURI DESCARTÁVEL Nº. 20;2015;2018;3;19.49;24.5;25.71;13.53;10.72;⚠️ Pressão de demanda — subiu acima do IPCA
LÂMINA DE BISTURI DESCARTÁVEL Nº. 22;2015;2018;3;19.49;24.5;25.71;13.53;10.72;⚠️ Pressão de demanda — subiu acima do IPCA
CURVA ELETRODUTO PVC ANTI-CHAMA 1  X 90º PRETA;2015;2021;6;1.96;2.96;51.02;36.22;10.71;⚠️ Pressão de demanda — subiu acima do IPCA
SAXAGLIPTINA 5MG;2016;2019;3;2.98;3.67;23.15;11.41;10.71;⚠️ Pressão de demanda — subiu acima do IPCA
PREGO COM CABEÇA 22X48,PACOTE DE 01 KG;2015;2018;4;7.99;10.04;25.72;13.53;10.7;⚠️ Pressão de demanda — subiu acima do IPCA
GLUCONATO DE CÁLCIO 10% 10ML;2015;2018;3;1.22;1.53;25.11;13.53;10.66;⚠️ Pressão de demanda — subiu acima do IPCA
VASSOURA DE PALHA;2015;2023;8;19.04;31.77;66.86;50.77;10.66;⚠️ Pressão de demanda — subiu acima do IPCA
COLA BRANCA;2015;2021;7;13.8;20.8;50.72;36.22;10.65;⚠️ Pressão de demanda — subiu acima do IPCA
CERA EM PASTA, PESO MINIMO DE  4,5 QUILOS, PARA PISOS QUENTE;2021;2024;3;110.0;141.23;28.39;16.03;10.65;⚠️ Pressão de demanda — subiu acima do IPCA
SULFAMETOXAZOL 200MG+ TRIMETOPRIMA 40MG/5ML 100ML;2015;2018;3;1.13;1.42;25.93;13.53;10.62;⚠️ Pressão de demanda — subiu acima do IPCA
SORO FISIOLOGICO 1000ML (SOLUÇÃO DE CLORETO DE SÓDIO 0,9%);2015;2020;3;3.58;4.9;36.87;23.77;10.61;⚠️ Pressão de demanda — subiu acima do IPCA
CX SIFONADA 100 X 50;2015;2021;6;8.3;12.5;50.6;36.22;10.6;⚠️ Pressão de demanda — subiu acima do IPCA
CHAVE CENTRIFUGA;2022;2024;3;73.2;88.8;21.31;9.68;10.59;⚠️ Pressão de demanda — subiu acima do IPCA
PLACA ADESIVA 20X10 CM, 4 CORES EM ADESIVO VINIL;2020;2023;3;4.45;6.0;34.83;21.81;10.56;⚠️ Pressão de demanda — subiu acima do IPCA
AUTO DE CONSTATAÇÃO DE EMBRIAGUEZ;2018;2021;3;9.8;13.0;32.65;19.99;10.54;⚠️ Pressão de demanda — subiu acima do IPCA
AAS - ACIDO ACETILSALICILICO TAMPONADO 200MG;2016;2019;3;0.2;0.25;22.85;11.41;10.53;⚠️ Pressão de demanda — subiu acima do IPCA
BETAISTINA 8MG CPR;2016;2019;3;0.2;0.25;25.63;11.41;10.53;⚠️ Pressão de demanda — subiu acima do IPCA
SORO GLICOFISIOLOGICO 500ML;2015;2021;5;2.49;3.75;50.6;36.22;10.44;⚠️ Pressão de demanda — subiu acima do IPCA
COLETE ESPORTIVO;2021;2025;5;13.85;18.5;33.57;20.97;10.42;⚠️ Pressão de demanda — subiu acima do IPCA
BUCHA DE REDUÇÃO PVC CURTA SOLD. 32 X 25 MM,NBR 5648.;2015;2021;6;0.48;0.72;50.0;36.22;10.42;⚠️ Pressão de demanda — subiu acima do IPCA
GRAMPO PARA GRAMPEADOR GALVANIZADO, 23/13;2021;2023;3;16.29;19.9;22.16;10.68;10.37;⚠️ Pressão de demanda — subiu acima do IPCA
PNEU NOVO 1300X24 COMPACTADOR 8 LONAS;2019;2025;3;3380.0;5190.0;53.55;39.16;10.34;⚠️ Pressão de demanda — subiu acima do IPCA
SULFADIAZINA DE PRATA 1% POMADA POTE COM 400G;2015;2018;4;18.12;22.7;25.24;13.53;10.32;⚠️ Pressão de demanda — subiu acima do IPCA
FARINHA DE TAPIOCA;2020;2024;4;6.48;9.13;40.9;27.7;10.31;⚠️ Pressão de demanda — subiu acima do IPCA
BUPIVACAÍNA 0,5 % SEM VASOCONSTRITOR FRASCO COM 20 ML;2015;2017;3;16.98;20.5;20.73;9.43;10.31;⚠️ Pressão de demanda — subiu acima do IPCA
ADENOSINA 3MG/ML INJ 2ML;2016;2019;4;6.72;8.25;22.77;11.41;10.28;⚠️ Pressão de demanda — subiu acima do IPCA
SERVIÇO (HORA);2015;2019;5;69.51;90.77;30.59;18.42;10.27;⚠️ Pressão de demanda — subiu acima do IPCA
FICHA CLÍNICA ODONTOLÓGICA.;2018;2023;5;2.99;4.37;46.15;32.8;10.27;⚠️ Pressão de demanda — subiu acima do IPCA
AREIA MASSA FINA;2015;2021;6;49.99;75.09;50.21;36.22;10.26;⚠️ Pressão de demanda — subiu acima do IPCA
SONDA URETRAL Nº 14 DESCARTÁVEL;2018;2022;5;0.44;0.62;39.33;26.94;10.26;⚠️ Pressão de demanda — subiu acima do IPCA
MORFINA 30 MG;2015;2018;4;0.78;0.98;25.64;13.53;10.26;⚠️ Pressão de demanda — subiu acima do IPCA
LÁPIS PRETO GRAFITE PARA DESENHO NÚMERO 4B.;2018;2021;4;0.44;0.58;31.82;19.99;10.26;⚠️ Pressão de demanda — subiu acima do IPCA
CABO DE ENXADA CONFECCIONADO EM MADEIRA MACIÇA 1,30 M.;2015;2018;4;6.49;8.12;25.12;13.53;10.17;⚠️ Pressão de demanda — subiu acima do IPCA
SAXAGLIPITINA 5MG + METFORMINA 1000MG XR CPR;2016;2019;3;4.22;5.17;22.51;11.41;10.08;⚠️ Pressão de demanda — subiu acima do IPCA
ANEL DE VEDAÇÃO SILICONE CLASS 21 AZUL CRISTOFOLI;2021;2023;3;106.76;130.0;21.77;10.68;10.02;⚠️ Pressão de demanda — subiu acima do IPCA
HALOPERIDOL 1MG CPR.;2019;2023;3;0.12;0.16;33.33;27.32;10.0;⚠️ Pressão de demanda — subiu acima do IPCA
VARFARINA SÓDICA 5 MG CPR, EM BLISTER.;2019;2024;5;0.12;0.17;45.3;33.47;10.0;⚠️ Pressão de demanda — subiu acima do IPCA
BROMETO DE N-BUTIL ESCOPOLAMINA + DIPIRONA 6,67MG+333,4MG/ML;2016;2020;4;4.15;5.31;27.93;16.45;10.0;⚠️ Pressão de demanda — subiu acima do IPCA
BACIA NA COR BRANCA  13,5 LITROS;2018;2025;3;9.9;15.8;59.6;45.15;9.98;⚠️ Pressão de demanda — subiu acima do IPCA
CABO PP 4X2,5MM;2015;2022;8;6.08;9.63;58.57;44.11;9.96;⚠️ Pressão de demanda — subiu acima do IPCA
DIMENIDRATO + PIRIDOXINA 25+5 MG / ML- GOTAS;2016;2019;3;2.36;2.88;22.25;11.41;9.91;⚠️ Pressão de demanda — subiu acima do IPCA
CAIXA 4 X 2 UNIVERSAL  BRANCA;2016;2020;3;2.9;3.71;27.93;16.45;9.89;⚠️ Pressão de demanda — subiu acima do IPCA
HIDROXIDO DE ALUMINIO 60MG + HIDROXIDO DE MAGNÉSIO 40MG/ML,;2019;2023;4;1.92;2.68;39.58;27.32;9.88;⚠️ Pressão de demanda — subiu acima do IPCA
PREDNISOLONA 3MG/ML SOLUÇÃO ORAL, COM COPO MEDIDA, FRASCO 60;2019;2023;4;3.0;4.19;39.67;27.32;9.88;⚠️ Pressão de demanda — subiu acima do IPCA
SENSOR DE TEMPERATURA TIPO PT-100 BULBO LISO PARA AUTOCLAVE;2016;2021;6;179.93;253.36;40.81;28.16;9.87;⚠️ Pressão de demanda — subiu acima do IPCA
CONTATOR COM BOBINA 220V PARA 25 A REGIME AC3;2018;2021;4;58.75;77.45;31.83;19.99;9.87;⚠️ Pressão de demanda — subiu acima do IPCA
BATERIA ALCALINA 1,5V LR44/A76/AG13;2019;2024;4;3.14;4.6;46.5;33.47;9.81;⚠️ Pressão de demanda — subiu acima do IPCA
FITA ADESIVA PLASTICA TRANSPARENTE 12MM X 30 MTS;2016;2024;8;0.54;0.89;64.81;48.71;9.8;⚠️ Pressão de demanda — subiu acima do IPCA
BROMETO DE IPRATRÓPIO 0,250MG/ML SOLUÇÃO PARA INALAÇÃO, FRAS;2019;2021;3;0.6;0.76;26.5;15.03;9.8;⚠️ Pressão de demanda — subiu acima do IPCA
GESSO COMUM;2019;2024;5;2.9;4.25;46.55;33.47;9.8;⚠️ Pressão de demanda — subiu acima do IPCA
TUBO GALV. NBR 5580 1        (2,65MM);2015;2018;4;89.65;111.76;24.66;13.53;9.8;⚠️ Pressão de demanda — subiu acima do IPCA
ESCUMADEIRA EM ALUMÍNIO Nº 12,5;2016;2018;3;11.0;12.9;17.27;6.81;9.76;⚠️ Pressão de demanda — subiu acima do IPCA
REFORMA DE CADEIRA TIPO POLTRONA COM RODÍZIOS (REVESTIMENTO,;2015;2017;3;60.0;72.0;20.0;9.43;9.67;⚠️ Pressão de demanda — subiu acima do IPCA
SONDA ENDOTRAQUEAL EM PVC COM BALÃO Nº8,5;2018;2021;4;3.42;4.5;31.58;19.99;9.63;⚠️ Pressão de demanda — subiu acima do IPCA
SONDA ENDOTRAQUEAL EM PVC COM BALÃO Nº8,0;2018;2021;4;3.42;4.5;31.58;19.99;9.63;⚠️ Pressão de demanda — subiu acima do IPCA
SONDA ENDOTRAQUEAL EM PVC COM BALÃO Nº7,0;2018;2021;4;3.42;4.5;31.58;19.99;9.63;⚠️ Pressão de demanda — subiu acima do IPCA
SONDA ENDOTRAQUEAL EM PVC COM BALÃO Nº6,5;2018;2021;4;3.42;4.5;31.58;19.99;9.63;⚠️ Pressão de demanda — subiu acima do IPCA
SONDA ENDOTRAQUEAL EM PVC COM BALÃO Nº7,5;2018;2021;4;3.42;4.5;31.58;19.99;9.63;⚠️ Pressão de demanda — subiu acima do IPCA
SONDA ENDOTRAQUEAL EM PVC COM BALÃO Nº9,0;2018;2021;4;3.42;4.5;31.58;19.99;9.63;⚠️ Pressão de demanda — subiu acima do IPCA
REFIL PARA ESPANADOR;2020;2024;4;12.25;17.15;40.0;27.7;9.6;⚠️ Pressão de demanda — subiu acima do IPCA
MORANGA KABOTIÁ;2015;2020;6;1.62;2.2;35.38;23.77;9.54;⚠️ Pressão de demanda — subiu acima do IPCA
MÓDULO DE CARBOIDRATOS PARA DIETA ENTERAL E ORAL TENDO COMO;2019;2021;3;21.5;27.1;26.05;15.03;9.53;⚠️ Pressão de demanda — subiu acima do IPCA
FINASTERIDA 5 MG;2015;2018;4;0.21;0.26;26.21;13.53;9.52;⚠️ Pressão de demanda — subiu acima do IPCA
CURATIVO ESTÉRIL DE ESPUMA DE POLIURETANO IMPREGNADA COM PRATA ELEMENTAR , TAMANHO G 26X 15 X 3,2 CM.;2022;2025;3;1660.0;2078.45;25.21;14.35;9.49;⚠️ Pressão de demanda — subiu acima do IPCA
EXTINTOR PQS BC 08 KG NOVO;2015;2023;7;125.0;206.32;65.06;50.77;9.47;⚠️ Pressão de demanda — subiu acima do IPCA
REMENDO QUENTE;2020;2023;3;60.0;80.0;33.33;21.81;9.45;⚠️ Pressão de demanda — subiu acima do IPCA
CILINDRO COM PISTÃO Æ 38MM;2015;2017;3;317.14;379.61;19.7;9.43;9.38;⚠️ Pressão de demanda — subiu acima do IPCA
BARRINHAS DE BANANA, SEM ADIÇÃO DE AÇÚCAR;2023;2025;3;23.84;28.5;19.55;9.3;9.36;⚠️ Pressão de demanda — subiu acima do IPCA
METRONIDAZOL 500MG/5G COM 7 APLICADORES CREME VAGINAL;2015;2018;3;2.89;3.59;24.22;13.53;9.34;⚠️ Pressão de demanda — subiu acima do IPCA
BATATA DOCE -;2015;2018;3;1.94;2.41;24.23;13.53;9.28;⚠️ Pressão de demanda — subiu acima do IPCA
MILHO DE PIPOCA.;2020;2024;3;4.28;5.98;39.72;27.7;9.25;⚠️ Pressão de demanda — subiu acima do IPCA
CONJUNTO REFEITÓRIO PARA FUNDAMENTAL COMPOSTO DE MESA COM 02;2018;2023;5;850.0;1233.0;45.06;32.8;9.23;⚠️ Pressão de demanda — subiu acima do IPCA
ALICATE ORTODONTICO JARABAK 755;2019;2025;6;98.0;148.97;52.01;39.16;9.23;⚠️ Pressão de demanda — subiu acima do IPCA
REDUÇÃO FIXA STORZ DE 63MM X 38MM;2019;2021;3;79.0;99.25;25.63;15.03;9.22;⚠️ Pressão de demanda — subiu acima do IPCA
CARVÃO ATIVADO 1KG, PACOTE.;2019;2023;4;48.0;66.73;39.02;27.32;9.2;⚠️ Pressão de demanda — subiu acima do IPCA
THINNER REF 2750 5L;2019;2021;3;43.0;54.0;25.58;15.03;9.17;⚠️ Pressão de demanda — subiu acima do IPCA
MEIO-FIO DE CONCRETO PRÉ-MOLDADO, DIMENSÕES: 100X12X10X30 CM;2021;2025;5;15.0;19.8;32.0;20.97;9.17;⚠️ Pressão de demanda — subiu acima do IPCA
MASSA RAPIDA 900ML;2018;2021;4;20.46;26.8;30.99;19.99;9.16;⚠️ Pressão de demanda — subiu acima do IPCA
HASTE TELHA 1/4 X 300MM C/ PORCA E ARRUELA;2015;2021;6;0.99;1.47;48.48;36.22;9.09;⚠️ Pressão de demanda — subiu acima do IPCA
BROCA DE BAIXA ROTAÇÃO HASTE LONGA N° 6;2015;2024;6;2.42;4.18;72.73;58.06;9.09;⚠️ Pressão de demanda — subiu acima do IPCA
PAPEL CARTAO.;2018;2023;3;0.63;0.9;42.86;32.8;9.09;⚠️ Pressão de demanda — subiu acima do IPCA
ÓLEO MINERAL  100ML;2015;2018;4;1.49;1.84;23.74;13.53;9.06;⚠️ Pressão de demanda — subiu acima do IPCA
CHAVE ELETRICA REFLETOR OLSEN;2022;2025;4;55.4;69.0;24.55;14.35;8.92;⚠️ Pressão de demanda — subiu acima do IPCA
PNEU NOVO 1100X22, RADIAL, BORRACHUDO, 16 LONAS;2016;2021;4;2010.0;2805.0;39.55;28.16;8.89;⚠️ Pressão de demanda — subiu acima do IPCA
HIDROXIDO DE ALUMINIO 60MG + HIDROXIDO DE MAGNÉSIO 40MG/ML;2015;2018;4;1.58;1.95;23.42;13.53;8.86;⚠️ Pressão de demanda — subiu acima do IPCA
RECEITUÁRIO SIMPLES;2016;2023;6;0.84;1.29;53.57;41.85;8.86;⚠️ Pressão de demanda — subiu acima do IPCA
DOCE DE LEITE EM PASTA;2018;2023;4;4.1;5.92;44.39;32.8;8.86;⚠️ Pressão de demanda — subiu acima do IPCA
CADERNO UNIVERSITÁRIO CAPA DURA 10 MATÉRIAS;2015;2018;3;5.79;7.15;23.49;13.53;8.81;⚠️ Pressão de demanda — subiu acima do IPCA
CONJUNTO PRÉ ESCOLAR COLETIVO DE QUATRO LUGARES, MODELO TREV;2018;2021;4;747.0;975.0;30.52;19.99;8.78;⚠️ Pressão de demanda — subiu acima do IPCA
COLCHETE Nº 09;2015;2018;4;6.4;7.9;23.44;13.53;8.75;⚠️ Pressão de demanda — subiu acima do IPCA
FLUNITRAZEPAM 2MG CPR;2016;2020;3;0.85;1.08;27.06;16.45;8.75;⚠️ Pressão de demanda — subiu acima do IPCA
COLCHETE Nº 10;2015;2018;4;6.4;7.9;23.44;13.53;8.75;⚠️ Pressão de demanda — subiu acima do IPCA
AMOXICILINA 500MG;2015;2023;3;0.23;0.38;61.54;50.77;8.7;⚠️ Pressão de demanda — subiu acima do IPCA
METOCLOPRAMIDA 5MG/ML  2ML;2015;2018;4;0.23;0.28;23.42;13.53;8.7;⚠️ Pressão de demanda — subiu acima do IPCA
FITA DUPLA FACE FIXA FORTE EMBORRACHADA;2020;2024;4;5.3;7.35;38.68;27.7;8.64;⚠️ Pressão de demanda — subiu acima do IPCA
LINGUIÇA TOSCANA;2018;2021;4;13.69;17.85;30.39;19.99;8.62;⚠️ Pressão de demanda — subiu acima do IPCA
PALITO DE DENTES;2018;2023;4;0.79;1.15;45.57;32.8;8.57;⚠️ Pressão de demanda — subiu acima do IPCA
DEXAMETASONA 2 MG SOL INJ. 1 ML;2016;2019;3;0.37;0.45;21.62;11.41;8.57;⚠️ Pressão de demanda — subiu acima do IPCA
RECAUCHUTAGEM DE PNEU 1000X20  LISO RADIAL;2017;2021;4;475.0;641.52;35.06;24.48;8.49;⚠️ Pressão de demanda — subiu acima do IPCA
OXÍMETRO DE PULSO CLIPE DE DEDO, PORTÁTIL;2018;2020;3;100.36;118.7;18.27;9.02;8.48;⚠️ Pressão de demanda — subiu acima do IPCA
PASTA ARQUIVO POLIPROPILENO;2021;2024;4;2.74;3.45;25.91;16.03;8.46;⚠️ Pressão de demanda — subiu acima do IPCA
S/C PEDAL CAD SYNCRUS G1/G2 NEW;2021;2025;5;445.89;585.0;31.2;20.97;8.45;⚠️ Pressão de demanda — subiu acima do IPCA
FENOBARBITAL 100MG/ML, INJETÁVEL, AMPOLA 2ML.;2019;2024;4;1.68;2.43;44.64;33.47;8.45;⚠️ Pressão de demanda — subiu acima do IPCA
ARO S/ PNEU C/ ROLETE FERRO 350 X 8;2015;2018;4;29.2;35.92;23.01;13.53;8.36;⚠️ Pressão de demanda — subiu acima do IPCA
DIÁRIA DE HOTEL PARA 01 (UM) DEPENDENTE MENOR DE IDADE, INCL;2021;2025;4;74.0;97.0;31.08;20.97;8.36;⚠️ Pressão de demanda — subiu acima do IPCA
ESFIGMOMANÔMETRO ADULTO;2018;2023;6;49.5;71.23;43.9;32.8;8.35;⚠️ Pressão de demanda — subiu acima do IPCA
ÁGUA DESTILADA 10ML AMPOLA.;2019;2024;5;0.14;0.2;42.43;33.47;8.33;⚠️ Pressão de demanda — subiu acima do IPCA
SONDA URETRAL Nº 06, DESCARTÁVEL;2015;2022;6;0.36;0.56;55.56;44.11;8.33;⚠️ Pressão de demanda — subiu acima do IPCA
SAIS DE REIDRATAÇÃO ORAL 3,5+1,5+2,9+20G/ENVELOPE. PÓ SACHÊ;2015;2021;4;0.36;0.53;47.6;36.22;8.33;⚠️ Pressão de demanda — subiu acima do IPCA
PAPEL OFF-SET;2015;2019;3;112.77;144.64;28.27;18.42;8.31;⚠️ Pressão de demanda — subiu acima do IPCA
ALMOTOLIA DE USO MÉDICO-HOSPITALAR;2015;2019;3;1.57;2.01;28.03;18.42;8.28;⚠️ Pressão de demanda — subiu acima do IPCA
RODIZIO EM PU - R011 (SILICONE);2018;2024;5;17.12;25.8;50.66;39.22;8.22;⚠️ Pressão de demanda — subiu acima do IPCA
PNEU NOVO 275/80X22,5 RADIAL LISO;2016;2021;4;1720.0;2385.0;38.66;28.16;8.2;⚠️ Pressão de demanda — subiu acima do IPCA
GLICONATO DE CÁLCIO 10% 10 ML;2019;2023;3;1.45;1.99;37.24;27.32;8.2;⚠️ Pressão de demanda — subiu acima do IPCA
AGUA SANITÁRIA 1 LITRO.;2018;2021;3;1.38;1.8;30.43;19.99;8.2;⚠️ Pressão de demanda — subiu acima do IPCA
BLOCO DE CONCRETO MODELO UNISTEIN/16 FACES/ONDA, COM 22 X 11 X 8 CM;2019;2025;6;35.0;52.7;50.57;39.16;8.19;⚠️ Pressão de demanda — subiu acima do IPCA
DICLOFENACO SÓDICO 25MG/ML, AMPOLA 3ML.;2019;2024;5;0.57;0.83;44.75;33.47;8.16;⚠️ Pressão de demanda — subiu acima do IPCA
CJ INTERRUPTOR 1 TECLA SIMPLES (INTERNA);2015;2021;6;4.79;7.06;47.39;36.22;8.14;⚠️ Pressão de demanda — subiu acima do IPCA
APARELHO DE AR CONDICIONADO TIPO SPLIT HI- WALL 30.000;2018;2022;3;3822.0;5244.5;37.22;26.94;8.1;⚠️ Pressão de demanda — subiu acima do IPCA
TELHA S/ AMIANTO 1,83 X 0,50 X 4MM;2015;2021;6;9.4;13.84;47.23;36.22;8.09;⚠️ Pressão de demanda — subiu acima do IPCA
RAÇÃO BALANCEADA PARA CAES ADULTOS;2015;2018;3;3.09;3.79;22.65;13.53;8.09;⚠️ Pressão de demanda — subiu acima do IPCA
SELO HOLOGRÁFICO;2018;2021;3;0.7;0.91;30.0;19.99;8.06;⚠️ Pressão de demanda — subiu acima do IPCA
ALGODÃO.;2015;2020;5;2.12;2.84;33.96;23.77;8.02;⚠️ Pressão de demanda — subiu acima do IPCA
ABOBORA TRONCO;2015;2025;9;2.0;3.56;78.0;64.79;8.0;⚠️ Pressão de demanda — subiu acima do IPCA
LUSTRA MÓVEIS.;2015;2021;5;2.38;3.5;47.06;36.22;7.98;⚠️ Pressão de demanda — subiu acima do IPCA
PONTA DE SERINGA TRÍPLICE DESCARTÁVEL;2020;2025;5;24.79;35.62;43.69;33.14;7.94;⚠️ Pressão de demanda — subiu acima do IPCA
ROLO LÃ DE CARNEIRO 23CM EPÓXI S/ CABO;2015;2018;4;11.9;14.58;22.48;13.53;7.9;⚠️ Pressão de demanda — subiu acima do IPCA
JOELHO SOLDÁVEL 75 X 45º;2015;2021;6;26.7;39.24;46.97;36.22;7.9;⚠️ Pressão de demanda — subiu acima do IPCA
LIMA PROTAPER UNIVERSAL  SORTIDO SX-F3 31MM;2020;2025;5;174.0;249.93;43.64;33.14;7.89;⚠️ Pressão de demanda — subiu acima do IPCA
PRATOS PLASTICO DESCARTAVEL PEQUENO COM 10 UN;2021;2024;4;2.25;2.82;25.33;16.03;7.88;⚠️ Pressão de demanda — subiu acima do IPCA
METIL PREDNISOLONA 125MG INJETAVEL;2016;2019;3;6.07;7.3;20.26;11.41;7.88;⚠️ Pressão de demanda — subiu acima do IPCA
NOTIFICAÇÃO LEI 8.666;2016;2019;4;5.0;6.0;20.0;11.41;7.87;⚠️ Pressão de demanda — subiu acima do IPCA
GELADEIRA;2016;2022;3;2045.0;2990.0;46.21;35.58;7.84;⚠️ Pressão de demanda — subiu acima do IPCA
SONDA ENDOTRAQUEAL EM PVC COM BALÃO Nº 4,0;2018;2022;5;3.47;4.76;37.18;26.94;7.84;⚠️ Pressão de demanda — subiu acima do IPCA
SONDA ENDOTRAQUEAL EM PVC COM BALÃO Nº 3,5;2018;2021;4;3.47;4.5;29.68;19.99;7.84;⚠️ Pressão de demanda — subiu acima do IPCA
SONDA ENDOTRAQUEAL EM PVC COM BALÃO Nº4,5;2018;2022;5;3.47;4.76;37.18;26.94;7.84;⚠️ Pressão de demanda — subiu acima do IPCA
ESPÉCULO VAGINAL, TIPO MINI DESCARTÁVEL;2015;2018;3;1.02;1.25;22.45;13.53;7.84;⚠️ Pressão de demanda — subiu acima do IPCA
CABO VGA PARA MONITOR 1,5MT;2016;2022;4;13.0;19.0;46.15;35.58;7.77;⚠️ Pressão de demanda — subiu acima do IPCA
ESCAVADEIRA DOOSAN DX225LC;2021;2025;5;16.5;21.5;30.3;20.97;7.76;⚠️ Pressão de demanda — subiu acima do IPCA
MÃO-FRANCESA REFORÇADA 20CM;2018;2021;3;7.51;9.7;29.16;19.99;7.72;⚠️ Pressão de demanda — subiu acima do IPCA
CLORETO DE SÓDIO 0,9%, AMPOLA 10ML.;2019;2024;5;0.16;0.22;40.96;33.47;7.69;⚠️ Pressão de demanda — subiu acima do IPCA
BIPERIDENO 2 MG;2016;2020;4;0.14;0.17;23.57;16.45;7.69;⚠️ Pressão de demanda — subiu acima do IPCA
BROCA DE ALTA ROTAÇÃO DIAMANTADA Nº3082;2015;2025;7;1.3;2.31;77.69;64.79;7.69;⚠️ Pressão de demanda — subiu acima do IPCA
BROCA DE ALTA ROTAÇÃO DIAMANTADA ESFÉRICA 1019;2015;2024;5;1.3;2.22;70.77;58.06;7.69;⚠️ Pressão de demanda — subiu acima do IPCA
ÁCIDO ASCÓRBICO 100MG/ML, INJETÁVEL, AMPOLA 5ML.;2019;2024;5;0.62;0.88;42.97;33.47;7.69;⚠️ Pressão de demanda — subiu acima do IPCA
BUPIVACAÍNA 0,5% COM VASOCONSTRITOR FRASCO COM 20 ML (EMBALAGEM ESTERILIZADA).;2021;2024;3;16.0;20.0;25.0;16.03;7.66;⚠️ Pressão de demanda — subiu acima do IPCA
SACO DE LIXO 130 LITROS;2018;2021;3;47.9;61.85;29.12;19.99;7.61;⚠️ Pressão de demanda — subiu acima do IPCA
PAPEL ALMAÇO QUADRICULADO 20X27,5 A4 (1X1CM).;2021;2023;3;8.81;10.5;19.18;10.68;7.57;⚠️ Pressão de demanda — subiu acima do IPCA
RESISTENCIA CIRCULAR AUTOCLAVE 21L GNATUS/SAEVO/D700/DABI;2022;2025;4;484.82;596.3;22.99;14.35;7.56;⚠️ Pressão de demanda — subiu acima do IPCA
ALBENDAZOL 400MG/ML SUSPENSÃO ORAL 10ML;2015;2023;5;0.8;1.29;61.25;50.77;7.5;⚠️ Pressão de demanda — subiu acima do IPCA
CAIXA INSPECAO PSASSAGEM ESGOTO;2015;2021;6;29.99;43.9;46.38;36.22;7.47;⚠️ Pressão de demanda — subiu acima do IPCA
ALICATE PERFURADOR AINSWORTH;2017;2020;4;65.0;79.0;21.54;13.1;7.46;⚠️ Pressão de demanda — subiu acima do IPCA
BALAO N°7;2020;2024;4;3.49;4.79;37.25;27.7;7.45;⚠️ Pressão de demanda — subiu acima do IPCA
BORRACHA  BRANCA ESCOLAR;2015;2022;6;5.5;8.52;54.91;44.11;7.45;⚠️ Pressão de demanda — subiu acima do IPCA
SEDATIVO INJETÁVEL - ACEPROMAZINA 0,2%;2020;2023;3;28.6;37.4;30.77;21.81;7.38;⚠️ Pressão de demanda — subiu acima do IPCA
APARELHO DE AR CONDICIONADO TIPO SPLIT HI-WALL CAP12.000 BTU;2018;2023;3;1752.0;2498.0;42.58;32.8;7.36;⚠️ Pressão de demanda — subiu acima do IPCA
GRAMPO PARA GRAMPEADOR EM AÇO GALVANIZADO 26/6;2015;2023;5;2.45;3.97;62.04;50.77;7.35;⚠️ Pressão de demanda — subiu acima do IPCA
FEIJAO PRETO;2015;2025;11;3.41;6.03;76.67;64.79;7.33;⚠️ Pressão de demanda — subiu acima do IPCA
COMPRESSA DE GAZE HIDRÓFILA 7,5 X 7,5 COM 9 FIOS;2016;2021;5;11.48;15.79;37.54;28.16;7.31;⚠️ Pressão de demanda — subiu acima do IPCA
ABÓBORA PAULISTA - NAS ESCOLAS;2021;2024;3;2.61;3.25;24.52;16.03;7.29;⚠️ Pressão de demanda — subiu acima do IPCA
CEFTRIAXONA 500 MG INTRAMUSCULAR (IM) INJETÁVEL.;2021;2024;3;7.3;9.09;24.52;16.03;7.28;⚠️ Pressão de demanda — subiu acima do IPCA
AMOXICILINA 500MG + ÁCIDO CLAVULCÂNICO 125MG;2016;2020;4;0.58;0.73;25.86;16.45;7.27;⚠️ Pressão de demanda — subiu acima do IPCA
FRESA DE TUNGSTÊNIO Nº 9354;2018;2020;3;44.47;52.0;16.93;9.02;7.25;⚠️ Pressão de demanda — subiu acima do IPCA
ALVEJANTE;2018;2021;4;8.0;10.3;28.75;19.99;7.23;⚠️ Pressão de demanda — subiu acima do IPCA
REFORMA (MATERIAL + MÃO DE OBRA) DE MOTOR DE PORTÃO ELETRÔNI;2019;2021;3;807.0;995.0;23.3;15.03;7.19;⚠️ Pressão de demanda — subiu acima do IPCA
NISTATINA 100.000 UI/ML SUSPENSÃO ORAL, FRASCO 50ML.;2019;2024;5;3.49;5.0;43.27;33.47;7.12;⚠️ Pressão de demanda — subiu acima do IPCA
FREEZER VERTICAL;2015;2025;6;1798.0;3173.9;76.52;64.79;7.12;⚠️ Pressão de demanda — subiu acima do IPCA
SALBUTAMOL 0,5MG/ML, INJETÁVEL, AMPOLA 1ML.;2019;2021;3;1.5;1.85;23.33;15.03;7.09;⚠️ Pressão de demanda — subiu acima do IPCA
GABINETE;2016;2020;3;239.0;298.0;24.69;16.45;7.08;⚠️ Pressão de demanda — subiu acima do IPCA
CONJUNTO DE BANDEIRA OFICIAL DAS ETNIAS (1,80M X 2,57M);2021;2024;3;950.0;1180.0;24.21;16.03;7.05;⚠️ Pressão de demanda — subiu acima do IPCA
CONJUNTO DE POLIMATIC PARA ROÇADEIRA FS 220;2015;2019;5;36.24;45.94;26.78;18.42;7.05;⚠️ Pressão de demanda — subiu acima do IPCA
ENVELOPE GRANDE TIMBRADO;2016;2019;3;0.75;0.9;20.0;11.41;7.04;⚠️ Pressão de demanda — subiu acima do IPCA
ÁLCOOL LÍQUIDO 70% 01 LITRO;2020;2024;3;4.25;5.8;36.47;27.7;7.0;⚠️ Pressão de demanda — subiu acima do IPCA
DISPENSER EM AÇO INOX PARA COPO 200 ML;2016;2019;3;35.9;42.8;19.22;11.41;6.99;⚠️ Pressão de demanda — subiu acima do IPCA
EXTINTOR PQS BC 06 KG NOVO;2015;2023;7;115.0;185.49;61.3;50.77;6.98;⚠️ Pressão de demanda — subiu acima do IPCA
"ETIQUE LABORATÓRIO DENGUE (PICOTADO);";2018;2020;3;10.3;12.0;16.5;9.02;6.95;⚠️ Pressão de demanda — subiu acima do IPCA
PAPEL FILME PVC;2018;2023;4;4.9;6.97;42.24;32.8;6.94;⚠️ Pressão de demanda — subiu acima do IPCA
CLIPS PARA PAPEL 8/0 CAIXA COM 25 UNIDADES.;2019;2024;3;1.2;1.7;41.67;33.47;6.93;⚠️ Pressão de demanda — subiu acima do IPCA
PAPEL TOALHA;2015;2023;6;3.42;5.5;61.05;50.77;6.88;⚠️ Pressão de demanda — subiu acima do IPCA
ALIMENTO A BASE DE SOJA - ORIGINAL - NA CENTRAL;2018;2021;3;4.79;6.14;28.18;19.99;6.87;⚠️ Pressão de demanda — subiu acima do IPCA
CODEINA + DICLOF SÓDICO 50MG+50MG CPR;2016;2019;3;3.26;3.88;19.02;11.41;6.84;⚠️ Pressão de demanda — subiu acima do IPCA
CHOCOLATE BRANCO PURO EM LASCAS;2020;2024;5;28.95;39.5;36.44;27.7;6.84;⚠️ Pressão de demanda — subiu acima do IPCA
FARINHA DE MANDIOCA CRUA;2018;2024;4;3.0;4.45;48.33;39.22;6.82;⚠️ Pressão de demanda — subiu acima do IPCA
BISCOITO SALGADO TIPO ÁGUA E SAL;2015;2018;3;6.01;7.29;21.3;13.53;6.82;⚠️ Pressão de demanda — subiu acima do IPCA
CHAPA ALUMINIO 60CM;2015;2021;6;24.4;35.5;45.49;36.22;6.8;⚠️ Pressão de demanda — subiu acima do IPCA
BUCHA REDUÇÃO ROSCAVEL 1 X 1/2 PVC;2015;2021;6;2.06;3.0;45.63;36.22;6.8;⚠️ Pressão de demanda — subiu acima do IPCA
TINTA ESMALTE SINTÉTICO, LINHA PREMIUM NA COR: BRANCO;2015;2017;3;44.5;52.0;16.85;9.43;6.79;⚠️ Pressão de demanda — subiu acima do IPCA
FOLHA EM EVA;2015;2019;3;0.74;0.94;27.03;18.42;6.76;⚠️ Pressão de demanda — subiu acima do IPCA
SONDA URETRAL Nº 12 DESCARTÁVEL;2018;2022;5;0.42;0.56;34.52;26.94;6.76;⚠️ Pressão de demanda — subiu acima do IPCA
ALGINATO;2015;2018;3;11.11;13.47;21.24;13.53;6.75;⚠️ Pressão de demanda — subiu acima do IPCA
KIT QUEIMADURA;2015;2017;3;68.5;80.0;16.79;9.43;6.73;⚠️ Pressão de demanda — subiu acima do IPCA
BROCA DIAMANTADA ESFÉRICA HASTE LONGA 1018;2021;2025;4;1.62;2.1;29.63;20.97;6.72;⚠️ Pressão de demanda — subiu acima do IPCA
TECIDO TNT;2020;2024;4;36.7;50.0;36.24;27.7;6.68;⚠️ Pressão de demanda — subiu acima do IPCA
ALHO - NAS ESCOLAS;2018;2023;4;21.48;30.44;41.68;32.8;6.68;⚠️ Pressão de demanda — subiu acima do IPCA
ACIDO ASCÓRBICO 100MG/ML INJ 5ML;2016;2020;5;0.47;0.6;26.85;16.45;6.67;⚠️ Pressão de demanda — subiu acima do IPCA
TRAZODONA RETARD (DONAREN RETARD) 150MG CPR;2016;2019;3;2.74;3.26;18.98;11.41;6.59;⚠️ Pressão de demanda — subiu acima do IPCA
UVA: TIPO RUBI, CACHOS BEM FORMADOS;2022;2024;3;10.72;12.54;16.98;9.68;6.59;⚠️ Pressão de demanda — subiu acima do IPCA
BENZILPENICILINA (600.000 UI);2018;2020;3;7.23;8.4;16.11;9.02;6.59;⚠️ Pressão de demanda — subiu acima do IPCA
FICHA DE ACOLHIMENTO CAPS II.;2018;2022;4;3.8;5.15;35.53;26.94;6.57;⚠️ Pressão de demanda — subiu acima do IPCA
VINIL PRETO SEMI-FOSCO OU ACETINADO (AUTOMOTIVO) - ROLO COM;2017;2020;3;348.5;420.0;20.52;13.1;6.55;⚠️ Pressão de demanda — subiu acima do IPCA
BOLETIM DE CAMPO FAD RG 01;2020;2023;3;2.28;2.96;29.82;21.81;6.52;⚠️ Pressão de demanda — subiu acima do IPCA
BUCHA DE REDUÇÃO PVC LONGA SOLD. 60 X 40 MM,NBR 5648.;2015;2021;6;5.99;8.69;45.08;36.22;6.51;⚠️ Pressão de demanda — subiu acima do IPCA
BISCOITO TIPO ROSQUINHA DE POLVILHO TRADICIONAL;2019;2025;3;45.8;67.9;48.25;39.16;6.51;⚠️ Pressão de demanda — subiu acima do IPCA
ADOÇANTE LIQUIDO 100ML;2015;2019;4;3.55;4.48;26.2;18.42;6.48;⚠️ Pressão de demanda — subiu acima do IPCA
CJ INTERRUPTOR 1 TECLA SIMPLES C/ TOMADA (INTERNA);2015;2021;6;7.75;11.24;45.03;36.22;6.45;⚠️ Pressão de demanda — subiu acima do IPCA
VERNIZ CAVITÁRIO;2015;2019;3;7.14;9.0;26.05;18.42;6.44;⚠️ Pressão de demanda — subiu acima do IPCA
CICLOPENTOLATO, CLORIDRATO 10MG/ML SOLUÇÃO OFTALMICA, FRASCO 5ML.;2021;2024;3;8.3;10.24;23.37;16.03;6.4;⚠️ Pressão de demanda — subiu acima do IPCA
CAIXA PADRAO BRANCO;2016;2020;3;1.5;1.86;24.0;16.45;6.38;⚠️ Pressão de demanda — subiu acima do IPCA
COXA E SOBRECOXA DE FRANGO, SEM OSSO E SEM PELE, CONGELADA;2023;2025;3;20.59;23.95;16.32;9.3;6.37;⚠️ Pressão de demanda — subiu acima do IPCA
CLOREXIDINA AQUOSA;2017;2022;6;1.39;1.95;40.29;31.69;6.3;⚠️ Pressão de demanda — subiu acima do IPCA
COMPRESSA CIRÚRGICA 45X50, TIPO CAMPO OPERATÓRIO, NÃO DESCAR;2019;2022;4;65.9;85.25;29.36;21.69;6.3;⚠️ Pressão de demanda — subiu acima do IPCA
DISPOSITIVO PARA INFUSÃO ENDOVENOSA, N° 19 (APELIDO SCALP);2015;2022;4;0.16;0.24;45.45;44.11;6.25;⚠️ Pressão de demanda — subiu acima do IPCA
COMPRESSOR PARA SPLIT 30000 BTUS;2015;2022;8;639.51;979.2;53.12;44.11;6.25;⚠️ Pressão de demanda — subiu acima do IPCA
FITA ADESIVA 12X10 COLORIDA NAS VARIAS CORES;2021;2024;3;0.44;0.53;20.45;16.03;6.25;⚠️ Pressão de demanda — subiu acima do IPCA
TONER C7115A HP 15A PRETO;2018;2022;5;559.1;753.9;34.84;26.94;6.23;⚠️ Pressão de demanda — subiu acima do IPCA
CARNE DEFUMADA;2015;2017;3;19.79;23.0;16.22;9.43;6.22;⚠️ Pressão de demanda — subiu acima do IPCA
MANGUEIRA PARA EXTINTOR CO2;2015;2023;7;25.0;40.02;60.09;50.77;6.2;⚠️ Pressão de demanda — subiu acima do IPCA
VALPROATO DE SÓDIO + ÁCIDO VALPRÓICO (TORVAL CR) 333MG+145MG;2016;2019;3;0.69;0.82;18.84;11.41;6.15;⚠️ Pressão de demanda — subiu acima do IPCA
GRAMPO PARA GRAMPEADOR 23/13;2016;2024;3;3.45;5.45;57.97;48.71;6.15;⚠️ Pressão de demanda — subiu acima do IPCA
CAFÉ;2016;2021;3;9.0;12.24;36.0;28.16;6.14;⚠️ Pressão de demanda — subiu acima do IPCA
LIXEIRA PLÁSTICA CAP 35L;2018;2021;3;25.5;32.48;27.37;19.99;6.14;⚠️ Pressão de demanda — subiu acima do IPCA
TIMOLOL, MALEATO 0,5% 5ML;2015;2018;3;0.98;1.18;20.31;13.53;6.12;⚠️ Pressão de demanda — subiu acima do IPCA
LUVA LR  25 X 1/2;2015;2018;4;0.99;1.19;20.2;13.53;6.06;⚠️ Pressão de demanda — subiu acima do IPCA
FILTRO DE PAPEL 103 CAIXA COM 40 UNIDADES;2015;2018;3;2.48;2.99;20.56;13.53;6.05;⚠️ Pressão de demanda — subiu acima do IPCA
RELATÓRIO SÓCIO ECONÔMICO;2018;2022;4;8.47;11.4;34.59;26.94;6.03;⚠️ Pressão de demanda — subiu acima do IPCA
"CANO COBRE 3/8;";2016;2021;5;12.0;16.31;35.92;28.16;6.02;⚠️ Pressão de demanda — subiu acima do IPCA
DIESEL S-10;2015;2018;4;2.99;3.6;20.41;13.53;6.02;⚠️ Pressão de demanda — subiu acima do IPCA
MOSTARDA FRASCO COM 200 GRAMAS;2022;2024;3;5.05;5.87;16.24;9.68;6.0;⚠️ Pressão de demanda — subiu acima do IPCA
SERINGA TRIPLICE DABI / GNATUS;2022;2024;3;191.93;223.0;16.19;9.68;5.94;⚠️ Pressão de demanda — subiu acima do IPCA
MANG. SVL COR CZ. DIAM.12,7 (1/2 CORRUGADA);2022;2025;4;14.85;18.0;21.21;14.35;5.92;⚠️ Pressão de demanda — subiu acima do IPCA
LUVA ESGOTO 75MM;2015;2018;4;2.8;3.36;20.18;13.53;5.89;⚠️ Pressão de demanda — subiu acima do IPCA
CLONIDINA 0,100MG CPR;2016;2020;4;0.18;0.22;22.13;16.45;5.88;⚠️ Pressão de demanda — subiu acima do IPCA
BALAS (CHOCOLATE, COCO, CARAMELO) EMBALAGEM 750G;2020;2024;5;12.45;16.84;35.26;27.7;5.86;⚠️ Pressão de demanda — subiu acima do IPCA
LÂMINA DE BISTURI Nº 15;2015;2021;3;23.58;34.0;44.19;36.22;5.85;⚠️ Pressão de demanda — subiu acima do IPCA
BASE DE BRITA GRADUADA;2015;2020;6;28.24;37.0;31.02;23.77;5.84;⚠️ Pressão de demanda — subiu acima do IPCA
CAPACITOR 380V 4 MF.;2015;2019;5;14.25;17.86;25.33;18.42;5.82;⚠️ Pressão de demanda — subiu acima do IPCA
CAIXA DE CONCRETO 30X30;2018;2023;5;34.86;48.99;40.53;32.8;5.81;⚠️ Pressão de demanda — subiu acima do IPCA
VARA EUCALIPTO PARA ARMAÇÃO;2015;2021;6;3.8;5.48;44.21;36.22;5.79;⚠️ Pressão de demanda — subiu acima do IPCA
ESPELHO CEDRO 12 CM;2015;2021;6;10.9;15.7;44.04;36.22;5.78;⚠️ Pressão de demanda — subiu acima do IPCA
AMACIANTE PARA TECIDOS 5 LITROS.;2018;2021;3;6.94;8.8;26.8;19.99;5.73;⚠️ Pressão de demanda — subiu acima do IPCA
LAMPADA ELETRÔNICA 60 WATS (ECONOMICA);2018;2021;3;43.84;55.6;26.82;19.99;5.71;⚠️ Pressão de demanda — subiu acima do IPCA
BROCA Nº 2135 F;2017;2019;3;1.92;2.19;14.06;8.22;5.71;⚠️ Pressão de demanda — subiu acima do IPCA
BANANA BRANCA, CONVENCIONAL - NAS ESCOLAS;2021;2024;3;4.07;5.0;22.85;16.03;5.69;⚠️ Pressão de demanda — subiu acima do IPCA
CABO PARA OTOSCÓPIO EM METAL 2,5V COMPATÍVEL COM MODELO MARK;2020;2022;3;147.9;181.99;23.05;16.43;5.68;⚠️ Pressão de demanda — subiu acima do IPCA
CHANTILLY;2018;2024;6;15.3;22.5;47.06;39.22;5.64;⚠️ Pressão de demanda — subiu acima do IPCA
M.BENZ/LS 1313(NACIONAL) 1979;2019;2025;7;8.0;11.75;46.88;39.16;5.63;⚠️ Pressão de demanda — subiu acima do IPCA
M. BENZ CAIO LO 916.ORE 2023 ÔNIBUS.;2022;2024;3;22.01;25.5;15.86;9.68;5.63;⚠️ Pressão de demanda — subiu acima do IPCA
M.BENZ/710 (NACIONAL) 2001;2019;2025;7;8.0;11.75;46.88;39.16;5.63;⚠️ Pressão de demanda — subiu acima do IPCA
FIAT SIENA 1.4 FIRE 8V FLEX 2021;2021;2023;3;34.64;40.48;16.87;10.68;5.6;⚠️ Pressão de demanda — subiu acima do IPCA
PASTA PARA POLIMENTO DE RESINA COMPOSTA;2015;2025;8;11.26;19.59;73.98;64.79;5.6;⚠️ Pressão de demanda — subiu acima do IPCA
COMPUTADOR BÁSICO COMPLETO;2019;2024;6;3080.0;4340.0;40.91;33.47;5.57;⚠️ Pressão de demanda — subiu acima do IPCA
CONECTOR RJ 45 CAT. 5E;2017;2021;5;0.99;1.3;31.31;24.48;5.56;⚠️ Pressão de demanda — subiu acima do IPCA
VARFARINA SÓDICA 5 MG;2015;2018;3;0.09;0.11;26.21;13.53;5.56;⚠️ Pressão de demanda — subiu acima do IPCA
CURVA DE PVC 90 2;2016;2020;3;2.1;2.59;23.33;16.45;5.56;⚠️ Pressão de demanda — subiu acima do IPCA
ISOSSORBIDA, DINITRATO 5MG CPR SUBLINGUAL, EM BLISTER.;2019;2024;5;0.22;0.3;40.5;33.47;5.56;⚠️ Pressão de demanda — subiu acima do IPCA
PORTA PAPEL HIGIÊNICO ROLÃO;2018;2021;4;22.1;28.0;26.7;19.99;5.55;⚠️ Pressão de demanda — subiu acima do IPCA
AUTOCLAVE 54 LITROS;2021;2025;3;17000.0;21700.0;27.65;20.97;5.52;⚠️ Pressão de demanda — subiu acima do IPCA
LAMPADA H3 12V X 55W;2016;2021;3;16.81;22.74;35.28;28.16;5.5;⚠️ Pressão de demanda — subiu acima do IPCA
ALGODÃO HIDRÓFILO, 100%.;2015;2021;5;7.1;10.2;43.66;36.22;5.49;⚠️ Pressão de demanda — subiu acima do IPCA
METRONIDAZOL 500MG/5G GELEIA VAGINAL, COM NO MINIMO 7 APLICA;2019;2023;4;4.1;5.5;34.15;27.32;5.49;⚠️ Pressão de demanda — subiu acima do IPCA
PAPEL DUPLEX;2015;2023;6;0.55;0.87;58.18;50.77;5.45;⚠️ Pressão de demanda — subiu acima do IPCA
ALIMENTO PARA LACTENTES MENORES DE UM ANO DE IDADE COM INTOL;2016;2020;4;18.16;22.3;22.8;16.45;5.44;⚠️ Pressão de demanda — subiu acima do IPCA
ASSOALHO EUCALIPTO 1°;2015;2021;6;39.0;56.0;43.59;36.22;5.41;⚠️ Pressão de demanda — subiu acima do IPCA
CORRETIVO LÍQUIDO.;2015;2018;4;7.97;9.54;19.7;13.53;5.4;⚠️ Pressão de demanda — subiu acima do IPCA
CHAVE PARA ILUMINAÇÃO PÚBLICA BIPOLAR 50 AMPERES;2015;2021;6;142.31;204.33;43.58;36.22;5.4;⚠️ Pressão de demanda — subiu acima do IPCA
SUPORTE PARA COPO 180 ML;2021;2024;3;27.6;33.75;22.28;16.03;5.38;⚠️ Pressão de demanda — subiu acima do IPCA
ACIDO VALPROICO 50MG/ML SOL. ORAL 100ML;2016;2020;4;2.0;2.45;22.5;16.45;5.32;⚠️ Pressão de demanda — subiu acima do IPCA
FICHA DE ACOLHIMENTO CAPS III;2018;2022;4;3.85;5.15;33.77;26.94;5.31;⚠️ Pressão de demanda — subiu acima do IPCA
ALICATE ORTODÔNTICO BICO DE PAPAGAIO 137;2020;2025;6;69.0;96.73;40.19;33.14;5.29;⚠️ Pressão de demanda — subiu acima do IPCA
SALGADO FRITO TIPO RISOLES DE CARNE;2015;2018;4;48.69;58.2;19.53;13.53;5.28;⚠️ Pressão de demanda — subiu acima do IPCA
HEPARINA 5000 UI/0,25ML INJETÁVEL, AMPOLA.;2019;2024;4;4.28;6.0;40.19;33.47;5.26;⚠️ Pressão de demanda — subiu acima do IPCA
DISPOSITIVO INTEGRAL ENTRADA AR S45/S60;2022;2025;4;63.4;76.3;20.35;14.35;5.25;⚠️ Pressão de demanda — subiu acima do IPCA
LIXEIRA PARA COPO DESCARTÁVEL COM 2 TUBOS;2016;2019;3;31.5;36.94;17.27;11.41;5.23;⚠️ Pressão de demanda — subiu acima do IPCA
TRATOR AGRÍCOLA NEW HOLLAND TT4030;2022;2025;4;13.5;16.25;20.37;14.35;5.23;⚠️ Pressão de demanda — subiu acima do IPCA
ESCADINHA HOSPITALAR COM 02 DEGRAUS EM AÇO INOX;2018;2023;5;157.5;220.0;39.68;32.8;5.18;⚠️ Pressão de demanda — subiu acima do IPCA
ADOÇANTE LIQUIDO 80 ML (STEVIA);2020;2024;5;14.1;18.93;34.26;27.7;5.18;⚠️ Pressão de demanda — subiu acima do IPCA
DETERGENTE LÍQUIDO DE USO GERAL 5 LITROS;2018;2024;3;7.25;10.62;46.48;39.22;5.16;⚠️ Pressão de demanda — subiu acima do IPCA
CADEIRA DE RODAS PARA BANHO COM ASSENTO SANITARIO SIMPLES;2020;2022;3;194.0;237.46;22.4;16.43;5.13;⚠️ Pressão de demanda — subiu acima do IPCA
TE SOLDÁVEL 50MM;2015;2021;6;5.99;8.57;43.16;36.22;5.09;⚠️ Pressão de demanda — subiu acima do IPCA
IONÔMERO DE VIDRO R AUTOPOLIMERIZÁVEL;2017;2023;5;48.86;70.74;44.78;37.78;5.08;⚠️ Pressão de demanda — subiu acima do IPCA
ALICATE ORTODÔNTICO UNIVERSAL 325;2019;2025;7;66.0;96.49;46.2;39.16;5.06;⚠️ Pressão de demanda — subiu acima do IPCA
TACAÇÃO DE PINUS P/ FORRO;2015;2018;4;0.99;1.18;19.7;13.53;5.05;⚠️ Pressão de demanda — subiu acima do IPCA
POTE PARA COLETA DE URINA, FEZES E SECREÇÃO;2015;2022;6;0.2;0.3;46.34;44.11;5.0;➡️ Neutro — acompanhou o IPCA
HEPARINA 5000 UI/0,25ML;2015;2018;4;3.4;4.05;19.12;13.53;5.0;⚠️ Pressão de demanda — subiu acima do IPCA
NORTRIPTILINA 25MG CPR;2016;2020;4;0.21;0.26;23.87;16.45;5.0;➡️ Neutro — acompanhou o IPCA
LUVA ELETRODUTO 1.1/2 PRETA;2015;2021;6;1.4;2.0;42.86;36.22;5.0;⚠️ Pressão de demanda — subiu acima do IPCA
REPOLHO ROXO - NAS ESCOLAS;2018;2024;4;2.28;3.33;46.05;39.22;4.98;➡️ Neutro — acompanhou o IPCA
PALMITO;2018;2023;4;8.95;12.47;39.33;32.8;4.95;➡️ Neutro — acompanhou o IPCA
GPS PORTÁTIL;2016;2020;3;1578.0;1928.0;22.18;16.45;4.92;➡️ Neutro — acompanhou o IPCA
TERMOSTATO CERAMICO BLINDADO CRISTOFOLI 2450 RCH8002 677L475N1429;2022;2024;3;110.8;127.5;15.07;9.68;4.92;➡️ Neutro — acompanhou o IPCA
CONE GUTA PERCHA, #25/07 - 28MM;2021;2024;3;45.21;55.0;21.65;16.03;4.85;➡️ Neutro — acompanhou o IPCA
VINAGRE;2019;2024;6;2.2;3.08;40.23;33.47;4.84;➡️ Neutro — acompanhou o IPCA
OLMESARTANA MEDOXOMILA 20MG CPR;2016;2019;3;0.88;1.03;17.75;11.41;4.82;➡️ Neutro — acompanhou o IPCA
APARELHO AR COND. SPLIT HI-WALL 18.000 BTU/H;2017;2024;3;2666.98;4036.5;51.35;44.44;4.78;➡️ Neutro — acompanhou o IPCA
CLONIDINA 0,150 MG CPR;2016;2020;4;0.22;0.27;23.29;16.45;4.76;➡️ Neutro — acompanhou o IPCA
FIO ELÉTRICO TIPO RÍGIDO  BITOLA 10 MM;2015;2018;4;3.99;4.74;18.92;13.53;4.76;➡️ Neutro — acompanhou o IPCA
QUEIJO MUSSARELA FATIADO;2018;2025;7;25.0;38.0;52.0;45.15;4.72;➡️ Neutro — acompanhou o IPCA
SALGADO ASSADO TIPO EMPADA DE FRANGO;2015;2023;6;50.22;79.25;57.81;50.77;4.66;➡️ Neutro — acompanhou o IPCA
FENITOINA 50MG/ML, INJETÁVEL, AMPOLA 5ML.;2019;2024;5;1.78;2.5;40.05;33.47;4.64;➡️ Neutro — acompanhou o IPCA
CANETA PARA RETROPROJETOR;2016;2024;6;1.16;1.8;55.17;48.71;4.59;➡️ Neutro — acompanhou o IPCA
ALIMENTO A BASE DE SOJA - ORIGINAL;2015;2018;3;5.48;6.5;18.61;13.53;4.56;➡️ Neutro — acompanhou o IPCA
CODEINA + PARACETAMOL 30MG+500MG CPR;2016;2020;4;0.24;0.29;20.59;16.45;4.55;➡️ Neutro — acompanhou o IPCA
PORTA SABONETE LÍQUIDA EXTERNA (ACRÍLICO);2015;2021;6;29.5;42.0;42.37;36.22;4.51;➡️ Neutro — acompanhou o IPCA
VINAGRE DE ALCOOL - NA CENTRAL;2018;2021;3;1.26;1.58;25.4;19.99;4.5;➡️ Neutro — acompanhou o IPCA
FITOMENADIONA 10MG/ML SOLUÇÃO INJETAVEL 5ML;2015;2018;4;0.89;1.06;19.1;13.53;4.49;➡️ Neutro — acompanhou o IPCA
REPARO NO ESTOFAMENTO E TECIDO DE BANCOS EM GERAL.;2015;2017;3;140.0;160.0;14.29;9.43;4.44;➡️ Neutro — acompanhou o IPCA
LEITE CONDENSADO SEM LACTOSE;2018;2024;7;4.88;7.1;45.49;39.22;4.42;➡️ Neutro — acompanhou o IPCA
FENOBARBITAL 40 MG/ML GOTAS 20 ML;2016;2020;4;2.41;2.93;21.54;16.45;4.41;➡️ Neutro — acompanhou o IPCA
SUPORTE PARA MONITOR 3 GAVETAS;2020;2024;4;63.0;84.0;33.33;27.7;4.4;➡️ Neutro — acompanhou o IPCA
FEIJÃO BRANCO TIPO I;2018;2022;3;6.45;8.55;32.56;26.94;4.4;➡️ Neutro — acompanhou o IPCA
GESSO ESPECIAL TIPO IV;2021;2025;4;14.0;17.68;26.29;20.97;4.38;➡️ Neutro — acompanhou o IPCA
VEÍCULO NOVO (0 KM) HATCH POPULAR COM CAPACIDADE PARA 05 PES;2018;2020;3;47900.0;54500.0;13.78;9.02;4.37;➡️ Neutro — acompanhou o IPCA
COLETOR DA BACIA;2022;2024;3;50.5;57.8;14.46;9.68;4.37;➡️ Neutro — acompanhou o IPCA
DIAZEPAM 10 MG SOL. INJ. 2 ML;2016;2020;4;0.49;0.59;21.22;16.45;4.35;➡️ Neutro — acompanhou o IPCA
MOLHO SHOYU;2019;2021;3;6.0;7.2;20.0;15.03;4.34;➡️ Neutro — acompanhou o IPCA
BLOCO DE CONCRETO DO TIPO LAJOTA SEXTAVADA 0,30 X 0,30 X 0,8;2019;2025;7;26.8;38.9;45.15;39.16;4.33;➡️ Neutro — acompanhou o IPCA
GARRA MOP PLÁSTICA;2021;2024;3;18.06;21.86;21.04;16.03;4.3;➡️ Neutro — acompanhou o IPCA
BEBEDOURO ELÉTRICO DE COLUNA (PARA BOMBONA DE 20 LT D´ÀGUA);2018;2023;4;530.0;734.0;38.49;32.8;4.28;➡️ Neutro — acompanhou o IPCA
CAIXA MONOFASICA ACESSO DPS DISJ;2016;2020;3;63.9;77.59;21.42;16.45;4.27;➡️ Neutro — acompanhou o IPCA
DETECTOR DE BATIMENTO CARDÍACO FETAL  DIGITAL PORTÁTIL;2018;2023;4;650.0;900.0;38.46;32.8;4.26;➡️ Neutro — acompanhou o IPCA
DIAZEPAM 5MG/ML SOLUÇÃO INJETÁVEL, AMPOLA 2ML.;2019;2024;4;0.56;0.78;38.77;33.47;4.26;➡️ Neutro — acompanhou o IPCA
TECIDO FELTRO ROSA CLARO;2017;2019;3;13.65;15.4;12.82;8.22;4.25;➡️ Neutro — acompanhou o IPCA
ESCOVA PARA HIGIENIZAÇÃO DE MÃOS E UNHAS;2015;2021;6;1.53;2.17;41.83;36.22;4.25;➡️ Neutro — acompanhou o IPCA
DIVISÓRIAS EUCATEX 35MM NAVAL SIMPLES, COM PERFIS EM AÇO ZIN;2018;2022;5;94.48;125.0;32.3;26.94;4.23;➡️ Neutro — acompanhou o IPCA
ROLAMENTO DE ESFERAS 6201;2015;2019;5;20.08;24.78;23.41;18.42;4.23;➡️ Neutro — acompanhou o IPCA
CX. COPO 200ML, COM 48 UNIDADES S/GÁS;2018;2021;3;24.0;30.0;25.0;19.99;4.16;➡️ Neutro — acompanhou o IPCA
AMIODARONA 150MG/ML C/3ML;2016;2019;3;1.54;1.79;16.17;11.41;4.14;➡️ Neutro — acompanhou o IPCA
BICARBONATO DE SÓDIO 8,4%, INJETÁVEL, AMPOLA 10ML.;2019;2021;3;0.58;0.7;21.14;15.03;4.08;➡️ Neutro — acompanhou o IPCA
EXTRATOR DE GRAMPO DE METAL.;2018;2021;4;9.5;11.86;24.84;19.99;4.06;➡️ Neutro — acompanhou o IPCA
HIDROCORTISONA 100MG PÓ PARA SUSPENSÃO INJETÁVEL.;2019;2024;5;2.37;3.29;38.99;33.47;4.0;➡️ Neutro — acompanhou o IPCA
SUPORTE DE CHÃO PARA EXTINTOR;2015;2023;7;30.0;47.04;56.81;50.77;4.0;➡️ Neutro — acompanhou o IPCA
FOLDER EDUCAÇÃO NO TRÂNSITO;2018;2021;3;0.28;0.36;28.57;19.99;4.0;➡️ Neutro — acompanhou o IPCA
LIDOCAINA, CLORIDRATO 100MG/ML SPRAY C/ 100 ML;2015;2018;3;38.89;45.9;18.01;13.53;3.95;➡️ Neutro — acompanhou o IPCA
KIT POSICIONADOR PARA RX;2015;2018;3;44.0;51.92;18.0;13.53;3.93;➡️ Neutro — acompanhou o IPCA
DISCO ROQUITE N80 A  1200;2018;2021;4;2.33;2.9;24.46;19.99;3.9;➡️ Neutro — acompanhou o IPCA
APARELHO AR COND. SPLIT HI-WALL 24.000 BTU/H;2017;2024;3;3402.87;5105.0;50.02;44.44;3.86;➡️ Neutro — acompanhou o IPCA
PRANCHA DE ITAUBA BRUTA;2015;2021;6;4156.0;5874.0;41.34;36.22;3.76;➡️ Neutro — acompanhou o IPCA
ARGAMASSA ACII CERÂMICA EXTERNA;2018;2021;3;10.6;13.2;24.53;19.99;3.75;➡️ Neutro — acompanhou o IPCA
ESCOVA EXTRA FLEXÍVEL PARA LIMPEZA DE INSTRUMENTAIS C/ CABO;2020;2024;4;30.8;40.8;32.47;27.7;3.74;➡️ Neutro — acompanhou o IPCA
CARRINHO DE MAO PNEU/ CAM. CAÇAMBA PVC;2015;2018;4;89.9;105.85;17.75;13.53;3.72;➡️ Neutro — acompanhou o IPCA
SINAN-FICHA DE INVESTIGAÇÃO HEPATITES VIRAIS;2018;2023;4;7.99;11.0;37.67;32.8;3.69;➡️ Neutro — acompanhou o IPCA
BARBANTE FIO 8;2020;2024;4;15.1;20.0;32.45;27.7;3.69;➡️ Neutro — acompanhou o IPCA
ABACAXI PÉROLA - NAS ESCOLAS;2021;2024;3;5.16;6.21;20.35;16.03;3.69;➡️ Neutro — acompanhou o IPCA
TINTA ACRÍLICA ACAB. FOSCO P/ PISOS CIMENTADOS (VERDE);2015;2017;3;119.0;135.0;13.45;9.43;3.67;➡️ Neutro — acompanhou o IPCA
TINTA ACRÍLICA ACAB. FOSCO P/ PISOS ACIMENTADOS (BRANCO NEVE;2015;2017;3;119.0;135.0;13.45;9.43;3.67;➡️ Neutro — acompanhou o IPCA
ALGODÃO EM ROLETES.;2015;2025;4;1.37;2.34;70.8;64.79;3.65;➡️ Neutro — acompanhou o IPCA
FIO ELÉTRICO FLEXÍVEL 2,5 MM;2015;2018;3;1.7;2.0;17.65;13.53;3.53;➡️ Neutro — acompanhou o IPCA
LAMINA ESTILETE PEQUENO;2017;2021;3;0.62;0.8;29.03;24.48;3.51;➡️ Neutro — acompanhou o IPCA
FEIJAO VERMELHO;2017;2021;5;10.0;12.89;28.9;24.48;3.5;➡️ Neutro — acompanhou o IPCA
MORFINA 30 MG CPR, EM BLISTER.;2019;2024;5;1.02;1.4;37.25;33.47;3.49;➡️ Neutro — acompanhou o IPCA
LUMINARIA FLUOR. 2 X 40 TUBULAR COMPLETA (P.R.);2015;2017;3;34.9;39.52;13.24;9.43;3.47;➡️ Neutro — acompanhou o IPCA
CLORIDRATO DE HIDRALAZINA 50MG;2016;2019;3;0.31;0.35;12.61;11.41;3.45;➡️ Neutro — acompanhou o IPCA
ARGAMASSA ACII EXTERNA 20KG;2015;2021;6;10.5;14.8;40.95;36.22;3.43;➡️ Neutro — acompanhou o IPCA
ROLAMENTO ESF. AÇO INOX CARGA RADIAL  - (C.A);2021;2024;4;67.53;81.0;19.95;16.03;3.39;➡️ Neutro — acompanhou o IPCA
FOSFATO DE SÓDIO MONOBÁSICO + FOSFATO DE SÓDIO DIBÁSICO 16 G;2015;2018;3;3.58;4.2;17.32;13.53;3.35;➡️ Neutro — acompanhou o IPCA
VW/17.280 CRM 4X2 4P (NACIONAL) 2014;2019;2025;7;8.0;11.5;43.75;39.16;3.33;➡️ Neutro — acompanhou o IPCA
LIMPADOR BACTERICIDA CONCENTRADO;2015;2020;3;115.0;147.0;27.83;23.77;3.28;➡️ Neutro — acompanhou o IPCA
VW VIRTUS HL 200 TSI 2022;2022;2024;3;40.51;45.87;13.25;9.68;3.25;➡️ Neutro — acompanhou o IPCA
AQUISIÇÃO DE RECARGAS DE VALE TRANSPORTE PARA ATLETAS;2022;2025;3;4.45;5.25;17.98;14.35;3.24;➡️ Neutro — acompanhou o IPCA
CONE DE GUTA PERCHA, PRINCIPAL 25;2015;2025;5;16.38;27.87;70.15;64.79;3.24;➡️ Neutro — acompanhou o IPCA
SONDA GÁSTRICA LONGA Nº 14, DESCARTÁVEL;2015;2024;6;0.63;1.02;61.9;58.06;3.17;➡️ Neutro — acompanhou o IPCA
DESCASCADOR DE LEGUMES/FRUTA;2016;2025;3;10.5;16.8;60.0;55.04;3.14;➡️ Neutro — acompanhou o IPCA
MANGUEIRA TRIPLICE 3 DUTOS;2022;2025;4;23.74;28.0;17.92;14.35;3.09;➡️ Neutro — acompanhou o IPCA
PINÇA DIETRICH 16CM;2020;2025;4;70.0;96.07;37.24;33.14;3.08;➡️ Neutro — acompanhou o IPCA
VALSARTANA + HCT 320MG+12,5MG  CPR;2016;2019;3;2.43;2.8;15.04;11.41;3.06;➡️ Neutro — acompanhou o IPCA
MACARRÃO TIPO CABELINHO DE ANJO;2015;2018;3;3.99;4.67;17.04;13.53;3.01;➡️ Neutro — acompanhou o IPCA
FERMENTO BIOLÓGICO.;2015;2019;5;5.74;7.0;21.95;18.42;2.96;➡️ Neutro — acompanhou o IPCA
COMPRESSA DE GAZE HIDRÓFILA ESTÉRIL 7,5 X 7,5 CM C/ 11 FIOS;2016;2021;6;0.36;0.48;33.06;28.16;2.94;➡️ Neutro — acompanhou o IPCA
CAPA INTERNA CANETA US (SAEVO);2022;2025;4;20.3;23.9;17.73;14.35;2.91;➡️ Neutro — acompanhou o IPCA
COMPRESSA, DE GAZE, EM RAYON 7,5 X 15,00 CM.;2020;2023;3;5.1;6.4;25.49;21.81;2.91;➡️ Neutro — acompanhou o IPCA
PRETO CHASSI SB ESM SINT AUTOMOTIVO 3,6L;2015;2021;4;84.92;119.0;40.13;36.22;2.87;➡️ Neutro — acompanhou o IPCA
APAGADOR, QUADRO NEGRO ESCOLAR;2021;2023;3;3.87;4.4;13.7;10.68;2.82;➡️ Neutro — acompanhou o IPCA
NORTRIPTILINA 50 MG;2015;2018;3;0.36;0.42;18.04;13.53;2.78;➡️ Neutro — acompanhou o IPCA
EXTINTOR AP 10 L NOVO;2015;2023;7;118.0;182.85;54.96;50.77;2.78;➡️ Neutro — acompanhou o IPCA
CABO UTP LAN CAT5E;2015;2018;4;1.8;2.1;16.67;13.53;2.78;➡️ Neutro — acompanhou o IPCA
FILÉ DE FRANGO CONGELADO (SASSAMI);2018;2022;4;11.9;15.52;30.42;26.94;2.77;➡️ Neutro — acompanhou o IPCA
BIPERIDENO, CLORIDRATO 5MG/ML 1ML;2015;2023;5;1.46;2.26;54.79;50.77;2.74;➡️ Neutro — acompanhou o IPCA
MANOMETRO PARA APARELHO DE PRESSAO;2016;2023;3;24.02;35.0;45.71;41.85;2.7;➡️ Neutro — acompanhou o IPCA
BISOPROLOL + HCT 5MG/12,50MG CPR;2016;2019;3;2.37;2.71;14.35;11.41;2.69;➡️ Neutro — acompanhou o IPCA
RESERVATÓRIO ESTÉRIL DE 1.000ML, DESCARTÁVEL E TUBO CONECTOR;2021;2023;3;1996.07;2268.61;13.65;10.68;2.69;➡️ Neutro — acompanhou o IPCA
TINTA ESMALTE SINTÉTICO, LINHA PREMIUM NA COR: BRANCO,VERDE,;2015;2017;3;44.5;50.0;12.36;9.43;2.67;➡️ Neutro — acompanhou o IPCA
ESSÊNCIA DE PANETONE;2018;2022;4;41.95;54.64;30.25;26.94;2.63;➡️ Neutro — acompanhou o IPCA
AQUISIÇÃO DE VALES TRANSPORTE PARA OS ALUNOS DA REDE MUNICIPAL DE ENSINO DE CRICIÚMA – SC;2022;2024;3;2.22;2.5;12.61;9.68;2.6;➡️ Neutro — acompanhou o IPCA
AQUISIÇÃO DE VALES TRANSPORTE PARA OS ALUNOS DA REDE ESTADUAL DE ENSINO;2022;2024;3;2.22;2.5;12.61;9.68;2.6;➡️ Neutro — acompanhou o IPCA
CONTENÇÃO SUPERIOR;2020;2023;4;60.0;75.0;25.0;21.81;2.6;➡️ Neutro — acompanhou o IPCA
LIMA NITI K-FILE 1ª SÉRIE (#15-40) DE 31MM;2021;2025;4;13.7;17.0;24.09;20.97;2.58;➡️ Neutro — acompanhou o IPCA
LIMA NITI K-FILE 2ª SÉRIE (#45-80) DE 25MM;2021;2025;4;13.7;17.0;24.09;20.97;2.58;➡️ Neutro — acompanhou o IPCA
LIMA NITI K-FILE 2ª SÉRIE (#45-80) DE 31MM;2021;2025;4;13.7;17.0;24.09;20.97;2.58;➡️ Neutro — acompanhou o IPCA
LIDOCAÍNA 2% GEL, BISNAGA 30G.;2019;2023;4;2.3;3.0;30.44;27.32;2.58;➡️ Neutro — acompanhou o IPCA
CUBA RIM, COMPRIMENTO 26CM, LARGURA 12CM, ALTURA 6CM, CAPACI;2019;2021;3;29.9;35.28;17.99;15.03;2.57;➡️ Neutro — acompanhou o IPCA
LUVA CIRÚRGICA ESTÉRIL Nº. 8,5;2018;2023;6;0.88;1.2;36.36;32.8;2.56;➡️ Neutro — acompanhou o IPCA
PERMETRINA 10MG/ML LOÇÃO, FRASCO 60ML.;2019;2024;5;1.39;1.89;35.97;33.47;2.56;➡️ Neutro — acompanhou o IPCA
BUPIVACAÍNA 0,25% COM VASOCONSTRITOR FRASCO COM 20 ML;2015;2017;3;18.22;20.45;12.24;9.43;2.55;➡️ Neutro — acompanhou o IPCA
PORTA PAPEL HIGIÊNICO PLÁSTICO;2021;2024;3;15.5;18.44;18.97;16.03;2.55;➡️ Neutro — acompanhou o IPCA
AMARELO CASE ESM SINT AUTOMOTIVO 3,6L;2015;2021;4;85.18;119.0;39.7;36.22;2.55;➡️ Neutro — acompanhou o IPCA
RECARGA EXTINTOR PQS ABC 6 KG;2015;2023;7;60.0;92.73;54.56;50.77;2.52;➡️ Neutro — acompanhou o IPCA
ARCO EXTRA ORAL 045;2022;2025;4;22.46;26.34;17.28;14.35;2.5;➡️ Neutro — acompanhou o IPCA
BIMATOPROSTA+TIMOLOL 0,03+0,5% 3ML;2016;2019;3;77.2;88.15;14.18;11.41;2.49;➡️ Neutro — acompanhou o IPCA
SERVIÇOS DE PINTURA;2016;2024;4;28.89;44.0;52.3;48.71;2.43;➡️ Neutro — acompanhou o IPCA
CALCADOR PAIVA N2;2023;2025;3;5.68;6.36;11.97;9.3;2.39;➡️ Neutro — acompanhou o IPCA
TORNEIRA JARDIM METAL ESFERA 1/2;2015;2021;6;18.0;25.1;39.44;36.22;2.39;➡️ Neutro — acompanhou o IPCA
CAIXA BOX  240 X 190 X  90;2016;2020;3;33.75;40.24;19.23;16.45;2.39;➡️ Neutro — acompanhou o IPCA
BATERIA 12V 2,3AH REF. UP1223 OU EP1223;2019;2023;5;130.0;169.4;30.31;27.32;2.35;➡️ Neutro — acompanhou o IPCA
MOTO RREDUTOR DO ENCOSTO AQIA KAVO;2021;2025;5;1211.55;1500.0;23.81;20.97;2.34;➡️ Neutro — acompanhou o IPCA
BROCA DIAMANTADA ESFÉRICA 1012;2021;2025;4;1.74;2.16;24.14;20.97;2.34;➡️ Neutro — acompanhou o IPCA
ANESTÉSICO LIDOCAINA 2% COM VASOCONTRITOR EPINEFRINA 1:100.0;2020;2024;4;62.0;81.0;30.65;27.7;2.32;➡️ Neutro — acompanhou o IPCA
BORRACHA (AMARRADILHA) PARA DINHEIRO Nº 18;2015;2024;5;1.35;2.18;61.48;58.06;2.22;➡️ Neutro — acompanhou o IPCA
PRANCHA DE ANGELIN BRUTA;2015;2021;6;3260.0;4539.0;39.23;36.22;2.21;➡️ Neutro — acompanhou o IPCA
MINIDISJUNTOR TRIFASICO 20 A, CURVA C, PADRÃO IEC;2015;2023;7;18.65;28.7;53.89;50.77;2.09;➡️ Neutro — acompanhou o IPCA
ORGANIZADOR DE ESCRITÓRIO PARA PASTAS COM 3 DIVISÕES HORIZON;2021;2024;3;49.82;59.0;18.43;16.03;2.08;➡️ Neutro — acompanhou o IPCA
ADAPTADOR CURTO SOLDAVEL 60 X 2;2015;2021;6;6.29;8.74;38.95;36.22;2.07;➡️ Neutro — acompanhou o IPCA
CAFÉ COM LEITE;2015;2024;3;4.99;8.04;61.2;58.06;2.06;➡️ Neutro — acompanhou o IPCA
CX SIFONADA 100 X 150 X 50;2015;2021;6;10.75;14.95;39.07;36.22;2.05;➡️ Neutro — acompanhou o IPCA
CONE GUTA PERCHA, #40/04 - 28MM;2020;2024;4;29.0;37.79;30.31;27.7;2.05;➡️ Neutro — acompanhou o IPCA
FOLHA A4 TIMBRADA;2019;2021;3;74.97;88.0;17.38;15.03;2.04;➡️ Neutro — acompanhou o IPCA
SUGADOR ENDODÔNTICO DESCARTÁVEL. PACOTE COM 20 UNIDADES;2018;2024;3;10.0;14.21;42.1;39.22;2.04;➡️ Neutro — acompanhou o IPCA
CONE GUTA PERCHA, #35/04 - 28MM;2020;2024;4;29.0;37.78;30.28;27.7;2.01;➡️ Neutro — acompanhou o IPCA
MINI BAND NÍVEL FRACO;2022;2024;3;8.0;8.95;11.87;9.68;1.98;➡️ Neutro — acompanhou o IPCA
TINTA ACRÍLICA ACAB. FOSCO P/ PISOS CIMENTADOS (BRANCO GELO);2015;2017;3;121.0;135.0;11.57;9.43;1.96;➡️ Neutro — acompanhou o IPCA
CARCAÇA DE TANQUE;2015;2019;5;179.29;216.45;20.73;18.42;1.95;➡️ Neutro — acompanhou o IPCA
FILTRO DE LINHA;2016;2020;4;23.33;27.7;18.71;16.45;1.94;➡️ Neutro — acompanhou o IPCA
MACARRÃO DE ARROZ - SEM GLÚTEN E SEM OVOS;2015;2018;3;4.67;5.4;15.63;13.53;1.93;➡️ Neutro — acompanhou o IPCA
CAMARA DE AR 13;2016;2021;4;49.0;64.0;30.61;28.16;1.91;➡️ Neutro — acompanhou o IPCA
VÁVULA DE DEFLAÇÃO COM REGULADOR PARA ESFIGMOMANÔMETRO;2016;2022;6;7.46;10.3;38.07;35.58;1.85;➡️ Neutro — acompanhou o IPCA
AR 22 S/ ROLDANA;2015;2021;6;19.99;27.74;38.77;36.22;1.85;➡️ Neutro — acompanhou o IPCA
METOCLOPRAMIDA 4MG/ML SOLUÇÃO ORAL 10ML;2015;2018;3;0.55;0.64;16.97;13.53;1.82;➡️ Neutro — acompanhou o IPCA
CETOPROFENO 100MG IV PO LIOFOLIZADO;2016;2019;3;2.34;2.65;13.25;11.41;1.82;➡️ Neutro — acompanhou o IPCA
COMPRESSA NÃO ADERENTE 10X10CM;2020;2022;3;2.75;3.25;18.18;16.43;1.8;➡️ Neutro — acompanhou o IPCA
DIMENIDRATO 50MG + PIRIDOXINA 50MG/ML 1ML;2015;2018;3;1.12;1.29;14.87;13.53;1.79;➡️ Neutro — acompanhou o IPCA
DESINFETANTE DE USO GERAL;2018;2021;4;5.9;7.2;22.03;19.99;1.73;➡️ Neutro — acompanhou o IPCA
DIAZEPAM 5MG/ML SOLUÇÃO INJETAVEL 2ML;2015;2023;4;0.58;0.89;53.45;50.77;1.72;➡️ Neutro — acompanhou o IPCA
ENVELOPE AUTO SELANTE 240X380MM;2020;2023;3;54.0;66.9;23.89;21.81;1.7;➡️ Neutro — acompanhou o IPCA
PERA NACIONAL - NAS ESCOLAS;2021;2024;3;6.46;7.62;17.96;16.03;1.69;➡️ Neutro — acompanhou o IPCA
BISCOITO ROSQUINHA DE MILHO, SEM LACTOSE;2022;2025;3;20.59;23.94;16.27;14.35;1.68;➡️ Neutro — acompanhou o IPCA
CAP SOLDÁVEL 50MM;2015;2021;6;3.0;4.15;38.33;36.22;1.67;➡️ Neutro — acompanhou o IPCA
ÁLCOOL ETÍLICO 70° ANTISSÉPTICO;2017;2021;4;4.1;5.19;26.65;24.48;1.67;➡️ Neutro — acompanhou o IPCA
BATERIA ALCALINA 9V;2015;2018;4;22.0;25.38;15.36;13.53;1.64;➡️ Neutro — acompanhou o IPCA
LAMPADA ELETRÔNICA 45 WATS (ECONOMICA);2018;2021;3;34.04;41.5;21.92;19.99;1.63;➡️ Neutro — acompanhou o IPCA
FENITOÍNA 50MG/ML 5ML INJ.;2016;2019;3;1.31;1.48;13.11;11.41;1.63;➡️ Neutro — acompanhou o IPCA
GODIVA EM BASTÃO VERDE;2020;2025;6;21.5;29.08;35.26;33.14;1.61;➡️ Neutro — acompanhou o IPCA
MANTA ASFALTICA ALUM. ADESIVA 10CM;2015;2021;6;1.9;2.63;38.42;36.22;1.58;➡️ Neutro — acompanhou o IPCA
CÓPIAS DE PROJETO DE ENGENHARIA,SULFITE PRETO E BRANCO;2015;2019;3;5.75;6.91;20.17;18.42;1.57;➡️ Neutro — acompanhou o IPCA
MISTURA PARA PÃO DE LÓ;2020;2024;4;41.25;53.5;29.7;27.7;1.56;➡️ Neutro — acompanhou o IPCA
HASTE FLEXÍVEL;2017;2023;3;1.43;2.0;39.86;37.78;1.53;➡️ Neutro — acompanhou o IPCA
CABO AÇO GALV. A. FIBRA 1/4;2015;2021;6;3.98;5.5;38.19;36.22;1.51;➡️ Neutro — acompanhou o IPCA
VASSOURA DE PALHA:;2017;2024;3;13.95;20.45;46.59;44.44;1.49;➡️ Neutro — acompanhou o IPCA
APARELHO DE AR CONDICIONADO TIPO SPLIT HI WALL 9.000 BTU/H,;2019;2023;3;1734.0;2238.5;29.09;27.32;1.4;➡️ Neutro — acompanhou o IPCA
SUPORTE PARA INSTALAÇÃO E FIXAÇÃO DE 04 LUMINÁRIAS EM TOPO D;2015;2020;5;75.49;94.72;25.47;23.77;1.38;➡️ Neutro — acompanhou o IPCA
BUCHA REDUÇÃO ROSCAVEL 1.1/2 X 1 PVC;2015;2021;6;4.46;6.16;38.12;36.22;1.35;➡️ Neutro — acompanhou o IPCA
INSULINA NOVOMIX FLEXPEN 30 CANETA 3ML;2016;2019;3;49.0;55.32;12.9;11.41;1.34;➡️ Neutro — acompanhou o IPCA
BISCOITO TIPO COOKIES DIET - SABORES DIVERSOS - NA CENTRAL;2018;2021;3;43.25;52.6;21.62;19.99;1.34;➡️ Neutro — acompanhou o IPCA
CARTUCHO HP 51645AL 42ML PRETO;2018;2022;5;248.9;320.0;28.57;26.94;1.28;➡️ Neutro — acompanhou o IPCA
REFORMA DE SOFÁS DOIS LUGARES USADO NAS RECEPÇÕES DOS SETORE;2015;2017;3;250.0;277.0;10.8;9.43;1.25;➡️ Neutro — acompanhou o IPCA
TERMOSTATO LAMINADO CRISTOFOLI TL 02,023 -255+-15 VT/VTP/ PLENA;2022;2024;3;160.76;178.5;11.04;9.68;1.24;➡️ Neutro — acompanhou o IPCA
LEVOMEPROMAZINA 40MG/ML 20ML;2016;2020;4;7.05;8.3;17.73;16.45;1.21;➡️ Neutro — acompanhou o IPCA
ARGAMASSA ACI INTERNA 20KG;2015;2021;6;5.87;8.09;37.82;36.22;1.19;➡️ Neutro — acompanhou o IPCA
COMPRESSOR ODONTOLÓGICO EM FERRO FUNDIDO;2017;2024;7;2890.96;4225.0;46.14;44.44;1.18;➡️ Neutro — acompanhou o IPCA
PEDRA SANITÁRIA.;2016;2021;3;0.93;1.2;29.03;28.16;1.15;➡️ Neutro — acompanhou o IPCA
TINTA ACRÍLICA ACAB. FOSCO P/ PISOS CIMENTADOS (AMARELO);2015;2017;3;122.0;135.0;10.66;9.43;1.12;➡️ Neutro — acompanhou o IPCA
VW/8.120 EURO3(NACIONAL) 2008;2019;2025;7;8.0;11.25;40.62;39.16;1.11;➡️ Neutro — acompanhou o IPCA
FORD/CARGO 816 S (NACIONAL) 2013;2019;2025;7;8.0;11.25;40.62;39.16;1.11;➡️ Neutro — acompanhou o IPCA
SCANIA/K113 TL 6X2 360 (NACIONAL) 1997;2019;2025;7;8.0;11.25;40.62;39.16;1.11;➡️ Neutro — acompanhou o IPCA
FORD/CARGO 815 E(NACIONAL) 2010;2019;2025;7;8.0;11.25;40.62;39.16;1.11;➡️ Neutro — acompanhou o IPCA
FORD/CARGO 1317 E(NACIONAL) 2010;2019;2025;7;8.0;11.25;40.62;39.16;1.11;➡️ Neutro — acompanhou o IPCA
LIVRO FISCAL PONTO.;2018;2021;4;6.15;7.46;21.3;19.99;1.11;➡️ Neutro — acompanhou o IPCA
VW/6.160 DRC 4X2(NACIONAL) 2019;2019;2025;7;8.0;11.25;40.62;39.16;1.11;➡️ Neutro — acompanhou o IPCA
FORD/CARGO 2631 6X4(NACIONAL) 2019;2019;2025;7;8.0;11.25;40.62;39.16;1.11;➡️ Neutro — acompanhou o IPCA
FORD/CARGO 1415(NACIONAL) 1990;2019;2025;7;8.0;11.25;40.62;39.16;1.11;➡️ Neutro — acompanhou o IPCA
PORTA AGULHA MAYO-HAGER 15 CM;2017;2025;8;24.86;37.85;52.25;50.59;1.1;➡️ Neutro — acompanhou o IPCA
BISCOITO AMANTEIGADO SABORES DIVERSOS EMBALAGEM 400G;2020;2024;5;6.85;8.83;28.91;27.7;1.08;➡️ Neutro — acompanhou o IPCA
MEMORANDO INTERNO - 2 VIAS AUTOCOPIATIVO;2016;2020;4;2.97;3.49;17.51;16.45;1.08;➡️ Neutro — acompanhou o IPCA
BROCA DE VÍDIA 10MM;2015;2021;6;8.5;11.7;37.65;36.22;1.06;➡️ Neutro — acompanhou o IPCA
GRAXA A BASE DE SABÃO DE LÍTIO COM ADITIVAÇÃO EXTREMA PRESSÃ;2019;2021;3;413.0;480.0;16.22;15.03;1.04;➡️ Neutro — acompanhou o IPCA
PLACAS DE BANHEIRO COM ACESSIBILIDADE;2021;2024;3;14.5;16.99;17.17;16.03;1.03;➡️ Neutro — acompanhou o IPCA
FIO AGULHADO SEDA, 3.0/EP2;2015;2024;4;23.69;37.83;59.69;58.06;1.01;➡️ Neutro — acompanhou o IPCA
ELETRODUTO FLEXÍVEL CORRUGADO DIÂMETRO INTERNO NO MINIMO 25M;2015;2017;3;0.99;1.09;10.1;9.43;1.01;➡️ Neutro — acompanhou o IPCA
CORRENTE PARA CADEADO 4MM;2015;2021;6;8.9;12.25;37.64;36.22;1.01;➡️ Neutro — acompanhou o IPCA
TINTA SPRAY DECOR PRETO FOSCO 300ML;2017;2019;3;7.79;8.52;9.37;8.22;0.98;➡️ Neutro — acompanhou o IPCA
SITAGLIPTINA 100MG CPR;2016;2019;3;5.95;6.69;12.44;11.41;0.89;➡️ Neutro — acompanhou o IPCA
LAMPADA ELETRÔNICA 75 WATS (ECONOMICA);2018;2021;3;53.75;65.04;21.0;19.99;0.86;➡️ Neutro — acompanhou o IPCA
ANEL DE VEDAÇÃO PARA VASO SANITÁRIO EM CERA PADRÃO UNIVERSAL;2015;2021;6;6.99;9.6;37.34;36.22;0.86;➡️ Neutro — acompanhou o IPCA
SUPORTE PARA INSTALAÇÃO E FIXAÇÃO DE 02 LUMINÁRIAS EM TOPO D;2015;2020;5;67.54;84.3;24.81;23.77;0.84;➡️ Neutro — acompanhou o IPCA
FECHADURA INTERNA CROMADA;2015;2021;6;18.5;25.4;37.3;36.22;0.81;➡️ Neutro — acompanhou o IPCA
CARTUCHO DESKJET HP2460;2021;2024;3;53.0;61.99;16.96;16.03;0.8;➡️ Neutro — acompanhou o IPCA
BROCA DIAMANTADA ESFÉRICA HASTE LONGA 1012;2021;2025;4;1.71;2.1;22.81;20.97;0.79;➡️ Neutro — acompanhou o IPCA
BOMBOM COBERTO COM CHOCOLATE BRANCO;2018;2024;5;36.0;50.5;40.28;39.22;0.76;➡️ Neutro — acompanhou o IPCA
CAIXA VAZADA PLÁSTICA NA COR PRETA;2019;2025;3;25.8;36.15;40.12;39.16;0.67;➡️ Neutro — acompanhou o IPCA
CAIXA ORGANIZADORA MÉDIA 20,39 LITROS  EM POLIPROPILENO;2023;2025;3;37.08;40.8;10.03;9.3;0.67;➡️ Neutro — acompanhou o IPCA
BLOCO CONSTRUÇÃO VAZADO 14X19X39;2015;2021;6;2.99;4.1;37.12;36.22;0.67;➡️ Neutro — acompanhou o IPCA
MINI DISJUNTOR 1P  40A;2016;2020;3;5.0;5.86;17.2;16.45;0.64;➡️ Neutro — acompanhou o IPCA
FARINHA DE TRIGO;2015;2025;10;1.81;3.0;65.72;64.79;0.55;➡️ Neutro — acompanhou o IPCA
MANGUEIRA PNEUMÁTICA 1/4;2019;2021;3;5.39;6.22;15.4;15.03;0.44;➡️ Neutro — acompanhou o IPCA
SILICONE GEL PARA VEÍCULOS GALÃO 5L.;2015;2021;4;46.79;64.0;36.78;36.22;0.41;➡️ Neutro — acompanhou o IPCA
DETERGENTE LÍQUIDO 5 LITROS.;2016;2021;4;8.0;10.3;28.75;28.16;0.4;➡️ Neutro — acompanhou o IPCA
GARRAFA TÉRMICA 1L;2015;2021;4;40.56;55.45;36.71;36.22;0.37;➡️ Neutro — acompanhou o IPCA
SAPATILHAS DE MEIO FUNDO E FUNDO PARA PROVAS DE ATLETISMO;2022;2024;3;154.0;169.5;10.06;9.68;0.36;➡️ Neutro — acompanhou o IPCA
FIAT UNO MILLE (04 - 13) CELEB WAY ECONOMY 4P 1.0MPI FIRE EC;2017;2021;4;12.0;15.0;25.0;24.48;0.36;➡️ Neutro — acompanhou o IPCA
LIMÃO;2015;2024;10;3.0;4.75;58.33;58.06;0.33;➡️ Neutro — acompanhou o IPCA
SUPORTE PARA FILTRO CAFÉ 103;2015;2024;7;9.5;15.06;58.53;58.06;0.32;➡️ Neutro — acompanhou o IPCA
CAPACITOR 380V 2 MF.;2015;2019;5;9.5;11.28;18.74;18.42;0.32;➡️ Neutro — acompanhou o IPCA
CABO SINT. 1KV 10,0MM-AZUL;2016;2020;3;3.68;4.3;16.85;16.45;0.29;➡️ Neutro — acompanhou o IPCA
CABO SINT. 1KV 10,0MM-PRETO;2016;2020;3;3.68;4.3;16.85;16.45;0.29;➡️ Neutro — acompanhou o IPCA
CEFTRIAXONA 1GR IM COM ANESTÉSICO;2018;2020;3;8.68;9.49;9.33;9.02;0.26;➡️ Neutro — acompanhou o IPCA
MOTONIVELADORA NEW HOLLAND RG170;2021;2025;5;25.0;30.3;21.2;20.97;0.22;➡️ Neutro — acompanhou o IPCA
DESINCRUSTANTE 1LITRO;2018;2024;5;25.95;36.19;39.46;39.22;0.2;➡️ Neutro — acompanhou o IPCA
PÁ COLETORA PLÁSTICA.;2018;2021;4;20.8;25.0;20.19;19.99;0.16;➡️ Neutro — acompanhou o IPCA
RODO COM PROPULSOR;2021;2024;3;570.5;662.99;16.21;16.03;0.15;➡️ Neutro — acompanhou o IPCA
ANEL DE VEDAÇÃO / GUARNIÇÃO DE SILICONE AHMC5 SERCON;2022;2024;3;184.01;202.0;9.78;9.68;0.09;➡️ Neutro — acompanhou o IPCA
EXECUÇÃO DE SERVIÇOS DE MANUTENÇÃO, CONSERTO, LIMPEZA E RECU;2015;2019;4;67.5;80.0;18.52;18.42;0.09;➡️ Neutro — acompanhou o IPCA
PONTA DE ULTRASSON E15 - (ROSCA EXTERNA);2021;2024;3;175.0;203.18;16.1;16.03;0.06;➡️ Neutro — acompanhou o IPCA
COCO RALADO - CONGELADO MÉDIO;2018;2023;4;23.3;30.96;32.88;32.8;0.05;➡️ Neutro — acompanhou o IPCA
TIRA REAGENTE PARA GLICEMIA CAPILAR.;2018;2023;4;0.29;0.39;34.48;32.8;0.0;➡️ Neutro — acompanhou o IPCA
FUROSEMIDA 40MG CPR, EM BLISTER.;2019;2024;5;0.03;0.04;48.33;33.47;0.0;➡️ Neutro — acompanhou o IPCA
TOPIRAMATO 25MG;2016;2019;3;0.13;0.14;5.62;11.41;0.0;➡️ Neutro — acompanhou o IPCA
TRAMADOL, CLORIDRATO 50MG CAPSULA, EM BLISTER.;2019;2024;5;0.1;0.14;31.05;33.47;0.0;➡️ Neutro — acompanhou o IPCA
DETERGENTE LÍQUIDO NEUTRO DE USO GERAL 500 ML.;2018;2021;3;1.0;1.2;20.0;19.99;0.0;➡️ Neutro — acompanhou o IPCA
CINARIZINA 25MG CPR;2016;2019;3;0.08;0.08;-0.51;11.41;0.0;➡️ Neutro — acompanhou o IPCA
GLIMEPIRIDA 2MG CPR;2016;2019;3;0.07;0.07;-0.29;11.41;0.0;➡️ Neutro — acompanhou o IPCA
ENALAPRIL, MALEATO 10MG CPR, EM BLISTER.;2019;2024;5;0.03;0.03;21.43;33.47;0.0;➡️ Neutro — acompanhou o IPCA
FARINHA DE TRIGO.;2022;2025;3;3.98;4.55;14.32;14.35;0.0;➡️ Neutro — acompanhou o IPCA
SONDA ASPIRAÇÃO TRAQUEAL Nº 10 EM PVC, DESCARTÁVEL;2015;2022;7;0.39;0.56;43.59;44.11;0.0;➡️ Neutro — acompanhou o IPCA
SALBUTAMOL 2MG;2016;2019;3;0.17;0.19;10.14;11.41;0.0;➡️ Neutro — acompanhou o IPCA
NIFEDIPINO RETARD 20MG, COMPRIMIDO DE LIBERAÇÃO PROLONGADA,;2019;2023;4;0.11;0.14;28.7;27.32;0.0;➡️ Neutro — acompanhou o IPCA
ISOSSORBIDA, MONONITRATO 20MG CPR;2016;2020;4;0.07;0.08;18.8;16.45;0.0;➡️ Neutro — acompanhou o IPCA
PARAFUSO CHIPBOARD CHATA BICROMATIZADO 4,5X40;2017;2019;3;0.09;0.09;1.12;8.22;0.0;➡️ Neutro — acompanhou o IPCA
IMPRESSÃO PRETO E BRANCO, TAMANHO A3, FOLHA BRANCA, PAPEL 75;2018;2020;3;0.55;0.59;7.27;9.02;0.0;➡️ Neutro — acompanhou o IPCA
METFORMINA 850 MG;2016;2020;5;0.05;0.06;22.92;16.45;0.0;➡️ Neutro — acompanhou o IPCA
BROMETO DE IPRATROPIO 0,250MG/ML SOL INALAÇÃO 20ML;2016;2020;5;0.54;0.63;16.67;16.45;0.0;➡️ Neutro — acompanhou o IPCA
ATENOLOL 50MG CPR;2016;2020;4;0.03;0.04;8.79;16.45;0.0;➡️ Neutro — acompanhou o IPCA
PARACETAMOL 500 MG;2016;2020;4;0.04;0.05;21.84;16.45;0.0;➡️ Neutro — acompanhou o IPCA
RANITIDINA 150MG;2015;2018;4;0.06;0.07;8.04;13.53;0.0;➡️ Neutro — acompanhou o IPCA
ENALAPRIL 5 MG;2016;2019;3;0.04;0.05;21.19;11.41;0.0;➡️ Neutro — acompanhou o IPCA
ENALAPRIL 20 MG;2016;2020;4;0.04;0.03;-6.49;16.45;0.0;➡️ Neutro — acompanhou o IPCA
ATENOLOL 50MG CPR, EM BLISTER.;2019;2024;5;0.04;0.04;24.57;33.47;0.0;➡️ Neutro — acompanhou o IPCA
DIAZEPAM 5MG;2015;2018;3;0.04;0.04;16.57;13.53;0.0;➡️ Neutro — acompanhou o IPCA
CARVEDILOL 12,5 MG;2015;2018;3;0.09;0.1;18.86;13.53;0.0;➡️ Neutro — acompanhou o IPCA
ATROPINA 0,25 MG SOL INJ. 1 ML;2016;2019;3;0.26;0.29;11.79;11.41;0.0;➡️ Neutro — acompanhou o IPCA
CARVEDILOL 25 MG;2015;2018;3;0.11;0.13;18.8;13.53;0.0;➡️ Neutro — acompanhou o IPCA
FICHA NOMINAL- PROGRAMA TUBERCULOSE;2018;2023;4;0.31;0.4;29.03;32.8;0.0;➡️ Neutro — acompanhou o IPCA
DIPIRONA 500 MG CPR;2018;2020;3;0.07;0.08;10.29;9.02;0.0;➡️ Neutro — acompanhou o IPCA
CD VIRGEM 700MB DE CAPACIDADE ACOMPANHADO DE CAIXA;2016;2020;3;1.65;1.92;16.36;16.45;0.0;➡️ Neutro — acompanhou o IPCA
SULFATO FERROSO- EQUIVALENTE A 40MG DE FERRO ELEMENTAR- EM B;2019;2021;3;0.03;0.03;3.45;15.03;0.0;➡️ Neutro — acompanhou o IPCA
TOPIRAMATO 50MG;2016;2020;4;0.14;0.16;17.0;16.45;0.0;➡️ Neutro — acompanhou o IPCA
ALPRAZOLAM 2MG CPR;2016;2019;4;0.13;0.15;13.08;11.41;0.0;➡️ Neutro — acompanhou o IPCA
CLORPROMAZINA 100 MG;2016;2020;4;0.16;0.19;20.25;16.45;0.0;➡️ Neutro — acompanhou o IPCA
PIRIMETAMINA 25MG CPR;2016;2019;3;0.07;0.07;7.09;11.41;0.0;➡️ Neutro — acompanhou o IPCA
TRATAMENTO CIRÚRGICO;2018;2022;4;0.03;0.05;68.97;26.94;0.0;➡️ Neutro — acompanhou o IPCA
PROPRANOLOL 10 MG;2016;2019;3;0.06;0.06;1.82;11.41;0.0;➡️ Neutro — acompanhou o IPCA
PROPRANOLOL 40MG CPR, EM BLISTER.;2019;2024;5;0.03;0.03;-10.34;33.47;0.0;➡️ Neutro — acompanhou o IPCA
DEXCLORFENIRAMINA 2MG;2016;2020;4;0.05;0.06;17.02;16.45;0.0;➡️ Neutro — acompanhou o IPCA
SINVASTATINA 10MG CPR;2016;2019;3;0.05;0.05;4.26;11.41;0.0;➡️ Neutro — acompanhou o IPCA
PIRIMETAMINA 25MG CPR.;2019;2023;4;0.07;0.09;25.35;27.32;0.0;➡️ Neutro — acompanhou o IPCA
PIRIMETAMINA 25MG;2015;2018;3;0.07;0.08;11.59;13.53;0.0;➡️ Neutro — acompanhou o IPCA
DIPIRONA 500 MG;2016;2018;3;0.06;0.06;-3.08;6.81;0.0;➡️ Neutro — acompanhou o IPCA
DIPIRONA 500 MG/ML GOTAS 10 ML;2016;2020;4;0.51;0.6;17.45;16.45;0.0;➡️ Neutro — acompanhou o IPCA
CAPTOPRIL 25 MG;2016;2018;3;0.01;0.01;-13.04;6.81;0.0;➡️ Neutro — acompanhou o IPCA
ACIDO ACETILSALICILICO 100MG;2015;2018;3;0.02;0.02;6.78;13.53;0.0;➡️ Neutro — acompanhou o IPCA
ÁCIDO FÓLICO 5 MG;2017;2020;4;0.04;0.03;-12.0;13.1;0.0;➡️ Neutro — acompanhou o IPCA
CARBONATO DE CALCIO + VIT D 600MG+200UI CPR (BLISTER DE NO M;2016;2019;3;0.08;0.09;8.43;11.41;0.0;➡️ Neutro — acompanhou o IPCA
ESPIRONOLACTONA 25 MG;2016;2020;4;0.11;0.13;16.36;16.45;0.0;➡️ Neutro — acompanhou o IPCA
ESPIRONOLACTONA 25MG CPR, EM BLISTER.;2019;2024;5;0.13;0.17;32.48;33.47;0.0;➡️ Neutro — acompanhou o IPCA
ÁCIDO ACETILSALICILICO 100MG CPR, EM BLISTER.;2019;2024;5;0.03;0.03;10.36;33.47;0.0;➡️ Neutro — acompanhou o IPCA
CLINDAMICINA 300 MG;2016;2019;4;0.78;0.88;12.24;11.41;0.0;➡️ Neutro — acompanhou o IPCA
CARBAMAZEPINA 200 MG  (BLISTER CONTENDO 10 OU 15 COMPRIMIDOS;2018;2020;3;0.11;0.12;8.09;9.02;0.0;➡️ Neutro — acompanhou o IPCA
FITA AUTOCLAVE;2015;2021;5;2.2;3.0;36.36;36.22;0.0;➡️ Neutro — acompanhou o IPCA
CLONAZEPAM 0,5MG;2016;2018;3;0.04;0.04;15.79;6.81;0.0;➡️ Neutro — acompanhou o IPCA
OMEPRAZOL 20MG CAPSULA, EM BLISTER.;2019;2024;5;0.05;0.06;11.54;33.47;0.0;➡️ Neutro — acompanhou o IPCA
CURATIVO REDONDO PÓS-COLETA DE SANGUE (STOPPER OU BANDAGEM);2015;2021;3;8.99;12.25;36.26;36.22;0.0;➡️ Neutro — acompanhou o IPCA
FENOBARBITAL 100MG CPR, EM BLISTER.;2019;2024;5;0.1;0.14;38.51;33.47;0.0;➡️ Neutro — acompanhou o IPCA
SULFATO FERROSO 40 MG;2016;2018;3;0.03;0.03;8.89;6.81;0.0;➡️ Neutro — acompanhou o IPCA
FENOBARBITAL 100 MG;2016;2020;4;0.07;0.09;20.71;16.45;0.0;➡️ Neutro — acompanhou o IPCA
ANLODIPINO, BESILATO 5MG CPR, EM BLISTER.;2019;2024;5;0.02;0.02;6.06;33.47;0.0;➡️ Neutro — acompanhou o IPCA
HIDROCLOROTIAZIDA 25MG CPR, EM BLISTER.;2019;2024;5;0.01;0.02;64.66;33.47;0.0;➡️ Neutro — acompanhou o IPCA
HIDROCLOROTIAZIDA 50MG;2016;2019;3;0.04;0.04;14.29;11.41;0.0;➡️ Neutro — acompanhou o IPCA
VITAMINAS DO COMPLEXO B (BLISTER COM NO MÁXIMO 20 CPR);2018;2020;3;0.03;0.03;-6.06;9.02;0.0;➡️ Neutro — acompanhou o IPCA
PROMETAZINA 25 MG;2016;2020;4;0.08;0.09;23.2;16.45;0.0;➡️ Neutro — acompanhou o IPCA
SECNIDAZOL 1000MG CPR;2016;2020;4;0.44;0.5;14.23;16.45;0.0;➡️ Neutro — acompanhou o IPCA
SERINGA 3ML, SEM AGULHA;2018;2022;5;0.11;0.15;37.61;26.94;0.0;➡️ Neutro — acompanhou o IPCA
GRAMPO TRILHO ENCADERNADOR.;2015;2024;4;4.45;7.04;58.2;58.06;0.0;➡️ Neutro — acompanhou o IPCA
AMITRIPTILINA 75 MG;2016;2019;4;0.2;0.21;7.69;11.41;0.0;➡️ Neutro — acompanhou o IPCA
ATROPINA 0,25MG/ML;2015;2018;3;0.24;0.28;15.67;13.53;0.0;➡️ Neutro — acompanhou o IPCA
PROGRAMA DE CONTROLE DA FEBRE AMARELA DENGUE;2018;2023;5;0.04;0.06;36.36;32.8;0.0;➡️ Neutro — acompanhou o IPCA
ATENOLOL 25MG CPR;2016;2019;4;0.02;0.03;16.67;11.41;0.0;➡️ Neutro — acompanhou o IPCA
FRASCO PARA NUTRIÇÃO ENTERAL CAPACIDADE 300ML;2015;2024;8;0.56;0.89;58.93;58.06;0.0;➡️ Neutro — acompanhou o IPCA
AMOXICILINA 500 MG ACONDICIONADO DE FORMA UNITARIZADA;2016;2018;3;0.27;0.28;4.48;6.81;0.0;➡️ Neutro — acompanhou o IPCA
SULFATO FERROSO 40MG CPR, EM BLISTER.;2019;2023;3;0.03;0.03;3.1;27.32;0.0;➡️ Neutro — acompanhou o IPCA
ANLODIPINO 5MG;2016;2020;4;0.02;0.03;48.57;16.45;0.0;➡️ Neutro — acompanhou o IPCA
BATATA DOCE - NAS ESCOLAS;2021;2024;3;3.84;4.45;15.89;16.03;-0.0;➡️ Neutro — acompanhou o IPCA
APARELHO TELEFONICO HEADSET.;2016;2020;3;126.3;147.0;16.39;16.45;-0.05;➡️ Neutro — acompanhou o IPCA
FERRO CHATO  1.1/4;2015;2017;3;19.99;21.85;9.3;9.43;-0.1;➡️ Neutro — acompanhou o IPCA
GIZ LIQUIDO FLUORESCENTE;2021;2024;3;13.7;15.89;15.99;16.03;-0.1;➡️ Neutro — acompanhou o IPCA
ALICATE ORTODÔNTICO WEINGART RETO 120;2019;2025;6;84.54;117.48;38.96;39.16;-0.14;➡️ Neutro — acompanhou o IPCA
CARNE SUÍNA CONGELADA: COSTELA;2018;2024;5;18.0;25.0;38.89;39.22;-0.19;➡️ Neutro — acompanhou o IPCA
PNEU NOVO 900X20 RADIAL,LISO 14 LONAS;2016;2021;4;1470.0;1880.0;27.89;28.16;-0.21;➡️ Neutro — acompanhou o IPCA
PASTILHAS DE DETERGENTE PARA FORNO;2015;2021;3;459.5;624.4;35.89;36.22;-0.24;➡️ Neutro — acompanhou o IPCA
TOMATE - NAS ESCOLAS;2021;2024;3;5.7;6.61;15.86;16.03;-0.24;➡️ Neutro — acompanhou o IPCA
SALSICHA VERMELHA;2020;2024;5;25.7;32.72;27.32;27.7;-0.29;➡️ Neutro — acompanhou o IPCA
BROCA Nº 702 PARA PEÇA DE MÃO;2020;2025;5;7.0;9.29;32.71;33.14;-0.35;➡️ Neutro — acompanhou o IPCA
CURVA ELETRODUTO PVC ANTI-CHAMA 2 X 180º PRETA;2015;2021;6;8.88;12.04;35.59;36.22;-0.45;➡️ Neutro — acompanhou o IPCA
CAP ESGOTO 75MM;2015;2018;4;3.2;3.62;12.97;13.53;-0.47;➡️ Neutro — acompanhou o IPCA
CLORANFENICOL + AMINOÁCIDOS + METIONINA + RETINOL, BISNAGA 3,5G.;2021;2024;3;10.4;12.0;15.4;16.03;-0.52;➡️ Neutro — acompanhou o IPCA
PORTA-AMÁLGAMA DE PLÁSTICO, AUTOCLAVÁVEL;2020;2025;5;9.28;12.3;32.54;33.14;-0.53;➡️ Neutro — acompanhou o IPCA
FITA ADESIVA PLASTICA TRANSPARENTE;2018;2023;6;2.0;2.64;32.0;32.8;-0.57;➡️ Neutro — acompanhou o IPCA
FRALDA DESCARTÁVEL ADULTO TAMANHO G;2016;2021;4;0.93;1.19;27.34;28.16;-0.57;➡️ Neutro — acompanhou o IPCA
BROCA DE BAIXA ROTAÇÃO HASTE LONGA N° 8.;2018;2025;6;3.93;5.67;44.27;45.15;-0.58;➡️ Neutro — acompanhou o IPCA
INTERRUPTOR DE TECLA REDONDO 16123 OLSEN;2018;2025;6;17.32;25.0;44.3;45.15;-0.59;➡️ Neutro — acompanhou o IPCA
CLIPES PARA PAPÉIS N.º 8/0;2019;2021;3;9.5;10.85;14.21;15.03;-0.62;➡️ Neutro — acompanhou o IPCA
SALGADO ASSADO FOLHEADO DE BANANA COM CANELA;2015;2023;6;64.09;96.0;49.8;50.77;-0.66;➡️ Neutro — acompanhou o IPCA
CORTA ANEL;2016;2019;4;75.0;83.0;10.67;11.41;-0.67;➡️ Neutro — acompanhou o IPCA
POSICIONADOR RADIOGRÁFICO DIGITAL;2020;2025;4;219.45;290.14;32.21;33.14;-0.69;➡️ Neutro — acompanhou o IPCA
TUBO GALV. NBR 5580 1.1/4  (2,65MM);2015;2018;4;119.55;134.78;12.74;13.53;-0.69;➡️ Neutro — acompanhou o IPCA
FACA DESCARTAVEL;2018;2023;5;6.45;8.5;31.78;32.8;-0.7;➡️ Neutro — acompanhou o IPCA
SUPORTE DE FIXAÇÃO PARA COLETOR PERFURO CORTANTE 3L;2021;2025;4;20.8;24.99;20.14;20.97;-0.72;➡️ Neutro — acompanhou o IPCA
TESOURA;2016;2021;5;15.53;19.77;27.3;28.16;-0.72;➡️ Neutro — acompanhou o IPCA
KIT DE NEBULIZAÇÃO ADULTO;2015;2022;7;3.99;5.71;43.11;44.11;-0.75;➡️ Neutro — acompanhou o IPCA
BROCA DE ALTA ROTAÇÃO DIAMANTADA Nº 2082;2015;2025;7;1.3;2.12;63.08;64.79;-0.77;➡️ Neutro — acompanhou o IPCA
BROCA DIAMANTADA ESFÉRICA HASTE LONGA 1016;2021;2025;4;1.74;2.1;20.69;20.97;-0.78;➡️ Neutro — acompanhou o IPCA
BROCA DIAMANTADA ESFÉRICA HASTE LONGA 1014;2021;2025;4;1.74;2.1;20.69;20.97;-0.78;➡️ Neutro — acompanhou o IPCA
JOELHO 45 GRAUS, PVC, SERIE NORMAL, ESGOTO PREDIAL, DN 100 M;2019;2022;3;11.66;14.09;20.81;21.69;-0.81;➡️ Neutro — acompanhou o IPCA
TELHA S/ AMIANTO 1,53 X 1,10 X 6MM;2015;2021;6;30.2;40.8;35.1;36.22;-0.83;➡️ Neutro — acompanhou o IPCA
EXTINTOR PQS BC 04 KG NOVO;2015;2023;7;110.0;164.47;49.52;50.77;-0.83;➡️ Neutro — acompanhou o IPCA
CABO FLEXIVEL 2 X 0,20MM RCA EMBORRACHADO;2016;2023;8;7.46;10.5;40.75;41.85;-0.85;➡️ Neutro — acompanhou o IPCA
BATERIA ALCALINA, 9 VOLTS;2021;2024;3;5.98;6.87;14.88;16.03;-0.91;➡️ Neutro — acompanhou o IPCA
COTURNO TÁTICO MILITAR;2018;2024;3;289.95;400.0;37.95;39.22;-0.91;➡️ Neutro — acompanhou o IPCA
TELA SOLDADA ARAME 2,4MM MALHA 5 X 10;2015;2021;6;9.74;13.14;34.91;36.22;-0.92;➡️ Neutro — acompanhou o IPCA
PASTILHAS DE AGENTE DE CONSERVAÇÃO PARA FORNO;2015;2021;4;515.0;694.97;34.95;36.22;-0.94;➡️ Neutro — acompanhou o IPCA
CORTADOR DE UNHA.;2019;2023;3;7.5;9.45;26.0;27.32;-0.95;➡️ Neutro — acompanhou o IPCA
PONTA DE ULTRASSON E18D - (ROSCA EXTERNA);2020;2024;4;170.0;214.99;26.46;27.7;-0.97;➡️ Neutro — acompanhou o IPCA
PONTA DE ULTRASSON E3D - (ROSCA EXTERNA);2020;2024;4;170.0;214.99;26.46;27.7;-0.97;➡️ Neutro — acompanhou o IPCA
PONTA DE ULTRASSON E4D - (ROSCA EXTERNA);2020;2024;4;170.0;214.99;26.46;27.7;-0.97;➡️ Neutro — acompanhou o IPCA
PORTA ALGODÃO E/OU RESÍDUOS;2015;2021;6;31.5;42.49;34.89;36.22;-0.98;➡️ Neutro — acompanhou o IPCA
MANGUEIRA DUPLA TUBO 2 DUTOS 3,3 MM;2022;2024;3;17.31;18.8;8.59;9.68;-1.0;➡️ Neutro — acompanhou o IPCA
MANTA TÉRMICA ALUMINIZADA 2,10 X 1,40;2016;2022;3;3.12;4.2;34.62;35.58;-1.02;➡️ Neutro — acompanhou o IPCA
PATCH CORD;2015;2020;3;7.8;9.55;22.44;23.77;-1.03;➡️ Neutro — acompanhou o IPCA
ESTILETE RECARREGÁVEL.;2018;2020;3;1.1;1.19;8.18;9.02;-1.03;➡️ Neutro — acompanhou o IPCA
RECARGA EXTINTOR PQS BC 12 KG;2015;2023;7;56.0;83.56;49.22;50.77;-1.04;➡️ Neutro — acompanhou o IPCA
MARCOPOLO/VOLARE W9 ON (NACIONAL) 2009;2019;2025;7;8.0;11.0;37.5;39.16;-1.11;➡️ Neutro — acompanhou o IPCA
AGRALE/MASCA GRANMINI O(NACIONAL) 2010;2019;2025;7;8.0;11.0;37.5;39.16;-1.11;➡️ Neutro — acompanhou o IPCA
VW/9.150E CUMMINS(NACIONAL) 2009;2019;2025;7;8.0;11.0;37.5;39.16;-1.11;➡️ Neutro — acompanhou o IPCA
VW/8.150(NACIONAL) 2004;2019;2025;7;8.0;11.0;37.5;39.16;-1.11;➡️ Neutro — acompanhou o IPCA
EXTRATO DE TOMATE.;2015;2023;5;1.74;2.6;49.43;50.77;-1.15;➡️ Neutro — acompanhou o IPCA
FIO CIRÚRGICO PRETO MONOFILAMENTAR DE POLIAMIDA Nº.  3-0;2015;2020;3;22.4;27.4;22.32;23.77;-1.16;➡️ Neutro — acompanhou o IPCA
SUPORTE SPLIT 18/30000BTUS;2015;2021;6;35.04;47.18;34.63;36.22;-1.17;➡️ Neutro — acompanhou o IPCA
CLORO 5LTS;2020;2024;3;9.36;11.8;26.07;27.7;-1.19;➡️ Neutro — acompanhou o IPCA
AMOXICILINA 250 MG SUSP. ORAL 60 ML;2016;2020;4;2.6;2.99;15.04;16.45;-1.22;➡️ Neutro — acompanhou o IPCA
CIRCUITO PAINEL IHM VCF CLASS;2021;2024;4;278.06;318.6;14.58;16.03;-1.25;➡️ Neutro — acompanhou o IPCA
NOTEBOOK;2016;2024;6;2710.85;3980.0;46.82;48.71;-1.27;➡️ Neutro — acompanhou o IPCA
JOELHO SOLDÁVEL 60 X 45º;2015;2021;6;11.8;15.87;34.49;36.22;-1.27;➡️ Neutro — acompanhou o IPCA
TELHA S/ AMIANTO 2,13 X 1,10 X 6MM;2015;2021;6;44.4;59.7;34.46;36.22;-1.28;➡️ Neutro — acompanhou o IPCA
CHAVE TIPO ALAVANCA ON/OFF 10A 250V;2019;2023;5;46.0;57.8;25.65;27.32;-1.29;➡️ Neutro — acompanhou o IPCA
MEXEDOR DESCARTÁVEL PARA CAFÉ (EMB.COM 200 UNIDADES);2020;2024;5;7.35;9.26;25.99;27.7;-1.35;➡️ Neutro — acompanhou o IPCA
REFIL MOPI ÚMIDO (REFIL);2017;2020;3;9.45;10.55;11.64;13.1;-1.39;➡️ Neutro — acompanhou o IPCA
CADERNO UNIVERSITÁRIO CAPA DURA;2015;2018;4;4.29;4.8;11.89;13.53;-1.4;➡️ Neutro — acompanhou o IPCA
CONJUNTO DE PORCA GAIOLA M5;2015;2018;4;0.71;0.8;12.68;13.53;-1.41;➡️ Neutro — acompanhou o IPCA
VINIS VERMELHO VIVO, AZUL RIVERA, AMARELO OURO, VERDE ABACAT;2017;2020;4;435.0;485.0;11.49;13.1;-1.42;➡️ Neutro — acompanhou o IPCA
FERMENTO EM PÓ QUÍMICO;2018;2023;3;6.4;8.38;30.94;32.8;-1.42;➡️ Neutro — acompanhou o IPCA
APARELHO DE AR CONDICIONADO TIPO SPLIT HI-WALL CAP.24.000 BT;2018;2023;3;3400.0;4450.0;30.88;32.8;-1.45;➡️ Neutro — acompanhou o IPCA
ELÁSTICO SEPARADOR ANEL AZUL;2020;2025;5;10.19;13.36;31.11;33.14;-1.46;➡️ Neutro — acompanhou o IPCA
RIVASTIGMINA 1,5MG CPR;2016;2019;3;2.19;2.4;9.59;11.41;-1.46;➡️ Neutro — acompanhou o IPCA
NOTIFICAÇÃO LEI 3.070;2016;2019;4;6.38;7.0;9.72;11.41;-1.5;➡️ Neutro — acompanhou o IPCA
NOTIFICAÇÃO LEI 1.193;2016;2019;4;6.38;7.0;9.72;11.41;-1.5;➡️ Neutro — acompanhou o IPCA
NOTIFICAÇÃO LEI 2.425;2016;2019;4;6.38;7.0;9.72;11.41;-1.5;➡️ Neutro — acompanhou o IPCA
CANETA DE ULTRASSOM DABI (PROF NEO/CLASS/SONIC DOU/ JET SONIC)*;2022;2024;3;929.89;1004.5;8.02;9.68;-1.51;➡️ Neutro — acompanhou o IPCA
HIDRALAZINA 20MG/ML INJ 1ML;2016;2019;3;4.13;4.54;9.93;11.41;-1.54;➡️ Neutro — acompanhou o IPCA
VITAMINAS DO COMPLEXO B 2ML;2015;2017;3;0.65;0.7;7.69;9.43;-1.54;➡️ Neutro — acompanhou o IPCA
COMPUTADOR INTERMEDIÁRIO COMPLETO;2019;2025;5;5200.0;7122.43;36.97;39.16;-1.57;➡️ Neutro — acompanhou o IPCA
INSULINA LISPRO 100UI/ML (HUMALOG) 10ML;2016;2019;4;91.85;100.65;9.58;11.41;-1.64;➡️ Neutro — acompanhou o IPCA
PEÇA DE MÃO MULTIPLICADORA ANGULADA 1:2 PARA CIRURGIA;2017;2024;5;1370.0;1946.0;42.04;44.44;-1.66;➡️ Neutro — acompanhou o IPCA
TECIDO FELTRO ROSA PINK;2017;2021;4;13.65;16.7;22.34;24.48;-1.68;➡️ Neutro — acompanhou o IPCA
TECIDO FELTRO VERMELHO;2017;2021;4;13.65;16.7;22.34;24.48;-1.68;➡️ Neutro — acompanhou o IPCA
PASTA POLIONDA MÉDIA;2018;2020;3;1.35;1.45;7.41;9.02;-1.68;➡️ Neutro — acompanhou o IPCA
TECIDO FELTRO BRANCO LISO;2017;2021;4;13.65;16.7;22.34;24.48;-1.68;➡️ Neutro — acompanhou o IPCA
BRANCO ACABAMENTO ESM SINT AUTOMOTIVO 3,6L;2015;2021;4;86.65;116.0;33.88;36.22;-1.71;➡️ Neutro — acompanhou o IPCA
SULFATO FERROSO 125MG/ML SOLUÇÃO ORAL, FRASCO 30ML.;2019;2024;5;0.69;0.9;30.43;33.47;-1.72;➡️ Neutro — acompanhou o IPCA
ESTROGÊNIOS CONJUGADOS 0,625MG CPR, EM BLISTER.;2019;2024;4;0.68;0.9;31.39;33.47;-1.72;➡️ Neutro — acompanhou o IPCA
NUTRIÇÃO ENTERAL, EM PÓ, À BASE DE PROTEÍNA ISOLADA DE SOJA;2017;2019;3;43.26;46.0;6.33;8.22;-1.73;➡️ Neutro — acompanhou o IPCA
SULFATO FERROSO 25MG/ML XAROPE 120ML;2016;2020;3;1.2;1.38;14.91;16.45;-1.77;➡️ Neutro — acompanhou o IPCA
LEVOMEPROMAZINA 100 MG;2016;2019;3;0.59;0.65;10.17;11.41;-1.79;➡️ Neutro — acompanhou o IPCA
PROGRAMADOR HORARIO DIGITAL DIN 220V;2019;2022;3;74.85;89.45;19.51;21.69;-1.8;➡️ Neutro — acompanhou o IPCA
MONITOR;2016;2023;5;804.33;1120.0;39.25;41.85;-1.83;➡️ Neutro — acompanhou o IPCA
DISPENSER PARA SABONETE LÍQUIDO OU ALCOOL EM GEL;2016;2019;3;26.5;28.98;9.36;11.41;-1.85;➡️ Neutro — acompanhou o IPCA
PAPEL HIGIÊNICO ROLÃO;2018;2021;4;31.0;36.5;17.74;19.99;-1.9;➡️ Neutro — acompanhou o IPCA
GARFO DESCARTAVEL SOBREMESA;2020;2024;5;4.5;5.64;25.33;27.7;-1.92;➡️ Neutro — acompanhou o IPCA
DEXCLORFENIRAMINA + BETAMETASONA 2MG+0,25MG/5ML 120ML;2016;2019;3;2.7;2.95;9.26;11.41;-1.97;➡️ Neutro — acompanhou o IPCA
"NOTEBOOK;";2018;2024;6;4066.33;5550.0;36.49;39.22;-1.97;➡️ Neutro — acompanhou o IPCA
AZUL DE METILENO CHIMIOLUX 0,01%.;2020;2024;4;106.5;133.33;25.19;27.7;-1.98;➡️ Neutro — acompanhou o IPCA
FITA MATRIZ POLIÉSTER TRANSPARENTE 10 X 120 X 0,05 MM;2015;2019;3;0.97;1.13;16.49;18.42;-2.06;➡️ Neutro — acompanhou o IPCA
ORGANIZADOR MULTI USO 20 LITROS.;2019;2024;3;34.5;45.1;30.72;33.47;-2.06;➡️ Neutro — acompanhou o IPCA
ETILEFRINA 10MG/ML INJ 1ML;2016;2019;3;1.03;1.13;9.71;11.41;-2.06;➡️ Neutro — acompanhou o IPCA
RAÇÃO BALANCEADA PARA CAES FILHOTES;2015;2018;3;3.85;4.28;11.17;13.53;-2.08;➡️ Neutro — acompanhou o IPCA
FERMENTO QUÍMICO EM PÓ;2015;2023;4;16.25;23.99;47.63;50.77;-2.09;➡️ Neutro — acompanhou o IPCA
SUPORTE PARA INSTALAÇÃO E FIXAÇÃO DE 03 LUMINÁRIAS EM TOPO D;2015;2020;5;73.11;88.56;21.13;23.77;-2.13;➡️ Neutro — acompanhou o IPCA
ACIDO NICOTÍNICO 500MG CPR;2016;2019;3;1.49;1.62;8.72;11.41;-2.14;➡️ Neutro — acompanhou o IPCA
JUNÇÃO ESGOTO Y  75 X 50MM;2015;2021;6;6.0;8.0;33.33;36.22;-2.17;➡️ Neutro — acompanhou o IPCA
PANO DE LOUÇA PARA COPA;2015;2024;7;3.65;5.65;54.79;58.06;-2.19;➡️ Neutro — acompanhou o IPCA
CATETER INTRAVENOSO N°18 G;2018;2021;4;1.56;1.83;17.31;19.99;-2.19;➡️ Neutro — acompanhou o IPCA
KIT CIRCUITO POTENCIA VCF/ CLASS RELE ESTADO SOLIDO/ FIAÇÃO P/ SUPORTE EXTRUDADO;2022;2024;3;858.83;921.3;7.27;9.68;-2.19;➡️ Neutro — acompanhou o IPCA
LINGUIÇA SUÍNA;2015;2017;3;10.74;11.5;7.03;9.43;-2.19;➡️ Neutro — acompanhou o IPCA
CONECTOR PERFURANTE (PIERCING) 10/70MM;2015;2023;7;3.01;4.44;47.62;50.77;-2.21;➡️ Neutro — acompanhou o IPCA
INTER. EMB 1 TEC-SIMPLES C/TOM. DIST 033-ES;2015;2021;5;8.8;11.71;33.07;36.22;-2.27;➡️ Neutro — acompanhou o IPCA
TORNEIRA METAL P/ PIA ¾ SIMPLES;2015;2018;4;49.8;55.24;10.92;13.53;-2.3;➡️ Neutro — acompanhou o IPCA
CEFALEXINA 250 MG SUSP. ORAL 60 ML;2016;2020;4;5.45;6.2;13.76;16.45;-2.34;➡️ Neutro — acompanhou o IPCA
CABO DVIXDVI 1,8 M;2016;2022;5;23.94;31.69;32.37;35.58;-2.35;➡️ Neutro — acompanhou o IPCA
REQUISIÇÃO DE GÁS;2016;2019;4;4.05;4.4;8.64;11.41;-2.36;➡️ Neutro — acompanhou o IPCA
PONTA DE ULTRASSON E2D - (ROSCA EXTERNA);2020;2024;4;170.0;211.94;24.67;27.7;-2.37;➡️ Neutro — acompanhou o IPCA
JARRA;2016;2019;3;6.71;7.29;8.64;11.41;-2.38;➡️ Neutro — acompanhou o IPCA
MICROMOTOR ELÉTRICO LB100;2015;2018;3;523.45;580.0;10.8;13.53;-2.4;➡️ Neutro — acompanhou o IPCA
GÁS PARA MAÇARICO;2019;2025;3;41.0;55.68;35.8;39.16;-2.4;➡️ Neutro — acompanhou o IPCA
ARAME GALVANIZADO COM BITOLA DE N° 14 (2,10MM) PARA AMARRAÇÃ;2015;2018;4;9.47;10.5;10.82;13.53;-2.43;➡️ Neutro — acompanhou o IPCA
LÂMINA DE BISTURI DESCARTÁVEL Nº. 20.;2019;2021;3;28.5;31.99;12.25;15.03;-2.45;➡️ Neutro — acompanhou o IPCA
TORNEIRA PARA LAVATÓRIO DE MESA;2018;2021;3;115.01;134.6;17.03;19.99;-2.46;➡️ Neutro — acompanhou o IPCA
LAVATORIO SEM COLUNA  (LOUCA BRANCA).;2015;2018;4;39.4;43.62;10.71;13.53;-2.47;➡️ Neutro — acompanhou o IPCA
MINI DISJUNTOR 1P  25A;2016;2020;3;4.73;5.37;13.53;16.45;-2.47;➡️ Neutro — acompanhou o IPCA
TIP PERIO SUPRA;2021;2024;3;55.0;62.24;13.16;16.03;-2.48;➡️ Neutro — acompanhou o IPCA
TUBO ELETRODUTO PVC 1.1/2         (BR 3M);2015;2018;4;19.68;21.78;10.7;13.53;-2.49;➡️ Neutro — acompanhou o IPCA
MACADAME (OU BRITA Nº 04) - INCLUSO FRETE;2021;2025;5;32.0;37.75;17.97;20.97;-2.49;➡️ Neutro — acompanhou o IPCA
AAS - ACIDO ACETILSALICILICO TAMPONADO 100MG MICROEMCAPSULAD;2018;2020;3;0.45;0.48;6.67;9.02;-2.5;➡️ Neutro — acompanhou o IPCA
CLONAZEPAM 2,5 MG/ML 20ML;2016;2020;5;1.26;1.43;13.49;16.45;-2.52;➡️ Neutro — acompanhou o IPCA
AC ELETRICO P/ TORNEIRA HIGIPRATIC 220V;2022;2025;3;192.91;215.0;11.45;14.35;-2.53;➡️ Neutro — acompanhou o IPCA
SERVICOS;2018;2020;3;72.0;76.5;6.25;9.02;-2.54;➡️ Neutro — acompanhou o IPCA
ISOSSORBIDA, MONONITRATO 50MG RET CPR;2016;2019;3;1.66;1.8;8.17;11.41;-2.56;➡️ Neutro — acompanhou o IPCA
RACHAO;2016;2019;3;29.5;32.0;8.47;11.41;-2.61;➡️ Neutro — acompanhou o IPCA
ACETATO DE MEDROXIPROGESTERONA 150MG/ML - FRASCO AMPOLA 1 ML;2016;2020;4;8.9;10.08;13.31;16.45;-2.63;➡️ Neutro — acompanhou o IPCA
BROMETO DE N-BUTIL ESCOPOLAMINA 20 MG SOL INJ. 1ML;2016;2019;3;0.81;0.88;8.89;11.41;-2.63;➡️ Neutro — acompanhou o IPCA
TROMPETE;2019;2025;3;697.0;944.33;35.48;39.16;-2.64;➡️ Neutro — acompanhou o IPCA
GRÃO DE BICO;2018;2024;5;8.1;10.97;35.43;39.22;-2.66;➡️ Neutro — acompanhou o IPCA
REATOR EXTERNO AFP 0,93 PARA LÂMPADA VAPOR DE SÓDIO 400W;2018;2020;3;71.89;76.25;6.06;9.02;-2.7;➡️ Neutro — acompanhou o IPCA
SONDA ASPIRAÇÃO TRAQUEAL Nº 08 EM PVC, DESCARTÁVEL;2015;2021;6;0.37;0.49;32.16;36.22;-2.7;➡️ Neutro — acompanhou o IPCA
CARTUCHO HP CC640WL PRETO HP 60  4,5ML;2018;2022;5;89.0;109.9;23.48;26.94;-2.72;➡️ Neutro — acompanhou o IPCA
CANUDINHO DE MAIONESE;2022;2024;3;11.5;12.27;6.7;9.68;-2.76;➡️ Neutro — acompanhou o IPCA
PAPEL HIGIÊNICO 30M.;2018;2023;4;48.8;62.99;29.08;32.8;-2.79;➡️ Neutro — acompanhou o IPCA
BROCA Nº 701 PARA PEÇA DE MÃO;2020;2025;5;7.0;9.06;29.43;33.14;-2.83;➡️ Neutro — acompanhou o IPCA
FERRO CHATO 1 X 3/16 6M;2015;2018;4;24.75;27.3;10.3;13.53;-2.85;➡️ Neutro — acompanhou o IPCA
FITA PARA DEMARCACAO AMARELA/PRETA 70X100MT;2015;2018;3;6.3;6.95;10.32;13.53;-2.86;➡️ Neutro — acompanhou o IPCA
ELÁSTICO SEPARADOR ANEL VERDE;2020;2025;5;10.34;13.36;29.21;33.14;-2.87;➡️ Neutro — acompanhou o IPCA
PRANCHA DE EUCALIPTO BRUTA SECA;2018;2023;4;1048.5;1352.33;28.98;32.8;-2.88;➡️ Neutro — acompanhou o IPCA
LAMPARINA DE INOX;2015;2019;4;37.18;42.76;15.01;18.42;-2.88;➡️ Neutro — acompanhou o IPCA
CATETER INTRAVENOSO N°20 G;2018;2021;4;1.57;1.83;16.56;19.99;-2.9;➡️ Neutro — acompanhou o IPCA
ACEBROFILINA 50MG/5ML;2016;2020;4;3.67;4.15;13.08;16.45;-2.9;➡️ Neutro — acompanhou o IPCA
BAMIFILINA 300MG CPR;2016;2019;3;1.1;1.18;7.95;11.41;-2.91;➡️ Neutro — acompanhou o IPCA
BROMETO DE N-BUTIL ESCOPOLAMINA + DIPIRONA 4MG+500MG SOL INJ;2016;2019;3;1.1;1.18;7.27;11.41;-2.91;➡️ Neutro — acompanhou o IPCA
CX. COPO DESC. 180ML, C/2500 UN.;2018;2021;3;85.0;99.0;16.47;19.99;-2.93;➡️ Neutro — acompanhou o IPCA
COLA BRANCA NÃO TOXICA;2018;2023;6;1.16;1.5;29.31;32.8;-2.94;➡️ Neutro — acompanhou o IPCA
PROTETOR OCULAR ADULTO;2016;2024;7;10.37;14.97;44.36;48.71;-2.97;➡️ Neutro — acompanhou o IPCA
CAIXA DE ARQUIVO MORTO.;2015;2024;5;2.35;3.6;53.19;58.06;-2.98;➡️ Neutro — acompanhou o IPCA
PINCEL APLICADOR MICRO BRUSH PONTA REGULAR;2020;2025;5;7.0;9.04;29.14;33.14;-3.0;➡️ Neutro — acompanhou o IPCA
KIT CILINDRO DE OXIGÊNIO PORTÁTIL 3L COM BOLSA;2021;2023;3;1210.0;1298.85;7.34;10.68;-3.02;➡️ Neutro — acompanhou o IPCA
RECEITUÁRIO B1;2018;2022;4;0.37;0.46;24.32;26.94;-3.03;➡️ Neutro — acompanhou o IPCA
LEVOCETIRIZINA 5MG CPR;2016;2019;3;1.75;1.89;8.0;11.41;-3.03;➡️ Neutro — acompanhou o IPCA
SULFATO DE MORFINA 10 MG;2016;2019;3;0.35;0.38;7.34;11.41;-3.03;➡️ Neutro — acompanhou o IPCA
NISTATINA 100.000UI 50ML SOL. ORAL;2018;2020;3;2.99;3.15;5.35;9.02;-3.04;➡️ Neutro — acompanhou o IPCA
MINI DISJUNTOR 3P  50A;2016;2020;3;28.9;32.62;12.87;16.45;-3.05;➡️ Neutro — acompanhou o IPCA
BAMIFILINA 600MG CPR;2016;2019;3;1.74;1.88;8.33;11.41;-3.05;➡️ Neutro — acompanhou o IPCA
SALMETEROL + FLUTICASONA 25MCG+250MCG MINIMO 120 DOSES;2016;2019;3;150.79;162.8;7.96;11.41;-3.09;➡️ Neutro — acompanhou o IPCA
PAPEL FILME PVC. ROLO 30M.;2015;2024;3;3.88;5.95;53.35;58.06;-3.09;➡️ Neutro — acompanhou o IPCA
SALMETEROL + FLUTICASONA 25MCG+125MCG MINIMO 120 DOSES;2016;2019;3;92.81;100.2;7.96;11.41;-3.1;➡️ Neutro — acompanhou o IPCA
SALMETEROL + FLUTICASONA 25MCG+50MCG MINIMO 120 DOSES;2016;2019;3;77.9;84.1;7.96;11.41;-3.1;➡️ Neutro — acompanhou o IPCA
DEXCLORFENIRAMINA 2MG/5ML 120ML;2016;2020;4;1.02;1.15;12.75;16.45;-3.12;➡️ Neutro — acompanhou o IPCA
SERINGA 60ML, SEM AGULHA;2018;2021;4;1.8;2.1;16.67;19.99;-3.14;➡️ Neutro — acompanhou o IPCA
FÍGADO BOVINO;2015;2017;3;10.8;11.45;6.02;9.43;-3.15;➡️ Neutro — acompanhou o IPCA
TESOURA CIRÚRGICA MAYO RETA 14CM;2020;2025;5;25.0;32.23;28.92;33.14;-3.17;➡️ Neutro — acompanhou o IPCA
DABIGATRANA 110MG;2016;2019;3;3.34;3.6;7.97;11.41;-3.18;➡️ Neutro — acompanhou o IPCA
PERMETRINA 50MG/ML LOÇÃO, FRASCO 60ML.;2019;2024;5;2.2;2.85;29.55;33.47;-3.23;➡️ Neutro — acompanhou o IPCA
BECLOMETASONA 250MCG/ML - 200 DOSES AEROSSOL ORAL 10ML.;2019;2021;3;23.95;26.65;11.27;15.03;-3.26;➡️ Neutro — acompanhou o IPCA
CARTUCHO HP C9352AB 22 (5 ML COLOR);2018;2023;6;123.0;158.0;28.46;32.8;-3.27;➡️ Neutro — acompanhou o IPCA
VITAMINAS DO COMPLEXO B SOL INJ. 2 ML;2016;2020;4;0.65;0.74;13.08;16.45;-3.28;➡️ Neutro — acompanhou o IPCA
AÇUCAR MASCAVO 1KG;2019;2023;5;9.39;11.56;23.16;27.32;-3.28;➡️ Neutro — acompanhou o IPCA
PILHAS ALCALINAS C;2016;2020;5;10.03;11.3;12.66;16.45;-3.28;➡️ Neutro — acompanhou o IPCA
ITRACONAZOL 100MG CPR;2016;2020;4;0.64;0.72;11.99;16.45;-3.33;➡️ Neutro — acompanhou o IPCA
SWITCH DE 16 PORTAS 10/100;2016;2018;3;305.05;314.93;3.24;6.81;-3.34;➡️ Neutro — acompanhou o IPCA
FONTE PARA NOTEBOOK;2016;2020;3;79.0;88.9;12.53;16.45;-3.35;➡️ Neutro — acompanhou o IPCA
TIORIDAZINA 100MG CPR;2016;2019;3;0.63;0.67;7.03;11.41;-3.39;➡️ Neutro — acompanhou o IPCA
PONTA DE ULTRASSON E18 - (ROSCA EXTERNA);2020;2024;4;138.0;170.22;23.35;27.7;-3.42;➡️ Neutro — acompanhou o IPCA
BUCHA DE REDUÇÃO PVC CURTA SOLD. 60 X 50 MM,NBR 5648.;2015;2021;6;4.07;5.35;31.45;36.22;-3.44;➡️ Neutro — acompanhou o IPCA
MIKANIA GLOMERATA SEM AÇUCAR 120ML;2016;2019;3;1.85;1.99;7.57;11.41;-3.45;➡️ Neutro — acompanhou o IPCA
OLMESARTANA MEDOXOMILA 40MG CPR;2016;2019;3;0.93;1.0;7.53;11.41;-3.45;➡️ Neutro — acompanhou o IPCA
ESPONJA HEMOSTÁTICA;2015;2025;8;18.24;29.0;58.99;64.79;-3.51;➡️ Neutro — acompanhou o IPCA
RECARGA EXTINTOR PQS BC 06 KG;2015;2023;7;35.0;50.91;45.45;50.77;-3.54;➡️ Neutro — acompanhou o IPCA
REFRIGERADOR DUPLEX FROST FREE.;2022;2025;3;3489.0;3847.6;10.28;14.35;-3.56;➡️ Neutro — acompanhou o IPCA
NORETISTERONA 0,35MG;2015;2018;3;0.14;0.15;6.86;13.53;-3.57;➡️ Neutro — acompanhou o IPCA
CATETER INTRAVENOSO N°22 G;2018;2021;4;1.58;1.83;15.82;19.99;-3.6;➡️ Neutro — acompanhou o IPCA
PONTA DE ULTRASSON E10;2019;2024;3;132.3;170.22;28.66;33.47;-3.61;➡️ Neutro — acompanhou o IPCA
"TOMADA 2P+T 10A, 250V, CONJUNTO MONTADO PARA EMBUTIR 4"" X 2"" (PLACA + SUPORTE + MODULO)";2021;2023;3;7.7;8.21;6.62;10.68;-3.63;➡️ Neutro — acompanhou o IPCA
PERMETRINA 10MG/ML LOÇÃO 60ML;2015;2020;6;1.1;1.31;19.09;23.77;-3.64;➡️ Neutro — acompanhou o IPCA
CIMETIDINA 300 MG SOL INJ. 2 ML;2016;2019;3;0.59;0.63;7.34;11.41;-3.64;➡️ Neutro — acompanhou o IPCA
SABONETE LIQUIDO 5 LTS;2021;2024;3;17.8;19.9;11.8;16.03;-3.67;➡️ Neutro — acompanhou o IPCA
FLUCONAZOL 150MG CAPSULA.;2019;2024;5;0.32;0.42;31.0;33.47;-3.7;➡️ Neutro — acompanhou o IPCA
CANETA ULTRA SOM SCHUSTER;2016;2018;3;731.67;752.5;2.85;6.81;-3.71;➡️ Neutro — acompanhou o IPCA
BOLSA DE ATENDIMENTO PRÉ-HOSPITALAR;2018;2023;6;180.0;230.0;27.78;32.8;-3.78;➡️ Neutro — acompanhou o IPCA
SABÃO EM BARRA GLICERINADO DE 200 GRAMAS;2018;2021;3;7.8;9.0;15.38;19.99;-3.78;➡️ Neutro — acompanhou o IPCA
BOLETIM DE OCORRÊNCIA ACIDENTE DE TRÂNSITO;2018;2021;3;10.4;12.0;15.38;19.99;-3.82;➡️ Neutro — acompanhou o IPCA
DADOS DOS ENVOLVIDOS E DOS VEÍCULOS;2018;2021;3;10.4;12.0;15.38;19.99;-3.82;➡️ Neutro — acompanhou o IPCA
CONSTATAÇÃO DE ACIDENTE DE TRÂNSITO;2018;2021;3;10.4;12.0;15.38;19.99;-3.82;➡️ Neutro — acompanhou o IPCA
PNEU NOVO 20,5X25 L3 20 LONAS;2016;2021;3;9250.0;11400.0;23.24;28.16;-3.84;➡️ Neutro — acompanhou o IPCA
RIFAMICINA 10MG/ML 20ML;2016;2019;3;2.49;2.66;6.83;11.41;-3.85;➡️ Neutro — acompanhou o IPCA
VALVUAL ANTI VACUO MOD NOVO  DIGITALE;2022;2024;3;146.4;154.3;5.39;9.68;-3.91;➡️ Neutro — acompanhou o IPCA
GINKGO BILOBA 120MG CPR;2016;2019;3;0.54;0.58;7.41;11.41;-3.92;➡️ Neutro — acompanhou o IPCA
SERINGA TRIPLICE IMPORTADA OLSEN;2018;2025;6;113.95;158.9;39.45;45.15;-3.93;➡️ Neutro — acompanhou o IPCA
FIO AGULHADO NYLON PRETO 3.0 /EP2;2020;2023;3;29.9;35.0;17.06;21.81;-3.93;➡️ Neutro — acompanhou o IPCA
MANOPLA 7/8 PARA CADEIRA DE RODAS;2021;2023;3;9.97;10.6;6.32;10.68;-3.96;➡️ Neutro — acompanhou o IPCA
FIAT PALIO WEEK.(13 - ) ATTRACTIVE 1.4MPI 8V FLEX 2015 – 2020;2021;2023;3;39.05;41.5;6.27;10.68;-3.97;➡️ Neutro — acompanhou o IPCA
ELÁSTICO INTRAORAL LÁTEX 1/2 - MÉDIO.;2020;2025;3;9.0;11.5;27.78;33.14;-3.99;➡️ Neutro — acompanhou o IPCA
SERRA AÇO 1/2X12;2015;2018;4;3.0;3.27;9.0;13.53;-4.0;➡️ Neutro — acompanhou o IPCA
ESOMEPRAZOL 20MG CP;2016;2019;3;0.27;0.28;5.56;11.41;-4.0;➡️ Neutro — acompanhou o IPCA
ESPANADOR ELETROSTÁTICO;2020;2024;4;20.4;25.0;22.55;27.7;-4.0;➡️ Neutro — acompanhou o IPCA
TONER PRETO HP COLOR LASERJET PRO MFP M177FW ORIGINAL;2019;2024;5;369.2;472.99;28.11;33.47;-4.02;➡️ Neutro — acompanhou o IPCA
TROPICAMIDA 1% SOLUÇÃO OFTALMICA, FRASCO 5ML.;2019;2023;4;9.69;11.83;22.08;27.32;-4.03;➡️ Neutro — acompanhou o IPCA
HIDROXIDO DE ALUMINIO + HIDROXIDO DE MAGNESIO 60MG+40MG/ML;2016;2019;3;1.8;1.92;6.67;11.41;-4.14;➡️ Neutro — acompanhou o IPCA
LEVODOPA 100MG + BENSERAZIDA 25MG HBS;2015;2018;3;1.2;1.31;8.94;13.53;-4.17;➡️ Neutro — acompanhou o IPCA
CEFALEXINA 500 MG CÁPSULAS / COMPRIMIDOS;2018;2020;3;0.27;0.28;3.85;9.02;-4.17;➡️ Neutro — acompanhou o IPCA
LEVODOPA 100MG + BENSERAZIDA 25MG COMPRIMIDO DISPERSIVEL;2015;2018;3;1.2;1.31;8.94;13.53;-4.17;➡️ Neutro — acompanhou o IPCA
TOUCA DESCARTÁVEL.;2018;2022;3;5.67;6.89;21.52;26.94;-4.21;➡️ Neutro — acompanhou o IPCA
PREGO COM CABEÇA 16X21,PACOTE DE 01 KG;2015;2018;4;8.99;9.78;8.73;13.53;-4.23;➡️ Neutro — acompanhou o IPCA
CANALETA X50X20X2000;2015;2018;4;9.2;10.0;8.7;13.53;-4.24;➡️ Neutro — acompanhou o IPCA
"DISJUNTOR TERMOMAGNÉTICO MONOFÁSICO;CERTIFICADO CONFORME NOR";2015;2017;3;6.75;7.07;4.74;9.43;-4.3;➡️ Neutro — acompanhou o IPCA
TACA DE BORRACHA;2015;2019;3;0.93;1.05;12.9;18.42;-4.3;➡️ Neutro — acompanhou o IPCA
ÁLCOOL ETÍLICO EM GEL 70% (70 INPM);2018;2021;4;4.22;4.85;14.93;19.99;-4.3;➡️ Neutro — acompanhou o IPCA
FERMENTO BIOLÓGICO EM PÓ SECO E INSTANTÂNEO;2015;2022;6;24.96;34.42;37.9;44.11;-4.33;➡️ Neutro — acompanhou o IPCA
AUTO DE INFRACAO DE TRANSITO;2018;2021;3;12.2;14.0;14.75;19.99;-4.37;➡️ Neutro — acompanhou o IPCA
VASELINA.;2015;2021;3;15.7;20.44;30.19;36.22;-4.39;➡️ Neutro — acompanhou o IPCA
ALMOTOLIA DE USO MÉDICO-HOSPITALAR TRANSPARENTE;2019;2024;4;2.15;2.75;27.91;33.47;-4.4;➡️ Neutro — acompanhou o IPCA
CENOURA;2015;2025;9;2.78;4.38;57.46;64.79;-4.41;➡️ Neutro — acompanhou o IPCA
IBUPROFENO 50MG/ML 30ML SUSP ORAL;2016;2019;3;0.96;1.02;6.25;11.41;-4.44;➡️ Neutro — acompanhou o IPCA
ETOMIDATO 2MG/ML, INJETÁVEL, AMPOLA 10ML.;2019;2024;5;9.34;11.92;27.62;33.47;-4.44;➡️ Neutro — acompanhou o IPCA
FÓRCEPS Nº18 L;2015;2024;4;37.7;56.94;51.03;58.06;-4.46;➡️ Neutro — acompanhou o IPCA
FITA ISOLANTE 20MTS BRANCA;2016;2022;3;3.81;4.93;29.43;35.58;-4.47;➡️ Neutro — acompanhou o IPCA
FITA ISOLANTE 20MTS VERMELHO;2016;2022;3;3.8;4.93;29.77;35.58;-4.47;➡️ Neutro — acompanhou o IPCA
FITA ISOLANTE 20MTS AZUL;2016;2022;3;3.81;4.93;29.43;35.58;-4.47;➡️ Neutro — acompanhou o IPCA
FITA ISOLANTE 20MTS AMARELO;2016;2022;3;3.81;4.93;29.43;35.58;-4.47;➡️ Neutro — acompanhou o IPCA
DICLOFENACO DIETILAMONIO 10,5MG/G 60GR;2016;2020;4;2.6;2.9;11.54;16.45;-4.49;➡️ Neutro — acompanhou o IPCA
BISOPROLOL 5MG CPR;2018;2020;3;0.24;0.26;7.59;9.02;-4.55;➡️ Neutro — acompanhou o IPCA
CLORIDRATO DE HIDRALAZINA 25MG;2016;2020;4;0.23;0.26;13.12;16.45;-4.55;➡️ Neutro — acompanhou o IPCA
BUPIVACAÍNA 0,25% COM VASOCONSTRITOR FRASCO COM 20 ML (EMBAL;2018;2020;3;21.59;22.45;3.98;9.02;-4.63;➡️ Neutro — acompanhou o IPCA
LIDOCAINA  GEL 2% 30 G;2018;2020;3;2.2;2.29;4.09;9.02;-4.64;➡️ Neutro — acompanhou o IPCA
ARGAMASSA ACIII CERÂMICA EXTERNA;2018;2021;3;15.12;17.3;14.42;19.99;-4.65;➡️ Neutro — acompanhou o IPCA
DIACEREINA 50MG CPR;2016;2019;3;3.2;3.4;6.25;11.41;-4.65;➡️ Neutro — acompanhou o IPCA
ACABAMENTO DO SUP. DA RESIST. SELADORA PLUS;2022;2024;3;43.03;45.0;4.57;9.68;-4.66;➡️ Neutro — acompanhou o IPCA
FILME PERIAPICAL ADULTO E-SPEED - ULTRA RAPIDO;2020;2024;4;131.47;160.0;21.7;27.7;-4.7;➡️ Neutro — acompanhou o IPCA
SAPATO DE SEGURANÇA.;2018;2024;4;67.0;88.9;32.69;39.22;-4.71;➡️ Neutro — acompanhou o IPCA
RECARGA EXTINTOR PQS BC 04 KG;2015;2023;7;30.0;43.09;43.62;50.77;-4.73;➡️ Neutro — acompanhou o IPCA
PRAMIPEXOL 0,125MG CPR;2016;2019;3;0.44;0.48;7.8;11.41;-4.76;➡️ Neutro — acompanhou o IPCA
PONTA DE ULTRASSON E1;2019;2024;3;132.3;168.18;27.12;33.47;-4.76;➡️ Neutro — acompanhou o IPCA
ASSESSORIA TÉCNICA NAS ÁREAS CONTÁBIL, ADMINISTRATIVA E OPER;2015;2019;4;125.9;142.0;12.79;18.42;-4.76;➡️ Neutro — acompanhou o IPCA
CATETER INTRAVENOSO N°24 G;2018;2021;4;1.66;1.89;13.86;19.99;-4.79;➡️ Neutro — acompanhou o IPCA
DESLANOSÍDEO  0,2 MG SOL INJ. 2 ML;2016;2019;3;1.33;1.41;6.11;11.41;-4.8;➡️ Neutro — acompanhou o IPCA
UVA;2016;2024;4;11.45;16.2;41.48;48.71;-4.83;➡️ Neutro — acompanhou o IPCA
ANEL VEDAÇÃO SILICONE VT21/PLENA 70A75 SHORE;2016;2020;3;93.44;103.54;10.81;16.45;-4.83;➡️ Neutro — acompanhou o IPCA
PASTA PROCESSO ADMINISTRATIVO;2018;2021;3;0.7;0.8;14.29;19.99;-4.84;➡️ Neutro — acompanhou o IPCA
NOBREAK 600VA;2023;2025;3;394.25;410.0;4.0;9.3;-4.85;➡️ Neutro — acompanhou o IPCA
CHAPEU DE PALHA ABA LONGA;2018;2021;4;12.17;13.9;14.22;19.99;-4.85;➡️ Neutro — acompanhou o IPCA
SOLENOIDE 220V 9W;2019;2023;5;115.0;139.2;21.04;27.32;-4.92;➡️ Neutro — acompanhou o IPCA
LUVA SOLDÁVEL 60MM;2015;2021;6;8.1;10.49;29.51;36.22;-4.94;➡️ Neutro — acompanhou o IPCA
MEMÓRIA DDR4 8GB;2018;2022;3;489.0;590.0;20.65;26.94;-4.95;➡️ Neutro — acompanhou o IPCA
LIXEIRA PLÁSTICA CAP 97L;2018;2021;3;65.0;74.1;14.0;19.99;-4.98;➡️ Neutro — acompanhou o IPCA
QUETIAPINA 100MG CPR;2016;2019;3;0.42;0.44;5.2;11.41;-5.0;✅ Boa gestão — ficou abaixo do IPCA
LÂMPADA FLUORESCENTE TUBULAR T8 15W 220V;2020;2022;3;18.0;19.9;10.56;16.43;-5.02;✅ Boa gestão — ficou abaixo do IPCA
TOMADA ARTIS BCA 3P  20A;2016;2020;3;5.7;6.3;10.53;16.45;-5.04;✅ Boa gestão — ficou abaixo do IPCA
DESJEJUM (CAFÉ DA MANHÃ);2020;2025;5;11.5;14.54;26.43;33.14;-5.06;✅ Boa gestão — ficou abaixo do IPCA
CLORETO DE SÓDIO 0,9%, SOLUÇÃO NASAL, FRASCO 30ML.;2019;2024;5;0.7;0.88;25.34;33.47;-5.08;✅ Boa gestão — ficou abaixo do IPCA
CANETA JATO DE PO (2007);2017;2025;6;350.0;500.0;42.86;50.59;-5.13;✅ Boa gestão — ficou abaixo do IPCA
MOP ÚMIDO (REFIL);2018;2024;4;8.82;11.65;32.09;39.22;-5.15;✅ Boa gestão — ficou abaixo do IPCA
GERGELIM EM GRÃOS;2018;2023;4;25.6;32.24;25.94;32.8;-5.19;✅ Boa gestão — ficou abaixo do IPCA
SPRAY CONGELANTE -50º / 200ML PARA TESTE DE VITALIDADE PULPA;2020;2025;5;23.38;29.51;26.22;33.14;-5.19;✅ Boa gestão — ficou abaixo do IPCA
JOELHO 90 GRAUS SOLDAVEL 40MM;2017;2021;3;1.89;2.24;18.52;24.48;-5.2;✅ Boa gestão — ficou abaixo do IPCA
PLOTAGEM PRETO/BRANCO;2015;2022;3;6.15;8.4;36.59;44.11;-5.2;✅ Boa gestão — ficou abaixo do IPCA
ANESTÉSICO TÓPICO GEL;2019;2025;4;6.11;8.05;31.75;39.16;-5.23;✅ Boa gestão — ficou abaixo do IPCA
ETIQUETA IDENETIFICAÇÃO PONTO REDE;2015;2017;3;0.19;0.2;5.26;9.43;-5.26;✅ Boa gestão — ficou abaixo do IPCA
BATERIA RECARREGÁVEL 9V;2015;2018;4;20.0;21.5;7.5;13.53;-5.3;✅ Boa gestão — ficou abaixo do IPCA
NECTARINA - NAS ESCOLAS;2021;2024;3;6.43;7.06;9.8;16.03;-5.3;✅ Boa gestão — ficou abaixo do IPCA
REQUISIÇÃO DE ABASTECIMENTO;2016;2019;4;2.6;2.75;5.77;11.41;-5.31;✅ Boa gestão — ficou abaixo do IPCA
BOTA COMBATE A INCÊNDIO;2019;2021;3;799.0;870.0;8.89;15.03;-5.34;✅ Boa gestão — ficou abaixo do IPCA
RESINA FOTOPOLIMERIZAVEL INCISAL;2019;2025;6;36.5;48.07;31.7;39.16;-5.35;✅ Boa gestão — ficou abaixo do IPCA
LIMA C PILOT MANUAL 06 DE 25MM;2021;2025;4;24.89;28.5;14.5;20.97;-5.36;✅ Boa gestão — ficou abaixo do IPCA
ACIDO FOLINICO 15MG;2016;2020;4;0.99;1.09;10.3;16.45;-5.38;✅ Boa gestão — ficou abaixo do IPCA
SULFADIAZINA DE PRATA 1% CREME 50GR;2016;2020;4;3.54;3.9;10.11;16.45;-5.41;✅ Boa gestão — ficou abaixo do IPCA
LIMA C PILOT MANUAL 10 DE 21MM;2021;2025;4;24.9;28.5;14.46;20.97;-5.42;✅ Boa gestão — ficou abaixo do IPCA
POTENCIÔMETRO 10K A (LOG) COM HASTE DE FERRO COM CHAVE ON/OF;2020;2022;3;19.8;21.8;10.1;16.43;-5.44;✅ Boa gestão — ficou abaixo do IPCA
BLOCO DE RECADO AUTOADESIVO;2020;2024;3;1.82;2.2;20.88;27.7;-5.44;✅ Boa gestão — ficou abaixo do IPCA
REFORÇADOR DE MASSA - NA CENTRAL;2018;2021;3;10.4;11.79;13.37;19.99;-5.46;✅ Boa gestão — ficou abaixo do IPCA
ESTILETE PROFISSIONAL;2020;2024;3;4.95;5.98;20.81;27.7;-5.5;✅ Boa gestão — ficou abaixo do IPCA
SUCO NATURAL SABORES VARIADOS 1 LITRO;2015;2024;7;5.08;7.59;49.41;58.06;-5.51;✅ Boa gestão — ficou abaixo do IPCA
ORGANIZADOR DE MESA / PORTA LÁPIS E CLIPS;2020;2024;4;5.8;7.0;20.69;27.7;-5.54;✅ Boa gestão — ficou abaixo do IPCA
53 H37L 1 153 ARMATURE ASSY - LT (INDUZIDO);2022;2025;4;143.5;155.0;8.01;14.35;-5.54;✅ Boa gestão — ficou abaixo do IPCA
CLONIDINA 0,1MG CPR, EM BLISTER.;2019;2024;5;0.22;0.27;25.53;33.47;-5.56;✅ Boa gestão — ficou abaixo do IPCA
FICHA INDIVIDUAL DE NOTIFICAÇÃO DE LAQUEADURA TUBÁRIA E VASE;2018;2023;4;7.9;9.9;25.32;32.8;-5.6;✅ Boa gestão — ficou abaixo do IPCA
SOBRE LUVA PLÁSTICA DESCARTÁVEL;2020;2024;4;1.98;2.39;20.71;27.7;-5.63;✅ Boa gestão — ficou abaixo do IPCA
CADEADO EM LATÃO MACIÇO  30MM COM CHAVES;2015;2021;6;10.99;14.12;28.53;36.22;-5.64;✅ Boa gestão — ficou abaixo do IPCA
SHAMPOO AUTOMOTIVO;2016;2021;4;11.0;13.3;20.91;28.16;-5.7;✅ Boa gestão — ficou abaixo do IPCA
PÃO DE FORMA INTEGRAL;2018;2023;4;5.95;7.45;25.21;32.8;-5.73;✅ Boa gestão — ficou abaixo do IPCA
TE LR AZUL COM BUCHA METAL 25 X 3/4;2015;2021;6;5.99;7.69;28.46;36.22;-5.76;✅ Boa gestão — ficou abaixo do IPCA
LIMA TIPO K Nº 10 DE 31 MM;2015;2019;3;13.44;15.0;11.61;18.42;-5.77;✅ Boa gestão — ficou abaixo do IPCA
LIMA TIPO K Nº 10 DE 25 MM;2015;2019;4;13.44;15.0;11.61;18.42;-5.77;✅ Boa gestão — ficou abaixo do IPCA
LIMA TIPO K Nº 8 DE 21 MM;2015;2019;4;13.44;15.0;11.61;18.42;-5.77;✅ Boa gestão — ficou abaixo do IPCA
LIMA TIPO K Nº 10 DE 21 MM;2015;2019;4;13.44;15.0;11.61;18.42;-5.77;✅ Boa gestão — ficou abaixo do IPCA
APARELHO TELEFONICO S/ FIO;2018;2021;4;115.0;130.0;13.04;19.99;-5.79;✅ Boa gestão — ficou abaixo do IPCA
FITA ISOLANTE DE ALTA FUSÃO PVC;2018;2021;4;11.54;13.03;12.91;19.99;-5.81;✅ Boa gestão — ficou abaixo do IPCA
BIPERIDENO, CLORIDRATO 5MG/ML INJETÁVEL, AMPOLA 1ML.;2019;2024;4;1.83;2.31;26.23;33.47;-5.81;✅ Boa gestão — ficou abaixo do IPCA
ÓLEO DE SOJA REFINADO.;2015;2017;3;3.1;3.19;2.9;9.43;-5.81;✅ Boa gestão — ficou abaixo do IPCA
AUTO PARA COLETA DE ÁGUA PARA CONSUMO HUMANO;2018;2020;3;7.99;8.2;2.63;9.02;-5.82;✅ Boa gestão — ficou abaixo do IPCA
ROLAMENTO TALMAX 10X4X4;2022;2025;4;60.35;65.0;7.7;14.35;-5.83;✅ Boa gestão — ficou abaixo do IPCA
MANDIOCA (AIPIM);2018;2021;4;4.45;5.03;13.03;19.99;-5.87;✅ Boa gestão — ficou abaixo do IPCA
NORTRIPTILINA 50MG CPR;2016;2019;3;0.36;0.38;5.56;11.41;-5.88;✅ Boa gestão — ficou abaixo do IPCA
CUMEEIRA DE AMIANTO PARA TELHADO 6MM X 0,50 15º;2015;2021;6;33.9;43.45;28.17;36.22;-5.9;✅ Boa gestão — ficou abaixo do IPCA
AR 33 S/ ROLDANA.;2015;2018;4;25.85;27.61;6.81;13.53;-5.92;✅ Boa gestão — ficou abaixo do IPCA
BROCA DIAMANTADA PONTA DE CHAMA PEQUENA Nº 1111 FF;2019;2025;6;1.6;2.1;31.25;39.16;-5.93;✅ Boa gestão — ficou abaixo do IPCA
PASTA AZ;2015;2018;3;7.4;7.9;6.76;13.53;-5.95;✅ Boa gestão — ficou abaixo do IPCA
LUVA PLÁSTICA ESTÉRIL DESCARTÁVEL;2020;2024;4;7.49;9.0;20.16;27.7;-5.95;✅ Boa gestão — ficou abaixo do IPCA
DESODORIZADOR DE AR.;2016;2021;4;78.82;95.0;20.53;28.16;-5.96;✅ Boa gestão — ficou abaixo do IPCA
COLAGENASE 1,2 U/G 30G POMADA;2016;2019;3;9.8;10.27;4.8;11.41;-5.97;✅ Boa gestão — ficou abaixo do IPCA
VEÍCULO NOVO (0 KM) TIPO SEDAN COM CAPACIDADE PARA 05 PESS;2019;2021;3;83900.0;90750.0;8.16;15.03;-5.97;✅ Boa gestão — ficou abaixo do IPCA
ARAME GALVANIZADO COM BITOLA DE N° 16 (1,65MM) PARA AMARRAÇÃ;2015;2018;4;10.65;11.36;6.71;13.53;-6.01;✅ Boa gestão — ficou abaixo do IPCA
AGUA MINERAL COPO 200ML CX COM 48 UNIDADES;2015;2021;4;24.96;31.96;28.04;36.22;-6.01;✅ Boa gestão — ficou abaixo do IPCA
MINIDISJUNTOR MONOFÁSICO 25 A, CURVA C, PADRÃO IEC;2015;2023;7;3.83;5.43;41.78;50.77;-6.01;✅ Boa gestão — ficou abaixo do IPCA
MOCHO ODONTOLÓGICO;2016;2018;3;540.0;542.0;0.37;6.81;-6.03;✅ Boa gestão — ficou abaixo do IPCA
AREIA LAVADA TIPO GROSSA PARA APLICAÇÃO EM CONTRA-PISO;2015;2018;4;54.99;58.66;6.68;13.53;-6.04;✅ Boa gestão — ficou abaixo do IPCA
OLEO DIESEL S500;2015;2017;3;2.64;2.71;2.65;9.43;-6.06;✅ Boa gestão — ficou abaixo do IPCA
AREIA FINA S/ USO NA CONSTRUÇÃO CIVIL - INCLUSO FRETE;2021;2025;5;22.0;25.0;13.64;20.97;-6.07;✅ Boa gestão — ficou abaixo do IPCA
MESA ANTROPOMÉTRICA COM COLCHONETE;2015;2019;3;575.4;640.0;11.23;18.42;-6.07;✅ Boa gestão — ficou abaixo do IPCA
ANEL DE VEDACAO 21L SAEVO/GNATUS AZUL;2022;2024;3;130.6;134.5;2.98;9.68;-6.11;✅ Boa gestão — ficou abaixo do IPCA
ENVELOPE AUTO SELANTE 190X330MM;2020;2023;3;41.89;47.9;14.35;21.81;-6.14;✅ Boa gestão — ficou abaixo do IPCA
PLACA  ELETRONICA PARA DETECTOR FETAL DF 4000 MEDPEJ / MARTE;2018;2020;3;302.0;308.85;2.27;9.02;-6.19;✅ Boa gestão — ficou abaixo do IPCA
BOLO BRIGADEIRO;2015;2018;4;21.13;22.5;6.48;13.53;-6.2;✅ Boa gestão — ficou abaixo do IPCA
CUNHAS DE MADEIRA INTERDENTAL ANATÔMICAS;2015;2025;5;4.67;7.21;54.39;64.79;-6.21;✅ Boa gestão — ficou abaixo do IPCA
BLOCO DE CONCRETO MODELO PAVER/TIJOLINHO, COM 20 X 10 X 6 CM;2019;2025;7;30.65;40.0;30.51;39.16;-6.22;✅ Boa gestão — ficou abaixo do IPCA
SUPORTE VEICULAR 4,6,8,12 KLS;2015;2023;7;40.0;56.55;41.38;50.77;-6.23;✅ Boa gestão — ficou abaixo do IPCA
AGUA DESTILADA 5ML;2015;2019;5;0.16;0.18;12.18;18.42;-6.25;✅ Boa gestão — ficou abaixo do IPCA
CLORPROMAZINA 25 MG;2016;2020;4;0.17;0.19;11.76;16.45;-6.25;✅ Boa gestão — ficou abaixo do IPCA
APARELHO AR COND. SPLIT HI-WALL 30.000 BTU/H;2017;2024;3;4617.82;6250.5;35.36;44.44;-6.29;✅ Boa gestão — ficou abaixo do IPCA
REATOR VAPOR METALICO/SÓDIO 400W;2015;2018;4;89.0;94.66;6.35;13.53;-6.32;✅ Boa gestão — ficou abaixo do IPCA
JACK RJ 45 E FEMEA (QESTONE);2015;2018;4;8.0;8.5;6.25;13.53;-6.37;✅ Boa gestão — ficou abaixo do IPCA
CAIXA PARA CORRESPONDENCIA;2015;2020;4;25.45;29.5;15.91;23.77;-6.37;✅ Boa gestão — ficou abaixo do IPCA
FICHA DE ACOMPANHAMENTO DE FUNERAL;2016;2018;3;39.0;39.0;0.0;6.81;-6.38;✅ Boa gestão — ficou abaixo do IPCA
SABÃO DE CÔCO EM BARRA DE 200 GRAMAS;2018;2021;3;8.9;10.0;12.36;19.99;-6.38;✅ Boa gestão — ficou abaixo do IPCA
FRUTAS CRISTALIZADAS;2018;2023;5;12.27;15.26;24.37;32.8;-6.38;✅ Boa gestão — ficou abaixo do IPCA
PRETEADOR DE PNEU.;2016;2021;4;20.0;24.0;20.0;28.16;-6.38;✅ Boa gestão — ficou abaixo do IPCA
SONDA ASPIRAÇÃO TRAQUEAL Nº 16 EM PVC, DESCARTÁVEL;2015;2024;8;0.47;0.69;47.12;58.06;-6.38;✅ Boa gestão — ficou abaixo do IPCA
MESA AUXILIAR DE MAYO EM AÇO INOX;2018;2021;3;350.0;393.0;12.29;19.99;-6.42;✅ Boa gestão — ficou abaixo do IPCA
TINTA FUNDO ZARCÃO;2018;2021;3;45.0;50.5;12.22;19.99;-6.48;✅ Boa gestão — ficou abaixo do IPCA
CLORPROMAZINA, CLORIDRATO 40MG/ML GOTAS;2015;2018;3;4.31;4.58;6.26;13.53;-6.5;✅ Boa gestão — ficou abaixo do IPCA
MIKANIA GLOMERATA SPRENG, SEM AÇUCAR, FRASCO 120ML.;2019;2024;5;2.0;2.5;25.0;33.47;-6.51;✅ Boa gestão — ficou abaixo do IPCA
TICLOPIDINA 250MG CPR;2016;2019;3;0.49;0.51;5.26;11.41;-6.52;✅ Boa gestão — ficou abaixo do IPCA
SACO PLÁSTICO DE LIXO 50 LITROS.;2018;2021;3;7.99;8.97;12.27;19.99;-6.53;✅ Boa gestão — ficou abaixo do IPCA
RACHÃO (OU BRITA Nº 05) - INCLUSO FRETE;2021;2025;5;32.3;36.5;13.0;20.97;-6.58;✅ Boa gestão — ficou abaixo do IPCA
FIO RETRATOR Nº 1 (MÉDIO).;2020;2025;5;12.4;15.43;24.44;33.14;-6.59;✅ Boa gestão — ficou abaixo do IPCA
GARROTE ADULTO;2021;2024;3;5.99;6.49;8.35;16.03;-6.59;✅ Boa gestão — ficou abaixo do IPCA
METOCLOPRAMIDA 4MG/ML SOLUÇÃO ORAL, FRASCO DE 10ML.;2020;2024;4;1.13;1.34;18.99;27.7;-6.59;✅ Boa gestão — ficou abaixo do IPCA
FIO RETRATOR Nº00 (EXTRA FINO).;2020;2025;5;12.4;15.43;24.44;33.14;-6.59;✅ Boa gestão — ficou abaixo do IPCA
ALAVANCA SELDIN TIPO BANDEIRINHA ESQUERDA N 1L;2023;2025;3;18.5;18.88;2.05;9.3;-6.6;✅ Boa gestão — ficou abaixo do IPCA
ALAVANCA SELDIN TIPO BANDEIRINHA DIREITA N 1R;2023;2025;3;18.5;18.88;2.05;9.3;-6.6;✅ Boa gestão — ficou abaixo do IPCA
GRANULADO COLORIDO;2020;2024;4;12.15;14.5;19.34;27.7;-6.62;✅ Boa gestão — ficou abaixo do IPCA
LAMPADA ELETRÔNICA 30 WATS (ECONOMICA);2016;2021;5;19.5;23.34;19.69;28.16;-6.65;✅ Boa gestão — ficou abaixo do IPCA
EVIDENCIADOR DE PLACA  SOLUCÃO;2015;2019;4;5.07;5.6;10.45;18.42;-6.71;✅ Boa gestão — ficou abaixo do IPCA
SOTALOL 160MG CPR;2016;2019;3;0.47;0.49;4.7;11.41;-6.82;✅ Boa gestão — ficou abaixo do IPCA
COBERTURA ESTÉRIL, TAMANHO 10X10CM, NÃO ADERENTE;2019;2023;5;51.0;60.5;18.63;27.32;-6.83;✅ Boa gestão — ficou abaixo do IPCA
CHÁ DE CAMOMILA;2020;2023;3;2.9;3.29;13.64;21.81;-6.84;✅ Boa gestão — ficou abaixo do IPCA
TELHA FIBRA INCOLOR 2,13 X 1,10 X 0,8MM;2015;2021;6;51.0;64.7;26.86;36.22;-6.86;✅ Boa gestão — ficou abaixo do IPCA
MARIA MOLE;2018;2023;3;32.9;40.69;23.68;32.8;-6.87;✅ Boa gestão — ficou abaixo do IPCA
SINAN - ACIDENTES POR ANIMAIS PEÇONHENTOS;2018;2023;4;8.9;11.0;23.6;32.8;-6.89;✅ Boa gestão — ficou abaixo do IPCA
CONCHA HOTEL EM ALUMÍNIO Nº 12;2018;2025;3;17.8;24.06;35.17;45.15;-6.89;✅ Boa gestão — ficou abaixo do IPCA
COLETOR DE MATERIAL PERFURO CORTANTE 3L. CAIXA COM 10 UNIDADES;2023;2025;3;25.8;26.25;1.74;9.3;-6.9;✅ Boa gestão — ficou abaixo do IPCA
INTERRUPTOR DE TECLA REDONDO C/ LAMPADA OLSEN;2021;2025;5;16.88;19.0;12.56;20.97;-6.94;✅ Boa gestão — ficou abaixo do IPCA
MANTEIGA COM SAL TABLET 200 G;2019;2024;6;8.69;10.79;24.17;33.47;-6.95;✅ Boa gestão — ficou abaixo do IPCA
BLOCO DE CONCRETO MODELO BRIQUETE, COM 28 X 18,5 X 8 CM;2019;2025;7;30.5;39.5;29.51;39.16;-6.95;✅ Boa gestão — ficou abaixo do IPCA
BANDEJA PARA ESTERELIZACAO;2015;2019;4;13.62;15.0;10.13;18.42;-6.98;✅ Boa gestão — ficou abaixo do IPCA
PUBLICAÇÃO DE ATOS OFICIAIS NO DIARIO OFICIAL DA UNIAO;2017;2023;4;30.37;38.92;28.15;37.78;-6.99;✅ Boa gestão — ficou abaixo do IPCA
COMPRESSAS DE GAZE HIDRÓFILA 9 FIOS, 100% ALGODÃO 7,5 X 7,5;2020;2024;4;14.4;17.09;18.68;27.7;-7.05;✅ Boa gestão — ficou abaixo do IPCA
MINI DISJUNTOR 1P  16A;2016;2020;3;4.96;5.37;8.27;16.45;-7.07;✅ Boa gestão — ficou abaixo do IPCA
EQUIPO 2 VIAS , (POLIFIX).;2018;2020;3;0.56;0.57;0.88;9.02;-7.07;✅ Boa gestão — ficou abaixo do IPCA
FICHA VISITA DOMICILIAR E-SUS;2018;2020;3;2.25;2.28;1.33;9.02;-7.07;✅ Boa gestão — ficou abaixo do IPCA
SUGADOR ENDODÔNTICO DESCARTÁVEL;2019;2021;3;13.42;14.34;6.82;15.03;-7.1;✅ Boa gestão — ficou abaixo do IPCA
RISPERIDONA 1MG/ML, SOLUÇÃO ORAL, FRASCO 30ML.;2019;2023;4;4.98;5.9;18.47;27.32;-7.13;✅ Boa gestão — ficou abaixo do IPCA
FITA DUPLA FACE EXTRA FORTE 15MM X 20M;2019;2021;3;44.95;48.0;6.79;15.03;-7.17;✅ Boa gestão — ficou abaixo do IPCA
BROCA HASTE-LONGA LL CARBIDE - N° 6;2017;2024;3;7.0;9.39;34.14;44.44;-7.19;✅ Boa gestão — ficou abaixo do IPCA
PASTA ARQUIVO DE A-Z;2015;2017;3;6.24;6.34;1.6;9.43;-7.21;✅ Boa gestão — ficou abaixo do IPCA
TROMBONE DE VARA;2019;2025;3;776.0;1001.77;29.09;39.16;-7.23;✅ Boa gestão — ficou abaixo do IPCA
TESOURA METZENBAUM CURVA 15CM;2019;2025;6;29.8;38.47;29.09;39.16;-7.23;✅ Boa gestão — ficou abaixo do IPCA
LÁPIS PRETO DE GRAFITE Nº 2.;2018;2021;4;28.28;31.47;11.28;19.99;-7.25;✅ Boa gestão — ficou abaixo do IPCA
BUCHA REDUÇÃO ROSCAVEL 1.1/2 X 3/4 PVC;2015;2021;6;3.7;4.67;26.22;36.22;-7.3;✅ Boa gestão — ficou abaixo do IPCA
VIDRO LISO 3MM (INSTALADO);2018;2024;4;94.3;121.71;29.07;39.22;-7.3;✅ Boa gestão — ficou abaixo do IPCA
LAMPADA ELETRÔNICA 65 WATS (ECONOMICA);2018;2021;3;53.59;59.6;11.21;19.99;-7.32;✅ Boa gestão — ficou abaixo do IPCA
TONER HP Q5949A LASERJET 1160/1320;2018;2022;5;723.0;850.5;17.63;26.94;-7.33;✅ Boa gestão — ficou abaixo do IPCA
PLÁSTICO AUTOADESIVO DE FÁCIL APLICAÇÃO 45CMX 10 METROS;2021;2024;3;26.95;28.98;7.53;16.03;-7.33;✅ Boa gestão — ficou abaixo do IPCA
CHAVE PARA ILUMINAÇÃO PÚBLICA UNIPOLAR 50 AMPERES;2015;2021;6;137.4;173.38;26.19;36.22;-7.37;✅ Boa gestão — ficou abaixo do IPCA
MASSA DE POLIR BASE AGUA 900ML;2018;2021;4;22.32;24.8;11.11;19.99;-7.38;✅ Boa gestão — ficou abaixo do IPCA
FOSFATO DE SÓDIO MONOBÁSICO + FOSFATO DE SÓDIO DIBÁSICO 16 G + 6 G ENEMA PRONTO PARA USO (SOLUÇÃO RETAL) COM 130 ML.;2021;2024;3;5.5;5.91;7.45;16.03;-7.43;✅ Boa gestão — ficou abaixo do IPCA
DUTASTERIDA + TANSULOSINA 0,5MG+0,4MG;2016;2020;4;2.71;2.92;7.79;16.45;-7.45;✅ Boa gestão — ficou abaixo do IPCA
DETECTOR DE BATIMENTO CARDÍACO FETAL DIGITAL PORTÁTIL;2019;2021;3;620.0;660.0;6.45;15.03;-7.46;✅ Boa gestão — ficou abaixo do IPCA
PADRAO DE ENTRADA COMPL. MONO INSTALADO;2019;2022;3;1465.05;1649.6;12.6;21.69;-7.48;✅ Boa gestão — ficou abaixo do IPCA
HEPARINA 5000 UI SUBCUTÂNEA SOL INJ. 0,25 ML;2016;2020;4;3.97;4.28;7.81;16.45;-7.49;✅ Boa gestão — ficou abaixo do IPCA
PÃO DE QUEIJO ASSADO;2015;2023;6;63.84;89.0;39.42;50.77;-7.53;✅ Boa gestão — ficou abaixo do IPCA
NEGATOSCÓPIO DE 1 CORPO, DE PAREDE, ILUMINAÇÃO LED;2019;2024;3;222.0;274.0;23.42;33.47;-7.53;✅ Boa gestão — ficou abaixo do IPCA
AUTO DE INFRAÇÃO LEI 1.193;2016;2019;4;9.7;10.0;3.09;11.41;-7.56;✅ Boa gestão — ficou abaixo do IPCA
AUTO DE INFRAÇÃO LEI 3.070;2016;2019;4;9.7;10.0;3.09;11.41;-7.56;✅ Boa gestão — ficou abaixo do IPCA
CHAVE MICRO INTERRUPTOR 20A;2019;2021;3;25.0;26.58;6.32;15.03;-7.58;✅ Boa gestão — ficou abaixo do IPCA
PINCEL ATOMICO COM PONTAS FACETADAS.;2018;2020;3;0.9;0.9;0.0;9.02;-7.59;✅ Boa gestão — ficou abaixo do IPCA
ESPECULO TAMANHO M PARA ASPIRADOR DE VAPORES MODELO WAVEVAC;2019;2022;4;262.0;294.5;12.4;21.69;-7.63;✅ Boa gestão — ficou abaixo do IPCA
CADEIRA DE RODAS ADULTO  MANUAL;2015;2019;4;1124.8;1230.0;9.35;18.42;-7.66;✅ Boa gestão — ficou abaixo do IPCA
SIMETICONA GOTAS 10 ML;2016;2019;3;0.7;0.71;2.73;11.41;-7.69;✅ Boa gestão — ficou abaixo do IPCA
POLIVITAMINICO E SAIS MINERAIS CPR (VIT A. B1.B2.B6.B12.C.D3;2018;2020;3;0.08;0.08;5.96;9.02;-7.69;✅ Boa gestão — ficou abaixo do IPCA
PERFURADOR 2 FUROS PARA ATE 20 FOLHAS DE PAPEL 75G/M²;2019;2023;4;12.0;14.09;17.42;27.32;-7.7;✅ Boa gestão — ficou abaixo do IPCA
TAMPA DO SPRAY 3 FUROS MRS 400 DABI;2022;2025;4;19.8;20.9;5.56;14.35;-7.71;✅ Boa gestão — ficou abaixo do IPCA
ADAPTADOR FLANGE SOLDÁVEL 20X1/2;2015;2018;4;5.5;5.76;4.73;13.53;-7.73;✅ Boa gestão — ficou abaixo do IPCA
SACO PLÁSTICO DE LIXO 30 LITROS.;2018;2021;3;6.89;7.63;10.74;19.99;-7.74;✅ Boa gestão — ficou abaixo do IPCA
DETERGENTE DESENGRAXANTE BIODEGRADÁVEL 5 LITROS;2021;2024;3;139.3;149.13;7.06;16.03;-7.74;✅ Boa gestão — ficou abaixo do IPCA
GOMA DE MASCAR DE NICOTINA 2MG;2016;2019;3;1.65;1.69;2.42;11.41;-7.74;✅ Boa gestão — ficou abaixo do IPCA
ADENOSINA 3MG/ML, INJETÁVEL, AMPOLA 2ML.;2019;2024;5;8.5;10.46;23.05;33.47;-7.8;✅ Boa gestão — ficou abaixo do IPCA
TOTEM CONFECCIONADO EM PVC, 3MM;2019;2023;3;230.0;270.0;17.39;27.32;-7.8;✅ Boa gestão — ficou abaixo do IPCA
BROCA DE ALTA ROTAÇÃO DIAMANTADA 1033;2018;2025;7;1.6;2.14;33.75;45.15;-7.8;✅ Boa gestão — ficou abaixo do IPCA
AMBROXOL 3MG/ML;2016;2020;5;1.35;1.45;7.41;16.45;-7.87;✅ Boa gestão — ficou abaixo do IPCA
UMIDIFICAFOR DE DEDOS;2015;2020;4;10.9;12.42;13.99;23.77;-7.89;✅ Boa gestão — ficou abaixo do IPCA
LAMPADA H3 12V X 55W OSRAN;2022;2025;4;35.14;37.0;5.31;14.35;-7.92;✅ Boa gestão — ficou abaixo do IPCA
TENOXICAM 20 MG PÓ, PARA SUSPENSÃO INJETÁVEL ENDOVENOSO OU I;2019;2023;3;5.8;6.8;17.24;27.32;-7.96;✅ Boa gestão — ficou abaixo do IPCA
DIMENIDRATO 50 MG + CLORIDRATO DE PIRIDOXINA 50 MG SOL INJ.;2016;2020;4;1.2;1.29;7.5;16.45;-7.96;✅ Boa gestão — ficou abaixo do IPCA
TORNEIRA JARDIM 3/4 PVC;2015;2021;5;2.0;2.5;25.0;36.22;-8.0;✅ Boa gestão — ficou abaixo do IPCA
TERMOSTATO 125 STERMAX;2022;2025;4;42.6;44.8;5.16;14.35;-8.02;✅ Boa gestão — ficou abaixo do IPCA
COLAGENASE 0,6UI/ A 1,2 U/IG POMADA, BISNAGA 30G.;2019;2024;5;10.15;12.45;22.66;33.47;-8.05;✅ Boa gestão — ficou abaixo do IPCA
BOLA DE BORRACHA Nº 10;2018;2025;4;29.3;39.1;33.45;45.15;-8.06;✅ Boa gestão — ficou abaixo do IPCA
CURATIVO DE HIDROGEL HIDROCOLÓIDE E ALGINATO DE CÁLCIO E SÓD;2020;2023;4;50.0;56.0;12.0;21.81;-8.07;✅ Boa gestão — ficou abaixo do IPCA
SONDA URETRAL Nº 08, DESCARTÁVEL;2015;2024;7;0.37;0.53;43.63;58.06;-8.11;✅ Boa gestão — ficou abaixo do IPCA
ESPELHO SISTEMA X 2 FUROS PARA RJ 45;2015;2021;7;3.2;4.0;25.0;36.22;-8.13;✅ Boa gestão — ficou abaixo do IPCA
BIPERIDENO 5 MG/ML SOL INJ. 1 ML;2016;2019;3;1.7;1.74;2.35;11.41;-8.13;✅ Boa gestão — ficou abaixo do IPCA
TIJOLO MACIÇO 19 X 9 X 5,3;2015;2018;4;0.49;0.51;4.08;13.53;-8.16;✅ Boa gestão — ficou abaixo do IPCA
GRAMPEADOR MÉDIO DE MESA METÁLICO 26/6.;2015;2018;3;7.58;7.9;4.22;13.53;-8.18;✅ Boa gestão — ficou abaixo do IPCA
PANO DE COPA E COZINHA;2015;2021;5;2.2;2.75;25.0;36.22;-8.18;✅ Boa gestão — ficou abaixo do IPCA
UMEDECEDOR DEDOS 12G, CAIXA COM 12 UNIDADES.;2021;2024;3;17.94;19.11;6.52;16.03;-8.2;✅ Boa gestão — ficou abaixo do IPCA
FILTRO SECADOR 1 X 1/4 X 3/16 100MM PARA CÂMARA DE VACINAS;2020;2022;3;24.1;25.75;6.85;16.43;-8.22;✅ Boa gestão — ficou abaixo do IPCA
BROCA DE BAIXA ROTAÇÃO CARBIDE LN CA;2019;2025;6;27.8;35.49;27.66;39.16;-8.26;✅ Boa gestão — ficou abaixo do IPCA
SITAGLIPTINA + METFORMINA 50MG + 850MG CPR;2016;2019;3;3.2;3.27;2.19;11.41;-8.31;✅ Boa gestão — ficou abaixo do IPCA
ALVEJANTE A BASE DE HIPOCLORITO DE SÓDIO 5 LITROS.;2018;2021;3;8.18;9.0;9.96;19.99;-8.32;✅ Boa gestão — ficou abaixo do IPCA
DICLOFENACO+PARACETAMOL+CAFEINA+CARISOPRODOL 50MG+300MG+30MG;2016;2019;3;0.13;0.13;-2.31;11.41;-8.33;✅ Boa gestão — ficou abaixo do IPCA
IBUPROFENO 600MG COMPRIMIDO REVESTIDO.;2019;2023;3;0.29;0.34;16.9;27.32;-8.33;✅ Boa gestão — ficou abaixo do IPCA
LACRE MANGUEIRA 11/2 15 MTS;2015;2023;7;210.0;290.1;38.14;50.77;-8.38;✅ Boa gestão — ficou abaixo do IPCA
CURVA ELETRODUTO PVC ANTI-CHAMA 3/4 X 90º PRETA;2015;2021;6;1.55;1.94;25.16;36.22;-8.39;✅ Boa gestão — ficou abaixo do IPCA
COBERTURA COMPOSTA DE 55% DE COLÁGENO E 44% DE CELULOSE OXID;2021;2023;3;253.0;256.52;1.39;10.68;-8.39;✅ Boa gestão — ficou abaixo do IPCA
CAIXA EM PAPELÃO PARA ARQUIVO MORTO;2015;2023;4;1.48;2.05;38.05;50.77;-8.42;✅ Boa gestão — ficou abaixo do IPCA
GENFIBROZILA 600MG CPR;2016;2020;3;0.76;0.8;5.96;16.45;-8.45;✅ Boa gestão — ficou abaixo do IPCA
FONE DE OUVIDO;2016;2022;3;40.29;50.0;24.1;35.58;-8.47;✅ Boa gestão — ficou abaixo do IPCA
LIMA FLEX-FILE Nº 20 DE 21 MM.;2020;2024;4;14.55;17.0;16.84;27.7;-8.5;✅ Boa gestão — ficou abaixo do IPCA
NITROGLICERINA 5MG/ML, INJETÁVEL, AMPOLA 10ML.;2019;2024;3;29.47;35.99;22.12;33.47;-8.52;✅ Boa gestão — ficou abaixo do IPCA
LIMA C PILOT MANUAL 10 DE 25MM;2021;2025;4;24.9;27.55;10.64;20.97;-8.53;✅ Boa gestão — ficou abaixo do IPCA
LIMA C PILOT MANUAL 15 DE 21MM;2021;2025;4;24.9;27.55;10.64;20.97;-8.53;✅ Boa gestão — ficou abaixo do IPCA
HÉLICE AR COND. 10/18000BTUS;2015;2020;5;64.58;73.11;13.2;23.77;-8.54;✅ Boa gestão — ficou abaixo do IPCA
COMPRESSOR 1HP ROTATIVO.;2016;2018;3;347.5;339.44;-2.32;6.81;-8.55;✅ Boa gestão — ficou abaixo do IPCA
SABAO EM PO;2015;2021;5;4.09;5.1;24.69;36.22;-8.56;✅ Boa gestão — ficou abaixo do IPCA
SONDA ASPIRAÇÃO TRAQUEAL Nº 08 EM PVC, DESCARTÁVEL.;2018;2024;3;0.4;0.51;27.5;39.22;-8.57;✅ Boa gestão — ficou abaixo do IPCA
CURATIVO REDONDO PÓS-COLETA DE SANGUE (STOPPER OU BANDAGEM).;2018;2020;3;10.5;10.46;-0.33;9.02;-8.59;✅ Boa gestão — ficou abaixo do IPCA
RÉGUA MILIMETRADA;2015;2019;4;9.42;10.2;8.28;18.42;-8.6;✅ Boa gestão — ficou abaixo do IPCA
AGASALHO - JAQUETA E CALÇA POLIESTER;2019;2024;3;123.78;150.98;21.97;33.47;-8.62;✅ Boa gestão — ficou abaixo do IPCA
REATOR ELETR. 2X40W ALTO FATOR;2015;2017;3;19.5;19.5;0.0;9.43;-8.62;✅ Boa gestão — ficou abaixo do IPCA
BLOCO DE CONCRETO TIPO BRIQUETE COM 8CM DE ESPESSURA;2015;2017;3;29.0;29.0;0.0;9.43;-8.62;✅ Boa gestão — ficou abaixo do IPCA
PERFURADOR PAPEL;2015;2018;4;16.0;16.6;3.75;13.53;-8.63;✅ Boa gestão — ficou abaixo do IPCA
ARCO DE SERRA PROFISSIONAL 12´´;2018;2021;4;20.53;22.5;9.61;19.99;-8.63;✅ Boa gestão — ficou abaixo do IPCA
FREEZER HORIZONTAL;2015;2025;7;1890.0;2845.0;50.53;64.79;-8.65;✅ Boa gestão — ficou abaixo do IPCA
MANTA ASFÁLTICA ALUM. ADESIVA 20CM;2015;2021;6;4.5;5.6;24.44;36.22;-8.67;✅ Boa gestão — ficou abaixo do IPCA
TUBO ELETRODUTO PVC 2 (BR 3M);2015;2018;4;26.99;27.98;3.67;13.53;-8.69;✅ Boa gestão — ficou abaixo do IPCA
COBERTURA COMPOSTA POR MALHA POROSA DE ACETATO DE CELULOSE QUE PERMITE A LIVRE PASSAGEM DO EXSUDATO, MEDINDO EM MÉDIA 7,6 A 7,6 CM. ESTÉRIL.;2022;2025;3;6.8;7.11;4.56;14.35;-8.69;✅ Boa gestão — ficou abaixo do IPCA
PAPEL OFF-SET, ALCALINO, FORMATO A-4.;2019;2022;3;144.0;159.99;11.1;21.69;-8.7;✅ Boa gestão — ficou abaixo do IPCA
CLORPROMAZINA 25 MG SOL INJ. 5 ML;2016;2019;3;0.98;0.99;0.92;11.41;-8.7;✅ Boa gestão — ficou abaixo do IPCA
CATETER PARA OXIGÊNIO TIPO ÓCULOS Nº 12;2015;2024;8;0.69;1.0;44.93;58.06;-8.7;✅ Boa gestão — ficou abaixo do IPCA
CADERNO BROCHURA (PEQUENO) 1/4 CAPA DURA.;2019;2021;3;1.9;1.99;4.74;15.03;-8.75;✅ Boa gestão — ficou abaixo do IPCA
ESCOVA PARA LAVAR ROUPA EM MADEIRA;2018;2024;5;1.56;1.97;26.28;39.22;-8.76;✅ Boa gestão — ficou abaixo do IPCA
PATCH PANEL.;2016;2020;3;136.5;145.0;6.23;16.45;-8.78;✅ Boa gestão — ficou abaixo do IPCA
MAO DE OBRA.;2015;2022;3;114.17;150.0;31.39;44.11;-8.83;✅ Boa gestão — ficou abaixo do IPCA
TETRACAINA, CLORIDRATO + FENILEFRINA, CLORIDRATO 1% + 0,1% C;2019;2021;3;7.76;8.13;4.77;15.03;-8.85;✅ Boa gestão — ficou abaixo do IPCA
CARNE SUÍNA CONGELADA: LOMBO MÉDIO SEM OSSO;2018;2024;5;19.5;24.75;26.92;39.22;-8.85;✅ Boa gestão — ficou abaixo do IPCA
PREDNISOLONA 1MG/ML 100ML SOL. ORAL;2018;2020;3;5.75;5.7;-0.87;9.02;-8.89;✅ Boa gestão — ficou abaixo do IPCA
CARNE BOVINA, CORTE ACÉM;2015;2017;3;16.5;16.45;-0.3;9.43;-8.91;✅ Boa gestão — ficou abaixo do IPCA
LIVRO ATA PAUTADO COM 100 FOLHAS;2015;2024;6;6.95;10.0;43.88;58.06;-8.92;✅ Boa gestão — ficou abaixo do IPCA
OVOS DE GALINHA C/ ENTREGA NA CENTRAL DE MERENDA;2015;2018;3;3.99;4.12;3.34;13.53;-8.94;✅ Boa gestão — ficou abaixo do IPCA
CARBOCISTEINA 50MG/ML XAROPE 100ML;2016;2019;3;2.25;2.29;1.78;11.41;-8.96;✅ Boa gestão — ficou abaixo do IPCA
CANETA HIDROGRÁFICA 24 CORES;2020;2023;4;4.96;5.5;10.89;21.81;-8.98;✅ Boa gestão — ficou abaixo do IPCA
AÇUCAR DE CONFEITEIRO;2018;2024;5;9.23;11.7;26.76;39.22;-8.98;✅ Boa gestão — ficou abaixo do IPCA
ALHO;2015;2025;8;11.9;17.85;50.0;64.79;-8.99;✅ Boa gestão — ficou abaixo do IPCA
VIDRO CANELADO 3MM - COLOCADO;2017;2019;3;89.64;88.27;-1.53;8.22;-9.01;✅ Boa gestão — ficou abaixo do IPCA
TUBO GALV. NBR 5580 1.1/2  (3,00MM);2015;2018;4;149.8;154.75;3.3;13.53;-9.01;✅ Boa gestão — ficou abaixo do IPCA
BOLETIM DE CAMPO FAD RG 02;2020;2023;3;4.39;4.87;10.93;21.81;-9.01;✅ Boa gestão — ficou abaixo do IPCA
ETIQUETA PAINEL AHMC5;2021;2023;3;158.89;160.0;0.7;10.68;-9.02;✅ Boa gestão — ficou abaixo do IPCA
TUBO DE CONCRETO COM D = 400 MM;2018;2023;3;29.3;35.4;20.82;32.8;-9.03;✅ Boa gestão — ficou abaixo do IPCA
TUBO GALV. NBR 5580 1/2     (2,25MM);2015;2018;4;58.99;60.92;3.27;13.53;-9.04;✅ Boa gestão — ficou abaixo do IPCA
HALOPERIDOL 1 MG.;2018;2020;3;0.12;0.12;-0.83;9.02;-9.09;✅ Boa gestão — ficou abaixo do IPCA
CLONIDINA 0,15MG CPR, EM BLISTER.;2019;2024;4;0.26;0.32;24.47;33.47;-9.09;✅ Boa gestão — ficou abaixo do IPCA
CODEINA 30MG CPR;2016;2020;4;0.7;0.75;7.32;16.45;-9.09;✅ Boa gestão — ficou abaixo do IPCA
ESTILETE PEQUENO METAL;2017;2021;4;10.95;12.4;13.24;24.48;-9.09;✅ Boa gestão — ficou abaixo do IPCA
PORTA PAPEL HIGIÊNICO EM AÇO INOXIDÁVEL;2015;2017;3;15.99;15.9;-0.56;9.43;-9.13;✅ Boa gestão — ficou abaixo do IPCA
MINIDISJUNTOR MONOFÁSICO 16 A, CURVA C, PADRÃO IEC;2015;2023;7;3.83;5.24;36.81;50.77;-9.14;✅ Boa gestão — ficou abaixo do IPCA
TERMOSTATO DE PROTEÇÃO PARA CÂMARA DE VACINAS;2020;2022;3;260.0;274.99;5.77;16.43;-9.16;✅ Boa gestão — ficou abaixo do IPCA
LÂMINA DE RECORTE PLOTTER (ROLAND 60° VINIS ESPESSOS);2017;2021;4;23.8;26.9;13.03;24.48;-9.2;✅ Boa gestão — ficou abaixo do IPCA
FERMENTO BIOLÓGICO SECO - NA CENTRAL;2019;2023;3;36.0;41.59;15.53;27.32;-9.24;✅ Boa gestão — ficou abaixo do IPCA
BASE DE BRITA GRADUADA - INCLUSO FRETE;2021;2025;5;34.4;37.75;9.74;20.97;-9.29;✅ Boa gestão — ficou abaixo do IPCA
FENOBARBITAL 40MG/ML - SOLUÇÃO ORAL- 20ML FRASCO AMBAR;2015;2018;3;2.69;2.77;2.97;13.53;-9.29;✅ Boa gestão — ficou abaixo do IPCA
APARELHO DE PROFILAXIA ODONTOLÓGICA POR BICARBONATO/ULTRASOM;2015;2018;3;2710.0;2790.0;2.95;13.53;-9.32;✅ Boa gestão — ficou abaixo do IPCA
OLEO MINERAL SOLUÇÃO ORAL FRASCO 100ML;2016;2020;4;1.7;1.8;5.88;16.45;-9.38;✅ Boa gestão — ficou abaixo do IPCA
SULFATO FERROSO 125MG/ML SOL ORAL 30 ML;2016;2019;3;0.68;0.69;1.59;11.41;-9.38;✅ Boa gestão — ficou abaixo do IPCA
VALVULA REVERSORA;2015;2017;3;150.0;148.68;-0.88;9.43;-9.42;✅ Boa gestão — ficou abaixo do IPCA
PERMETRINA 50MG/ML - CREME 60ML;2015;2018;3;2.23;2.3;3.06;13.53;-9.42;✅ Boa gestão — ficou abaixo do IPCA
HÉLICE MOTOR VENTILADOR;2015;2017;3;75.0;74.34;-0.88;9.43;-9.43;✅ Boa gestão — ficou abaixo do IPCA
"TOMADAS (2 MODULOS) 2P+T 10A, 250V, CONJUNTO MONTADO PARA EMBUTIR 4"" X 2"" (PLACA + SUPORTE + MODULOS)";2021;2023;3;12.9;12.93;0.23;10.68;-9.45;✅ Boa gestão — ficou abaixo do IPCA
RESINA FOTOPOLIMERIZAVEL COR A3. DENTINA;2015;2019;4;34.28;36.76;7.23;18.42;-9.45;✅ Boa gestão — ficou abaixo do IPCA
GRAMPO PARA GRAMPEADOR GALVANIZADO 26/6;2015;2020;4;2.59;2.9;12.16;23.77;-9.46;✅ Boa gestão — ficou abaixo do IPCA
PNEU 185/70/R14;2015;2024;3;297.0;425.0;43.1;58.06;-9.46;✅ Boa gestão — ficou abaixo do IPCA
FIBRAS PARA TERAPIA FOTODINÂMICA (PDT).;2019;2025;5;203.7;256.6;25.97;39.16;-9.48;✅ Boa gestão — ficou abaixo do IPCA
TUBO POLIPEX 1/4;2015;2017;3;4.0;3.96;-1.0;9.43;-9.5;✅ Boa gestão — ficou abaixo do IPCA
TUBO POLIPEX 3/8;2015;2017;3;4.0;3.96;-1.0;9.43;-9.5;✅ Boa gestão — ficou abaixo do IPCA
TIRA VEDANTE;2015;2017;3;2.0;1.98;-1.0;9.43;-9.5;✅ Boa gestão — ficou abaixo do IPCA
TUBO POLIPEX 5/8;2015;2017;3;4.0;3.96;-1.0;9.43;-9.5;✅ Boa gestão — ficou abaixo do IPCA
BLOCO CONSTRUÇÃO MACIÇO 50X16X20;2015;2021;6;3.89;4.8;23.39;36.22;-9.51;✅ Boa gestão — ficou abaixo do IPCA
PNEU NOVO 205/55 R17;2022;2025;3;580.0;600.0;3.45;14.35;-9.53;✅ Boa gestão — ficou abaixo do IPCA
ELETRODO TIPO ALÇA 10X25X120MM PARA BISTURI ELÉTRICO MODELO;2020;2022;3;90.0;94.75;5.28;16.43;-9.58;✅ Boa gestão — ficou abaixo do IPCA
ELETRODO TIPO ALÇA 15X10X120MM PARA BISTURI ELÉTRICO MODELO;2020;2022;3;90.0;94.75;5.28;16.43;-9.58;✅ Boa gestão — ficou abaixo do IPCA
ELETRODO TIPO PONTA AGULHA CURVA 0,5X55MM PARA BISTURI ELÉTR;2020;2022;3;90.0;94.75;5.28;16.43;-9.58;✅ Boa gestão — ficou abaixo do IPCA
BISCOITO SALGADO INTEGRAL;2015;2024;7;6.16;8.8;42.86;58.06;-9.58;✅ Boa gestão — ficou abaixo do IPCA
FIO CIRÚRGICO PRETO MONOFILAMENTAR DE POLIAMIDA Nº. 6-0;2015;2020;4;25.83;28.9;11.89;23.77;-9.6;✅ Boa gestão — ficou abaixo do IPCA
GARRAFAO DE 20 LITROS;2015;2023;6;8.0;10.9;36.25;50.77;-9.62;✅ Boa gestão — ficou abaixo do IPCA
CABO PARA OTOSCÓPIO EM METAL 2,5V COMPATÍVEL COM MODELO VISI;2020;2022;3;232.8;244.95;5.22;16.43;-9.63;✅ Boa gestão — ficou abaixo do IPCA
EXTINTOR PQS ABC 01 KG NOVO;2015;2023;7;60.0;81.75;36.26;50.77;-9.63;✅ Boa gestão — ficou abaixo do IPCA
PAROXETINA 15MG CPR;2016;2019;3;1.76;1.78;1.14;11.41;-9.64;✅ Boa gestão — ficou abaixo do IPCA
ACIDO URSODESOXICÓLICO 150MG CPR;2016;2019;3;2.65;2.66;0.34;11.41;-9.64;✅ Boa gestão — ficou abaixo do IPCA
MINIDISJUNTOR MONOFÁSICO 10 A, CURVA C, PADRÃO IEC;2015;2023;7;3.83;5.21;36.03;50.77;-9.66;✅ Boa gestão — ficou abaixo do IPCA
PALITO CAIXA COM 100 UND;2020;2024;5;1.8;2.07;15.0;27.7;-9.66;✅ Boa gestão — ficou abaixo do IPCA
MANGUEIRA CORRUGADA;2015;2017;3;3.0;2.97;-1.0;9.43;-9.67;✅ Boa gestão — ficou abaixo do IPCA
PROTETOR 750X16;2016;2025;8;25.0;35.0;40.0;55.04;-9.69;✅ Boa gestão — ficou abaixo do IPCA
BARBANTE CRU Nº6. 1 KG;2021;2023;3;17.99;17.99;0.0;10.68;-9.69;✅ Boa gestão — ficou abaixo do IPCA
CARCAÇA DE ENGRENAGEM;2015;2019;5;105.26;112.56;6.94;18.42;-9.7;✅ Boa gestão — ficou abaixo do IPCA
ORGANIZADOR (CAIXA PLÁSTICA);2015;2019;3;29.92;32.0;6.94;18.42;-9.7;✅ Boa gestão — ficou abaixo do IPCA
DESINFETANTE LIMPADOR DE USO GERAL;2019;2021;3;134.8;140.0;3.86;15.03;-9.72;✅ Boa gestão — ficou abaixo do IPCA
TEMPERO COMINHO;2020;2024;5;3.95;4.55;15.19;27.7;-9.72;✅ Boa gestão — ficou abaixo do IPCA
DESENTUPIDOR SANITÁRIO DE BORRACHA;2021;2024;3;7.0;7.34;4.86;16.03;-9.73;✅ Boa gestão — ficou abaixo do IPCA
CARIMBO EM ESTOJO AUTO ENTINTADO NUMERADOR COM 06 DÍGITOS SE;2015;2019;4;167.46;179.0;6.89;18.42;-9.73;✅ Boa gestão — ficou abaixo do IPCA
ACIDO URSODESOXICÓLICO 300MG CPR;2016;2019;3;5.24;5.27;0.57;11.41;-9.74;✅ Boa gestão — ficou abaixo do IPCA
TONER MAGENTA HP COLOR LASERJET PRO MFP M177FW ORIGINAL;2019;2024;5;386.0;465.0;20.47;33.47;-9.75;✅ Boa gestão — ficou abaixo do IPCA
TONER CIANO HP COLOR LASERJET PRO MFP M177FW ORIGINAL;2019;2024;5;386.0;465.0;20.47;33.47;-9.75;✅ Boa gestão — ficou abaixo do IPCA
RETESTE DO CILINDRO PQS 06 KG;2015;2023;7;25.0;34.02;36.07;50.77;-9.76;✅ Boa gestão — ficou abaixo do IPCA
SONDA ASPIRAÇÃO TRAQUEAL Nº 12 EM PVC, DESCARTÁVEL;2015;2024;8;0.41;0.58;41.81;58.06;-9.76;✅ Boa gestão — ficou abaixo do IPCA
MINIDISJUNTOR TRIFASICO 50 A, CURVA C, PADRÃO IEC;2015;2023;7;22.57;30.69;35.98;50.77;-9.79;✅ Boa gestão — ficou abaixo do IPCA
CABO PARA BISTURI REDONDO PARA LÂMINA DUPLA;2019;2025;5;79.0;99.17;25.53;39.16;-9.79;✅ Boa gestão — ficou abaixo do IPCA
GRAMA DO TIPO ESMERALDA;2015;2023;4;10.0;13.6;36.0;50.77;-9.8;✅ Boa gestão — ficou abaixo do IPCA
DRENO PENROSE ESTERILIZADO Nº 2;2015;2024;6;1.12;1.59;41.96;58.06;-9.82;✅ Boa gestão — ficou abaixo do IPCA
SELO MECANICO TSQ 5/8 - INOX - BOMBA VÁCUO;2022;2024;3;70.27;69.5;-1.1;9.68;-9.82;✅ Boa gestão — ficou abaixo do IPCA
CJ TOMADA 20A 2P+T ABNT SISTEMA X;2018;2021;3;8.08;8.74;8.17;19.99;-9.83;✅ Boa gestão — ficou abaixo do IPCA
DESINFETANTE À BASE DE QUATERNÁRIO DE AMÔNIO DE 5A GERAÇÃO;2020;2024;4;93.2;107.33;15.16;27.7;-9.83;✅ Boa gestão — ficou abaixo do IPCA
FONTE CHAVEADA 110/220VAC 9VDC 1A;2019;2023;5;46.0;52.8;14.78;27.32;-9.84;✅ Boa gestão — ficou abaixo do IPCA
ATROPINA 0,5MG INJ. 1ML;2016;2019;3;0.65;0.66;0.92;11.41;-9.84;✅ Boa gestão — ficou abaixo do IPCA
ACEBROFILINA 25MG/5ML;2016;2020;4;2.48;2.6;4.84;16.45;-9.87;✅ Boa gestão — ficou abaixo do IPCA
PAPEL OFF-SET, ALCALINO, FORMATO A-4;2016;2020;3;135.45;142.12;4.93;16.45;-9.89;✅ Boa gestão — ficou abaixo do IPCA
BROCA DE ALTA ROTAÇÃO DIAMANTADA ESFERICA 1014.;2018;2025;4;1.6;2.1;31.25;45.15;-9.93;✅ Boa gestão — ficou abaixo do IPCA
CANETA ESFEROGRAFICA VERMELHA PONTA FINA;2019;2023;5;21.2;24.31;14.67;27.32;-9.94;✅ Boa gestão — ficou abaixo do IPCA
CANETA ESFEROGRAFICA VERDE PONTA FINA;2019;2023;4;21.2;24.31;14.67;27.32;-9.94;✅ Boa gestão — ficou abaixo do IPCA
CANETA ESFEROGRAFICA PRETA PONTA FINA;2019;2023;4;21.2;24.31;14.67;27.32;-9.94;✅ Boa gestão — ficou abaixo do IPCA
LAMPADA VAPOR DE MERCURIO 400 W E40;2015;2018;4;34.9;35.67;2.22;13.53;-9.96;✅ Boa gestão — ficou abaixo do IPCA
CARTUCHO HP 51649A 22,8ML COLOR;2018;2022;5;139.9;159.9;14.3;26.94;-9.96;✅ Boa gestão — ficou abaixo do IPCA
BLOCO DE CONCRETO SEXTAVADO COM 6CM DE ESPESSURA;2015;2017;3;27.4;27.0;-1.46;9.43;-9.96;✅ Boa gestão — ficou abaixo do IPCA
HALOPERIDOL 1 MG;2016;2018;3;0.11;0.1;-9.18;6.81;-10.0;✅ Boa gestão — ficou abaixo do IPCA
GLICOSE 25% 10ML SOL INJ.;2016;2019;3;0.21;0.21;-0.43;11.41;-10.0;✅ Boa gestão — ficou abaixo do IPCA
PREGO COM CABEÇA 22X45,PACOTE DE 01 KG;2015;2018;4;9.7;9.91;2.16;13.53;-10.0;✅ Boa gestão — ficou abaixo do IPCA
CARVEDILOL 12,5MG CPR;2016;2020;4;0.11;0.11;0.92;16.45;-10.0;✅ Boa gestão — ficou abaixo do IPCA
CAIXA TRIF. 6 ACESSO DPS E DISJUNTOR;2016;2020;3;102.5;107.42;4.8;16.45;-10.0;✅ Boa gestão — ficou abaixo do IPCA
TRAMADOL, CLORIDRATO 50MG;2015;2018;3;0.1;0.1;0.0;13.53;-10.0;✅ Boa gestão — ficou abaixo do IPCA
BUPROPIONA 150MG CPR;2016;2019;3;0.32;0.32;0.0;11.41;-10.0;✅ Boa gestão — ficou abaixo do IPCA
DIPROPIONATO DE BECLOMETASONA 50MCG - SPRAY ORAL;2016;2020;3;28.3;29.65;4.77;16.45;-10.03;✅ Boa gestão — ficou abaixo do IPCA
ENVELOPES AUTO SELANTES 250MMX350MM.;2018;2024;3;43.91;55.0;25.26;39.22;-10.03;✅ Boa gestão — ficou abaixo do IPCA
TAMPA DO RESERVATORIO AUTOCLAVE (AHMC5);2022;2025;4;272.21;280.0;2.86;14.35;-10.05;✅ Boa gestão — ficou abaixo do IPCA
BARDELA EUCALIPTO 3,5 X 5 CM;2015;2021;6;1.39;1.7;22.3;36.22;-10.07;✅ Boa gestão — ficou abaixo do IPCA
TUBO DE SILICONE TAMANHO 204;2019;2021;3;116.0;120.0;3.45;15.03;-10.08;✅ Boa gestão — ficou abaixo do IPCA
PLACA ELETRÔN. AR CONSUL;2015;2018;3;263.86;269.24;2.04;13.53;-10.12;✅ Boa gestão — ficou abaixo do IPCA
TESTE MANGUEIRA HIDRANTE.;2015;2021;6;20.0;24.47;22.37;36.22;-10.15;✅ Boa gestão — ficou abaixo do IPCA
GRAMPO PARA GRAMPEADOR GALVANIZADO 23/13;2015;2023;5;3.34;4.52;35.33;50.77;-10.18;✅ Boa gestão — ficou abaixo do IPCA
DETERGENTE MULTIENZIMÁTICO EM GALÃO DE 4 A 5 LITROS;2020;2023;3;69.9;76.49;9.43;21.81;-10.18;✅ Boa gestão — ficou abaixo do IPCA
CONSENTIMENTO INFORMADO - 2 VIAS AUTOCOPIATIVO (BRACO/AZUL);2018;2020;3;9.7;9.49;-2.16;9.02;-10.19;✅ Boa gestão — ficou abaixo do IPCA
LIVRO DE PROTOCOLO CAPA DURA.;2018;2021;4;5.89;6.35;7.81;19.99;-10.21;✅ Boa gestão — ficou abaixo do IPCA
BROCA AÇO RÁPIDO  6MM;2015;2021;6;4.99;6.1;22.24;36.22;-10.22;✅ Boa gestão — ficou abaixo do IPCA
CONTATOR COM BOBINA 220V PARA 100 A REGIME AC3;2018;2021;4;378.64;407.7;7.67;19.99;-10.26;✅ Boa gestão — ficou abaixo do IPCA
SONDA GÁSTRICA LONGA Nº 16, DESCARTÁVEL;2015;2024;7;0.78;1.1;41.03;58.06;-10.26;✅ Boa gestão — ficou abaixo do IPCA
ARALDITE NORMAL PROF. 10MIN;2015;2021;6;16.45;20.1;22.19;36.22;-10.27;✅ Boa gestão — ficou abaixo do IPCA
APARADOR DE CHUTE;2022;2024;3;125.0;123.0;-1.6;9.68;-10.28;✅ Boa gestão — ficou abaixo do IPCA
SENSOR DIGITAL DE RADIOGRAFIA PERIAPICAL T2;2020;2022;3;11000.0;11490.0;4.45;16.43;-10.29;✅ Boa gestão — ficou abaixo do IPCA
ALGINATO TIPO I 454 GRAMAS;2021;2024;3;36.0;37.47;4.08;16.03;-10.29;✅ Boa gestão — ficou abaixo do IPCA
DESINFETANTE PARA USO GERAL 5 LITROS;2016;2021;4;6.4;7.35;14.84;28.16;-10.3;✅ Boa gestão — ficou abaixo do IPCA
SERVIÇOS DE BALANCEAMENTO (AUTOMÓVEL);2016;2019;3;10.0;10.0;0.0;11.41;-10.31;✅ Boa gestão — ficou abaixo do IPCA
LUVA CIRURGICA LÁTEX, ESTERELIZADA, TAMANHO 8,0;2018;2023;4;0.99;1.18;19.19;32.8;-10.34;✅ Boa gestão — ficou abaixo do IPCA
SAPATILHA DE VELOCIDADE PARA PROVAS DE ATLETISMO;2022;2024;3;210.0;206.5;-1.67;9.68;-10.34;✅ Boa gestão — ficou abaixo do IPCA
FENOBARBITAL 40MG/ML - SOLUÇÃO ORAL- 20ML, FRASCO DE VIDRO ÂMBAR.;2021;2024;3;3.95;4.11;4.05;16.03;-10.34;✅ Boa gestão — ficou abaixo do IPCA
ESPONJA FIBRA VERDE;2021;2024;3;1.45;1.5;3.45;16.03;-10.38;✅ Boa gestão — ficou abaixo do IPCA
FÓRMULA INFANTIL PARA RECÉM-NASCIDOS PRÉ-TERMO E/OU DE ALTO;2016;2020;4;24.25;25.3;4.33;16.45;-10.39;✅ Boa gestão — ficou abaixo do IPCA
PATCH CORD 2,5M;2019;2021;3;40.75;42.0;3.07;15.03;-10.4;✅ Boa gestão — ficou abaixo do IPCA
FUNDO PU 5:1 900ML;2018;2021;4;26.97;29.0;7.53;19.99;-10.4;✅ Boa gestão — ficou abaixo do IPCA
TOMADA 2P + T NBR;2015;2018;4;11.8;12.0;1.69;13.53;-10.42;✅ Boa gestão — ficou abaixo do IPCA
DISPENSER PLÁSTICO DE PAREDE PARA PAPEL TOALHA;2020;2024;4;17.81;20.36;14.32;27.7;-10.49;✅ Boa gestão — ficou abaixo do IPCA
TIAMAZOL 10MG CPR;2016;2019;3;0.4;0.4;-1.23;11.41;-10.53;✅ Boa gestão — ficou abaixo do IPCA
FAIXA EM LONA 440G, COLORIDA;2020;2023;3;78.0;85.0;8.97;21.81;-10.54;✅ Boa gestão — ficou abaixo do IPCA
TENSIÔMETRO / DINAMÔMETRO ORTODÔNTICO;2019;2025;4;101.0;125.66;24.42;39.16;-10.6;✅ Boa gestão — ficou abaixo do IPCA
CJ TOMADA 20A 2P+T ABNT (INTERNA);2018;2021;3;7.7;8.26;7.27;19.99;-10.62;✅ Boa gestão — ficou abaixo do IPCA
BROCA JET CARBIDE FG 957;2019;2025;4;4.8;5.97;24.37;39.16;-10.62;✅ Boa gestão — ficou abaixo do IPCA
BUCHA 6;2015;2021;7;0.24;0.29;23.4;36.22;-10.64;✅ Boa gestão — ficou abaixo do IPCA
LÂMINA DE BISTURI DESCARTÁVEL Nº. 22.;2019;2021;3;28.59;29.38;2.76;15.03;-10.65;✅ Boa gestão — ficou abaixo do IPCA
AUTO DE RETIRADA E VEÍCULO DE CIRCULAÇÃO;2018;2021;3;14.0;15.0;7.14;19.99;-10.71;✅ Boa gestão — ficou abaixo do IPCA
MANÔMETRO P/ EXTINTORES DIVERSOS;2015;2023;7;7.0;9.42;34.53;50.77;-10.71;✅ Boa gestão — ficou abaixo do IPCA
ATADURAS DE CREPOM 6CM;2019;2024;5;0.34;0.4;19.4;33.47;-10.71;✅ Boa gestão — ficou abaixo do IPCA
AUTOCLAVE 21 LITROS;2018;2025;6;4600.0;5956.0;29.48;45.15;-10.8;✅ Boa gestão — ficou abaixo do IPCA
SONDA URETRAL Nº 10 DESCARTÁVEL;2018;2024;6;0.42;0.52;24.5;39.22;-10.81;✅ Boa gestão — ficou abaixo do IPCA
CURVA ELETRODUTO PVC ANTI-CHAMA 3/4 X 180º PRETA;2015;2021;6;2.4;2.92;21.67;36.22;-10.83;✅ Boa gestão — ficou abaixo do IPCA
MANÔMETRO 1/8 BSP 0 A 4 KGF/CM2 PARA AUTOCLAVE;2019;2023;4;120.0;136.2;13.5;27.32;-10.85;✅ Boa gestão — ficou abaixo do IPCA
VW KOMBI (06-11) STANDARD 1.4 MI TOTAL FLEX 2009 – 2011;2022;2024;3;60.5;59.15;-2.23;9.68;-10.85;✅ Boa gestão — ficou abaixo do IPCA
INTER. ART BCA-2 TEC-SIMPLES;2016;2020;3;7.05;7.32;3.83;16.45;-10.86;✅ Boa gestão — ficou abaixo do IPCA
VÁLVULA REGULADORA PARA REDE DE O2;2020;2023;4;242.5;263.3;8.58;21.81;-10.87;✅ Boa gestão — ficou abaixo do IPCA
SERVIÇOS DE MANUTENÇÃO, CONSERTO E INSTALAÇÃO DOS APARELHOS;2020;2022;3;74.39;77.19;3.76;16.43;-10.88;✅ Boa gestão — ficou abaixo do IPCA
MANTA TÉRMICA ALUMINIZADA;2018;2024;7;4.9;6.09;24.29;39.22;-10.88;✅ Boa gestão — ficou abaixo do IPCA
CÂNULA DE TRAQUEOSTOMIA DE SILICONE COM BALONETE NÚMERO 6,5;2018;2021;4;17.5;18.7;6.86;19.99;-10.9;✅ Boa gestão — ficou abaixo do IPCA
FARINHA DE CEREAIS - MIX DE CEREAIS - NA CENTRAL;2018;2021;3;18.8;20.1;6.91;19.99;-10.9;✅ Boa gestão — ficou abaixo do IPCA
PÁ COLETORA PLÁSTICA;2015;2021;4;21.5;26.09;21.35;36.22;-10.93;✅ Boa gestão — ficou abaixo do IPCA
PREGO COM CABEÇA 14X18,PACOTE DE 01 KG;2015;2018;4;10.7;10.82;1.12;13.53;-10.93;✅ Boa gestão — ficou abaixo do IPCA
LENÇOL DE BORRACHA PURO LÁTEX 13,5X13,5CM;2020;2025;5;19.7;23.37;18.63;33.14;-10.93;✅ Boa gestão — ficou abaixo do IPCA
BOBINA BB024DS 24 VCC 7W DANFOSS;2022;2024;3;178.11;174.0;-2.31;9.68;-10.93;✅ Boa gestão — ficou abaixo do IPCA
OXCARBAMAZEPINA 600MG CPR;2016;2019;3;0.87;0.87;0.12;11.41;-10.98;✅ Boa gestão — ficou abaixo do IPCA
PINCEL APLICADOR MICRO BRUSH PONTA EXTRA-FINA;2020;2024;4;7.2;8.18;13.61;27.7;-11.0;✅ Boa gestão — ficou abaixo do IPCA
LIVRO ATA PAUTADO COM 200 FOLHAS.;2018;2021;4;13.4;14.3;6.72;19.99;-11.02;✅ Boa gestão — ficou abaixo do IPCA
LÂMPADA VAPOR SÓDIO ALTA PRESSÃO 1.000W, TUBOLAR, E-40, VIDA;2018;2020;3;283.93;275.44;-2.99;9.02;-11.02;✅ Boa gestão — ficou abaixo do IPCA
POSTE DE FERRO GALVANIZADO A FOGO CONFORME A NBR 6323 EM CON;2018;2020;3;1597.4;1548.64;-3.05;9.02;-11.07;✅ Boa gestão — ficou abaixo do IPCA
EXTINTOR CO2 06 KG NOVO;2015;2023;7;405.0;543.03;34.08;50.77;-11.07;✅ Boa gestão — ficou abaixo do IPCA
SONDA ASPIRAÇÃO TRAQUEAL Nº 06 EM PVC, DESCARTÁVEL;2015;2024;7;0.36;0.5;39.28;58.06;-11.11;✅ Boa gestão — ficou abaixo do IPCA
BACLOFENO 10MG CPR;2016;2020;4;0.09;0.1;11.82;16.45;-11.11;✅ Boa gestão — ficou abaixo do IPCA
BOLSA COLETORA DE URINA DE PERNA, 500 A 750ML;2019;2024;4;3.2;3.8;18.75;33.47;-11.11;✅ Boa gestão — ficou abaixo do IPCA
RECARGA EXTINTOR CO2 10 KG;2016;2023;4;90.22;113.69;26.01;41.85;-11.17;✅ Boa gestão — ficou abaixo do IPCA
POLPA DE ABACAXI;2018;2022;4;64.0;72.16;12.75;26.94;-11.18;✅ Boa gestão — ficou abaixo do IPCA
LÂMPADA MULTIVAPORES METÁLICO 250W, BULBO TUBOLAR, E-40, VID;2018;2020;3;30.05;29.08;-3.23;9.02;-11.22;✅ Boa gestão — ficou abaixo do IPCA
REATOR EXTERNO AFP 0,93, PARA LÂMPADA MULTIVAPOR METÁLICO;2018;2020;3;65.09;62.99;-3.23;9.02;-11.23;✅ Boa gestão — ficou abaixo do IPCA
REATOR EXTERNO AFP 0,93 PARA LÂMPADA VAPOR DE SÓDIO 600W;2018;2020;3;169.64;164.15;-3.24;9.02;-11.24;✅ Boa gestão — ficou abaixo do IPCA
GRAMPEADOR MÉDIO DE MESA METÁLICO, 26/6;2019;2023;5;9.15;10.35;13.11;27.32;-11.25;✅ Boa gestão — ficou abaixo do IPCA
NÚCLEO CENTRAL DE ALUMINIO PARA COLOCAÇÃO DE 04 LUMIANARIAS.;2018;2020;3;206.54;199.85;-3.24;9.02;-11.25;✅ Boa gestão — ficou abaixo do IPCA
ELETRODUTO DE AÇO GALVANIZADO A FOGO 1.1/4X6MT, NBR 5598;2018;2020;3;122.37;118.4;-3.24;9.02;-11.25;✅ Boa gestão — ficou abaixo do IPCA
LUMINÁRIA P/ ILUMINAÇÃO PÚBLICA, BRAÇO 1 P LAMPADA ATE 400;2018;2020;3;78.31;75.77;-3.24;9.02;-11.25;✅ Boa gestão — ficou abaixo do IPCA
LUMINÁRIA P/ ILUMINAÇÃO PÚBLICA,BOCAL E-40 PROTEÇÃO IP-44;2018;2020;3;323.47;312.95;-3.25;9.02;-11.26;✅ Boa gestão — ficou abaixo do IPCA
POSTE DE FERRO GALVANIZADO A FOGO CONFORME A NBR 6323 09M;2018;2020;3;709.84;686.7;-3.26;9.02;-11.26;✅ Boa gestão — ficou abaixo do IPCA
BRAÇO PARA LUMINÁRIA ILUMINAÇÃO PÚBLICA COM 4,0MT DE COM;2018;2020;3;148.25;143.4;-3.27;9.02;-11.27;✅ Boa gestão — ficou abaixo do IPCA
NÚCLEO CENTRAL DE ALUMINIO PARA COLOCAÇÃO DE 03 LUMIANARIAS.;2018;2020;3;188.49;182.33;-3.27;9.02;-11.28;✅ Boa gestão — ficou abaixo do IPCA
BRAÇO PARA LUMINÁRIA ILUMINAÇÃO PÚBLICA ESPECIAL 1,5MT DE CO;2018;2020;3;47.99;46.41;-3.29;9.02;-11.28;✅ Boa gestão — ficou abaixo do IPCA
REATOR EXTERNO AFP 0,93 PARA LÂMPADA VAPOR DE SÓDIO 150W;2018;2020;3;51.12;49.44;-3.29;9.02;-11.28;✅ Boa gestão — ficou abaixo do IPCA
REATOR EXTERNO AFP 0,93, PARA LÂMPADA MULTIVAPOR METÁLICO 40;2018;2020;3;73.25;70.85;-3.28;9.02;-11.28;✅ Boa gestão — ficou abaixo do IPCA
PORTA EXT. ALMOF. CEDRO 0,80 X 2,10;2015;2018;4;245.57;247.35;0.72;13.53;-11.28;✅ Boa gestão — ficou abaixo do IPCA
LÂMPADA MULTIVAPORER METÁLICO 400W, BULBO TUBOLAR, E-40, VID;2018;2020;3;33.69;32.58;-3.29;9.02;-11.29;✅ Boa gestão — ficou abaixo do IPCA
BROCA HASTE LONGA CARBIDE - Nº701;2015;2025;5;6.29;9.2;46.26;64.79;-11.29;✅ Boa gestão — ficou abaixo do IPCA
LÂMPADA MULTIVAPORES METÁLICOS 150W, VIDA ÚTIL MÍNIMA DE 12;2018;2020;3;37.91;36.66;-3.3;9.02;-11.29;✅ Boa gestão — ficou abaixo do IPCA
CAIXA DE MEDIÇÃO MONOFÁSICA EM POLICARBONATO, PADRÃO CELESC;2018;2020;3;27.57;26.66;-3.3;9.02;-11.29;✅ Boa gestão — ficou abaixo do IPCA
REATOR INTERNO AFP 0,93, COM IGNITOR VAPOR DE SÓDIO, PARA LÂ;2018;2020;3;66.42;64.22;-3.31;9.02;-11.3;✅ Boa gestão — ficou abaixo do IPCA
REATOR EXTERNO AFP 0,93 PARA LÂMPADA VAPOR DE SÓDIO 1000W;2018;2020;3;324.72;313.99;-3.3;9.02;-11.3;✅ Boa gestão — ficou abaixo do IPCA
LÂMPADA VAPOR SÓDIO ALTA PRESSÃO 400W, BULBO TUBOLAR, E-40,;2018;2020;3;35.75;34.57;-3.3;9.02;-11.31;✅ Boa gestão — ficou abaixo do IPCA
LUMINÁRIA P/ ILUMINAÇÃO PÚBLICA, BRAÇO 1 P LAMPADA ATE 25;2018;2020;3;44.47;43.0;-3.31;9.02;-11.31;✅ Boa gestão — ficou abaixo do IPCA
BRAÇO PARA LUMINÁRIA ILUMINAÇÃO PÚBLICA 2MT DE COM;2018;2020;3;57.5;55.6;-3.3;9.02;-11.31;✅ Boa gestão — ficou abaixo do IPCA
REATOR EXTERNO AFP 0,93 PARA LÂMPADA VAPOR DE SÓDIO 100W;2018;2020;3;40.15;38.83;-3.29;9.02;-11.31;✅ Boa gestão — ficou abaixo do IPCA
REATOR INTERNO AFP 0,93 PARA LÂMPADA MULTIVAPOR METÁLICO 150;2018;2020;3;61.72;59.67;-3.32;9.02;-11.31;✅ Boa gestão — ficou abaixo do IPCA
POSTE DE FERRO GALVANIZADO A FOGO CONFORME A NBR 6323 10M;2018;2020;3;888.55;859.09;-3.32;9.02;-11.32;✅ Boa gestão — ficou abaixo do IPCA
LUVA DESCARTÁVEL LATEX  P M G (PROCEDIMENTO CIRÚRGICO);2015;2021;4;33.23;40.15;20.82;36.22;-11.32;✅ Boa gestão — ficou abaixo do IPCA
LÂMPADA VAPOR SÓDIO ALTA PRESSÃO 70W BULBO TUBULAR E-27, VID;2018;2020;3;17.24;16.67;-3.31;9.02;-11.32;✅ Boa gestão — ficou abaixo do IPCA
LÂMPADA VAPOR SÓDIO ALTA PRESSÃO 600W BULBO OVÓIDE OU TUBOL;2018;2020;3;314.48;304.04;-3.32;9.02;-11.32;✅ Boa gestão — ficou abaixo do IPCA
BRAÇO PARA LUMINÁRIA ILUMINAÇÃO PÚBLICA ESPECIAL COM 3,0M;2018;2020;3;71.51;69.14;-3.31;9.02;-11.32;✅ Boa gestão — ficou abaixo do IPCA
LÂMPADA VAPOR SÓDIO ALTA PRESSÃO 150W, BULBO TUBOLAR, E-40;2018;2020;3;31.06;30.03;-3.32;9.02;-11.33;✅ Boa gestão — ficou abaixo do IPCA
CURVA DE AÇO GALVANIZADO A FOGO 3, 90°, NBR 5598;2018;2020;3;78.3;75.68;-3.35;9.02;-11.34;✅ Boa gestão — ficou abaixo do IPCA
LUMINÁRIA P/ ILUMINAÇÃO PÚBLICA, BRAÇO 3/4 P LAMPADA ATE 1;2018;2020;3;61.54;59.48;-3.35;9.02;-11.34;✅ Boa gestão — ficou abaixo do IPCA
REATOR EXTERNO AFP 0,93 PARA LÂMPADA VAPOR DE SÓDIO 70W;2018;2020;3;37.64;36.37;-3.37;9.02;-11.34;✅ Boa gestão — ficou abaixo do IPCA
LÂMPADA MULTIVAPORER METÁLICO 2.000W, TUBOLAR, E-40, VIDA ÚT;2018;2020;3;508.57;491.59;-3.34;9.02;-11.34;✅ Boa gestão — ficou abaixo do IPCA
CAIXA DE MEDIÇÃO TRIFÁSICA EM POLICARBONATO, PADRÃO CELESC.;2018;2020;3;82.12;79.37;-3.35;9.02;-11.34;✅ Boa gestão — ficou abaixo do IPCA
ÓLEO LUBRIFICANTE PARA TRANSMISSÕES (CAIXAS E DIFERENCIAIS),;2015;2018;3;2032.0;2045.35;0.66;13.53;-11.34;✅ Boa gestão — ficou abaixo do IPCA
FUMARATO DE FORMOTEROL DIIDRATADO + BUDESONIDA 6/200MCG AERO;2016;2019;3;81.0;80.0;-1.23;11.41;-11.35;✅ Boa gestão — ficou abaixo do IPCA
LÂMPADA MULTIVAPORER METÁLICO 1000W, BULBO TUBOLAR, E-40, VI;2018;2020;3;114.66;110.82;-3.35;9.02;-11.35;✅ Boa gestão — ficou abaixo do IPCA
SONDA ASPIRAÇÃO TRAQUEAL Nº 14 EM PVC, DESCARTÁVEL;2015;2024;8;0.44;0.62;40.91;58.06;-11.36;✅ Boa gestão — ficou abaixo do IPCA
LUMINÁRIA P/ ILUMINAÇÃO PÚBLICA, BRAÇO 3/4 P LAMPADA ATE 4;2018;2020;3;235.23;227.32;-3.36;9.02;-11.36;✅ Boa gestão — ficou abaixo do IPCA
NÚCLEO CENTRAL DE ALUMINIO PARA COLOCAÇÃO DE 01 OU 02 LUMIAN;2018;2020;3;154.87;149.65;-3.37;9.02;-11.36;✅ Boa gestão — ficou abaixo do IPCA
PEÇA 0000 400 7000 VELA DE IGNIÇÃO NKG BPMR 7 A;2015;2018;4;19.43;19.55;0.62;13.53;-11.37;✅ Boa gestão — ficou abaixo do IPCA
90300830 CARBURADOR COMP. C/ TORN. P/B4T 5,5CV VEI;2015;2018;4;294.16;295.99;0.62;13.53;-11.37;✅ Boa gestão — ficou abaixo do IPCA
LÂMPADA VAPOR SÓDIO ALTA PRESSÃO 250W, BULBO TUBOLAR E-40,;2018;2020;3;34.31;33.15;-3.38;9.02;-11.38;✅ Boa gestão — ficou abaixo do IPCA
LUMINÁRIA P/ ILUMINAÇÃO PÚBLICA,BOCAL E-27 EM BRAÇO DE 1;2018;2020;3;33.52;32.39;-3.37;9.02;-11.38;✅ Boa gestão — ficou abaixo do IPCA
SUPORTE PARA MONITOR 2 GAVETAS;2020;2024;4;55.0;62.24;13.16;27.7;-11.39;✅ Boa gestão — ficou abaixo do IPCA
PNEU NOVO 275/80X22,5 RADIAL MISTO BORRACHUDO;2020;2025;4;1708.0;2015.0;17.97;33.14;-11.39;✅ Boa gestão — ficou abaixo do IPCA
14000031 ELEMENTO FILTRO AR B4T;2015;2018;4;24.93;25.08;0.6;13.53;-11.39;✅ Boa gestão — ficou abaixo do IPCA
ÓLEO MOTOR 20W50 4T GT4 P/ MOTO 1LT MINERAL;2015;2018;4;14.74;14.83;0.61;13.53;-11.4;✅ Boa gestão — ficou abaixo do IPCA
MANGUEIRA HIDR. D-471-4 - ¼ R1AT // GHL;2015;2018;3;9.38;9.43;0.53;13.53;-11.41;✅ Boa gestão — ficou abaixo do IPCA
CARTUCHO HP C9351AB 21 (5 ML PRETO);2018;2023;6;85.0;100.0;17.65;32.8;-11.41;✅ Boa gestão — ficou abaixo do IPCA
10811140 MOLA RETRÁTIL;2015;2018;4;25.5;25.65;0.59;13.53;-11.41;✅ Boa gestão — ficou abaixo do IPCA
FOSFORO;2016;2021;4;3.17;3.6;13.56;28.16;-11.41;✅ Boa gestão — ficou abaixo do IPCA
ESPÁTULA PARA MANIPULAÇÃO Nº 72;2015;2021;4;7.71;9.3;20.62;36.22;-11.41;✅ Boa gestão — ficou abaixo do IPCA
INTER. ART BCA-1 TEC-SIM.C/TOMADA;2016;2020;3;8.0;8.25;3.12;16.45;-11.42;✅ Boa gestão — ficou abaixo do IPCA
LÂMPADA VAPOR SÓDIO ALTA PRESSÃO 100W, BULBO TUBOLAR, E-40 V;2018;2020;3;24.07;23.25;-3.41;9.02;-11.42;✅ Boa gestão — ficou abaixo do IPCA
KIT COM 06 ELETRODOS TIPO PERA DE SILICONE ADULTO PARA ECG;2016;2020;5;271.46;280.0;3.15;16.45;-11.42;✅ Boa gestão — ficou abaixo do IPCA
REATOR EXTERNO AFP 0,93, PARA LÂMPADA MULTIVAPOR METÁLICO 10;2018;2020;3;274.76;265.21;-3.48;9.02;-11.46;✅ Boa gestão — ficou abaixo do IPCA
COMPRESSOR 1/3 HP R134 220V PARA CÂMARA DE VACINAS;2020;2022;3;824.5;849.99;3.09;16.43;-11.46;✅ Boa gestão — ficou abaixo do IPCA
GAXETA 132 X 65CM ENCAIXE PARA CÂMARA DE VACINAS;2020;2022;3;266.75;274.99;3.09;16.43;-11.46;✅ Boa gestão — ficou abaixo do IPCA
LÂMPADA VAPOR SÓDIO ALTA PRESSÃO 250W, BULBO OVÓIDE, E-40;2018;2020;3;27.22;26.28;-3.45;9.02;-11.47;✅ Boa gestão — ficou abaixo do IPCA
RELÉ FOTO ELETRÔNICO PARA ILUMINAÇÃO PÚBLICA 1000W;2018;2020;3;18.95;18.28;-3.54;9.02;-11.5;✅ Boa gestão — ficou abaixo do IPCA
BRAÇO PARA LUMINÁRIA ILUMINAÇÃO PÚBLICA COMUM 1M DE COM;2018;2020;3;16.88;16.29;-3.5;9.02;-11.5;✅ Boa gestão — ficou abaixo do IPCA
LENÇOL HOSPITALAR DESCARTÁVEL EM PAPEL.;2015;2024;4;7.3;10.21;39.86;58.06;-11.51;✅ Boa gestão — ficou abaixo do IPCA
VÁLVULA DE SERVIÇO SCHRADER 1/4 PARA CÂMARA DE VACINAS;2020;2022;3;14.95;15.4;3.01;16.43;-11.51;✅ Boa gestão — ficou abaixo do IPCA
CERA ROSA 7;2021;2025;4;17.4;18.62;7.01;20.97;-11.51;✅ Boa gestão — ficou abaixo do IPCA
GÁS REFRIGERANTE R134A - LATA DE 750G PARA CÂMARA DE VACINAS;2020;2022;3;116.4;119.9;3.01;16.43;-11.54;✅ Boa gestão — ficou abaixo do IPCA
APOSTILA  LIBRAS;2018;2023;5;37.9;44.5;17.41;32.8;-11.56;✅ Boa gestão — ficou abaixo do IPCA
KIT DE VÁLVULA SUPERIOR PARA AUTOCLAVE MODELOS 30 A 75L AHA;2019;2022;4;217.0;233.5;7.6;21.69;-11.58;✅ Boa gestão — ficou abaixo do IPCA
CX SIFONADA 150 X 50;2015;2021;6;22.0;26.5;20.45;36.22;-11.59;✅ Boa gestão — ficou abaixo do IPCA
ROLAMENTO TALMAX 12 X 4 X 6;2022;2025;4;60.35;61.0;1.07;14.35;-11.6;✅ Boa gestão — ficou abaixo do IPCA
PERICIAZINA 40MG/ML 20ML;2016;2019;3;15.0;14.77;-1.53;11.41;-11.62;✅ Boa gestão — ficou abaixo do IPCA
DISPENSER SABONETE LÍQUIDA DE PAREDE;2018;2021;3;33.0;35.0;6.06;19.99;-11.63;✅ Boa gestão — ficou abaixo do IPCA
SAIS P/ REIDRATAÇÃO ORAL ENVELOPE (CLOR SÓDIO3,5G + CLOR POT;2016;2019;3;0.46;0.45;-1.1;11.41;-11.63;✅ Boa gestão — ficou abaixo do IPCA
BUPIVACAÍNA 0,5% COM VASOCONSTRITOR FRASCO COM 20 ML (EMBALA;2018;2020;3;19.62;18.9;-3.67;9.02;-11.63;✅ Boa gestão — ficou abaixo do IPCA
EMBOLO DE NYLON VERMELHO;2022;2025;4;14.84;15.0;1.07;14.35;-11.65;✅ Boa gestão — ficou abaixo do IPCA
BLOCO DE CONCRETO SEXTAVADO COM 8CM DE ESPESSURA;2015;2017;3;28.45;27.5;-3.34;9.43;-11.67;✅ Boa gestão — ficou abaixo do IPCA
BALDE PLÁSTICO RESISTENTE CAPACIDADE 16 LTS;2016;2024;4;19.0;24.95;31.32;48.71;-11.69;✅ Boa gestão — ficou abaixo do IPCA
MEBENDAZOL 20 MG/ML  SUSP. ORAL 30 ML;2016;2020;4;1.0;1.02;2.33;16.45;-11.7;✅ Boa gestão — ficou abaixo do IPCA
INTER. ART BCA-1 TEC-SIMPLES;2016;2020;3;3.81;3.91;2.62;16.45;-11.73;✅ Boa gestão — ficou abaixo do IPCA
HASTE ATERRAMENTO 5/8 2,4MT COM CONECTOR ALTA CAMADA DE CO;2018;2020;3;31.51;30.31;-3.81;9.02;-11.75;✅ Boa gestão — ficou abaixo do IPCA
CONTRA ÂNGULO ODONTOLÓGICO PARA PEÇA DE MÃO;2015;2019;4;334.17;349.0;4.44;18.42;-11.81;✅ Boa gestão — ficou abaixo do IPCA
SINDESMÓTOMO EM AÇO INOX;2020;2024;4;7.12;8.02;12.64;27.7;-11.83;✅ Boa gestão — ficou abaixo do IPCA
BRIMONIDINA 0,15% 5ML SOL OFTALMICA;2016;2019;3;16.7;16.4;-1.8;11.41;-11.84;✅ Boa gestão — ficou abaixo do IPCA
CARTUCHO HP C9361A (93 A COLOR ( HP 1510 / HP 5440);2018;2022;5;160.0;179.0;11.87;26.94;-11.86;✅ Boa gestão — ficou abaixo do IPCA
CICLOPENTOLATO, CLORIDRATO 10MG/ML SOLUÇÃO OFTALMICA 5ML;2015;2017;3;7.4;7.13;-3.65;9.43;-11.89;✅ Boa gestão — ficou abaixo do IPCA
BLOCO DE CONCRETO TIPO PAVER COM 6CM DE ESPESSURA;2015;2017;3;28.0;27.0;-3.57;9.43;-11.89;✅ Boa gestão — ficou abaixo do IPCA
ACALCADOR DE BANDA C/ PONTA QUADRADA;2019;2021;3;10.55;10.7;1.42;15.03;-11.9;✅ Boa gestão — ficou abaixo do IPCA
LUVA DE PREVENTIVO DESCARTÁVEL;2015;2019;4;5.29;5.52;4.35;18.42;-11.91;✅ Boa gestão — ficou abaixo do IPCA
BRITA 3/4 (BRITA Nº 01) - INCLUSO FRETE;2021;2025;5;38.0;40.5;6.58;20.97;-11.92;✅ Boa gestão — ficou abaixo do IPCA
LÂMINA DE BISTURI Nº 12;2015;2023;4;23.58;31.3;32.74;50.77;-11.96;✅ Boa gestão — ficou abaixo do IPCA
PONTA DE ULTRASSON Nº 1 GNATUS (ROSCA INTERNA).;2020;2024;4;47.0;52.82;12.38;27.7;-11.98;✅ Boa gestão — ficou abaixo do IPCA
RAÇÃO BALANCEADA PARA GATOS ADULTOS;2015;2018;3;4.0;4.0;0.0;13.53;-12.0;✅ Boa gestão — ficou abaixo do IPCA
RAÇÃO BALANCEADA PARA GATOS FILHOTES;2015;2018;3;4.0;4.0;0.0;13.53;-12.0;✅ Boa gestão — ficou abaixo do IPCA
RÉGUA DE ALUMÍNIO DE 1 METRO;2017;2021;4;31.5;34.5;9.52;24.48;-12.02;✅ Boa gestão — ficou abaixo do IPCA
LIXEIRA PLÁSTICA CAPACIDADE 9 LITROS;2018;2021;3;6.5;6.86;5.54;19.99;-12.04;✅ Boa gestão — ficou abaixo do IPCA
CEBOLA DE CABEÇA;2015;2025;9;2.99;4.34;45.15;64.79;-12.04;✅ Boa gestão — ficou abaixo do IPCA
CONTROLE DE TEMPERATURA DA USINA DE ASFALTO, COLETA PARA ENS;2018;2020;3;1655.0;1586.88;-4.12;9.02;-12.05;✅ Boa gestão — ficou abaixo do IPCA
COMPRESSA CIRÚRGICA, 23X25, TIPO CAMPO OPERATÓRIO, NÃO DESCA;2019;2022;4;29.0;31.03;7.0;21.69;-12.07;✅ Boa gestão — ficou abaixo do IPCA
COLA BRANCA 1 KG;2015;2018;3;9.92;9.9;-0.2;13.53;-12.1;✅ Boa gestão — ficou abaixo do IPCA
CANETA ESFEROGRAFICA AZUL PONTA FINA;2019;2023;5;21.2;23.71;11.84;27.32;-12.15;✅ Boa gestão — ficou abaixo do IPCA
AMINOFILINA 24MG/ML 10ML;2015;2018;3;0.74;0.74;1.01;13.53;-12.16;✅ Boa gestão — ficou abaixo do IPCA
MELANCIA.;2015;2018;4;1.8;1.79;-0.56;13.53;-12.22;✅ Boa gestão — ficou abaixo do IPCA
LUTEÍNA ENRIQUECIDA COM VITAMINAS C, E, SELÊNIO E ZINCO (NEO;2016;2019;3;2.0;1.95;-2.5;11.41;-12.23;✅ Boa gestão — ficou abaixo do IPCA
COMPRESSOR 11/2HP ROTATIVO.;2015;2018;4;342.0;340.77;-0.36;13.53;-12.23;✅ Boa gestão — ficou abaixo do IPCA
CANETA COMPLETA ULTRASSOM JLS/JLS BP /JLS BPII SCHUSTER;2021;2025;5;942.43;1000.0;6.11;20.97;-12.29;✅ Boa gestão — ficou abaixo do IPCA
FRALDA DESCARTÁVEL ADULTO TAMANHO M, FORMATO ANATÔMICO, DE USO ÚNICO. ANTIALERGICA. MATERIAL: COMPOSIÇÃO INTERNA DE FIBRA DE CELULOSE, POLIETILENO, POLIPROPILENO, TECIDO NÃO TECIDO, CAMADA DE NÃO TECIDO TOTAL. COBERTURA EXTERNA IMPERMEÁVEL DE POLIETILENO FLEXÍVEL E RESISTENTE. ADESIVO EM TERMOPLÁSTICO. CARACTERÍSTICAS: COM FLOCOS DE GEL SUPER ABSORVENTE, CAMADA INTERNA E EXTERNA PERFEITAMENTE SOBREPOSTAS, COM AS BORDAS UNIDAS ENTRE SI, MEDIDA DA CINTURA DE 70 CM A 120 CM E PESO 40KG A 75KG (MEDIDAS APROXIMADAS).;2016;2022;5;0.95;1.12;17.89;35.58;-12.36;✅ Boa gestão — ficou abaixo do IPCA
SALBUTAMOL 0,4MG/ML XAROPE 100 ML;2016;2020;4;1.03;1.05;1.94;16.45;-12.37;✅ Boa gestão — ficou abaixo do IPCA
DISPENSADOR DE SENHA;2016;2020;4;244.9;249.9;2.04;16.45;-12.37;✅ Boa gestão — ficou abaixo do IPCA
CARNE BOVINA: FRALDINHA RESFRIADA;2018;2023;4;22.65;26.35;16.34;32.8;-12.38;✅ Boa gestão — ficou abaixo do IPCA
AMALGAMADOR CAPSULAR DIGITAL;2015;2019;3;486.81;505.0;3.74;18.42;-12.4;✅ Boa gestão — ficou abaixo do IPCA
TIRANTE ARANHA.;2016;2023;5;29.9;37.15;24.25;41.85;-12.41;✅ Boa gestão — ficou abaixo do IPCA
LUVA DE BOXE;2022;2024;3;104.0;99.85;-3.99;9.68;-12.47;✅ Boa gestão — ficou abaixo do IPCA
AAS - ACIDO ACETILSALICILICO TAMPONADO 100MG;2016;2020;4;0.18;0.17;-4.0;16.45;-12.5;✅ Boa gestão — ficou abaixo do IPCA
NORTRIPTILINA 50 MG CAPSULA, EM BLISTER.;2019;2024;5;0.38;0.44;15.11;33.47;-12.5;✅ Boa gestão — ficou abaixo do IPCA
DOMPERIDONA 10MG CPR;2016;2019;3;0.08;0.09;8.5;11.41;-12.5;✅ Boa gestão — ficou abaixo do IPCA
SIMETICONA 40MG CPR;2016;2020;4;0.08;0.09;8.43;16.45;-12.5;✅ Boa gestão — ficou abaixo do IPCA
PROMETAZINA 25MG/ML INJETÁVEL, AMPOLA 2ML.;2019;2023;4;1.7;1.9;11.76;27.32;-12.5;✅ Boa gestão — ficou abaixo do IPCA
ALPRAZOLAM 1MG CPR;2016;2019;3;0.09;0.08;-8.99;11.41;-12.5;✅ Boa gestão — ficou abaixo do IPCA
TRIMETAZIDINA 35MG MR CPR;2016;2019;3;1.28;1.24;-3.12;11.41;-12.5;✅ Boa gestão — ficou abaixo do IPCA
LAVADORA DE ALTA PRESSÃO;2019;2023;3;1639.0;1824.99;11.35;27.32;-12.54;✅ Boa gestão — ficou abaixo do IPCA
CARTUCHO HP C6615D (6615FL) 25ML;2018;2022;5;204.5;227.0;11.0;26.94;-12.55;✅ Boa gestão — ficou abaixo do IPCA
QUEIMADOR S-B26;2019;2021;3;7162.75;7204.69;0.59;15.03;-12.56;✅ Boa gestão — ficou abaixo do IPCA
TUBO DE CONCRETO D: 1000 MM CA1;2017;2023;3;220.0;265.0;20.45;37.78;-12.57;✅ Boa gestão — ficou abaixo do IPCA
CONE DE SINALIZAÇÃO, 75CM DE ALTURA, PVC RÍGIDO, LARANJA/BRA;2021;2024;3;27.6;27.99;1.41;16.03;-12.59;✅ Boa gestão — ficou abaixo do IPCA
NEUTRALIZADOR DE ODORES 300 ML;2015;2021;4;23.43;27.9;19.08;36.22;-12.59;✅ Boa gestão — ficou abaixo do IPCA
CABO PARA BISTURI Nº3;2015;2021;6;6.9;8.22;19.13;36.22;-12.61;✅ Boa gestão — ficou abaixo do IPCA
PISTOLA GRANDE 40 WW;2015;2018;3;9.98;9.9;-0.8;13.53;-12.63;✅ Boa gestão — ficou abaixo do IPCA
LUVA CIRURGICA LÁTEX, ESTERELIZADA, TAMANHO 6,5;2018;2023;4;0.99;1.15;16.16;32.8;-12.64;✅ Boa gestão — ficou abaixo do IPCA
FAIXA - FAIXA 300X70;2019;2023;3;98.9;110.0;11.22;27.32;-12.64;✅ Boa gestão — ficou abaixo do IPCA
BUCHA DE REDUÇÃO PVC LONGA SOLD. 75 X 50 MM,NBR 5648.;2015;2021;6;9.96;11.85;18.98;36.22;-12.65;✅ Boa gestão — ficou abaixo do IPCA
PORTA EUCATEX COMPLETA (0,82 X 2,11M);2018;2020;3;345.0;328.5;-4.78;9.02;-12.66;✅ Boa gestão — ficou abaixo do IPCA
PÃO SEM GLÚTEN, SEM LACTOSE E SEM AÇÚCAR.;2015;2018;3;19.89;19.72;-0.85;13.53;-12.67;✅ Boa gestão — ficou abaixo do IPCA
REATOR EXTERNO AFP 0,93 PARA LÂMPADA VAPOR DE SÓDIO 250W;2018;2020;3;62.8;59.77;-4.82;9.02;-12.71;✅ Boa gestão — ficou abaixo do IPCA
CANTONEIRA 1 X ¼ 6M;2015;2018;4;24.9;24.67;-0.9;13.53;-12.73;✅ Boa gestão — ficou abaixo do IPCA
VIDRO MINIBOREAL 3MM - COLOCADO;2017;2019;3;89.64;84.63;-5.59;8.22;-12.76;✅ Boa gestão — ficou abaixo do IPCA
SENSOR DE PRESSÃO QUE MONITORA E AJUSTA ADEQUADAMENTE A PRES;2021;2023;3;348.0;335.97;-3.46;10.68;-12.77;✅ Boa gestão — ficou abaixo do IPCA
REDE PARA MESA DE TÊNIS DE MESA;2022;2024;3;114.0;109.0;-4.39;9.68;-12.83;✅ Boa gestão — ficou abaixo do IPCA
CARRO DE CURATIVOS EM AÇO INOX;2018;2023;4;708.86;820.0;15.68;32.8;-12.9;✅ Boa gestão — ficou abaixo do IPCA
PORTA ALGODÃO E/OU RESÍDUOS, EM AÇO INOX.;2023;2025;3;53.0;50.42;-4.87;9.3;-12.94;✅ Boa gestão — ficou abaixo do IPCA
HIDROCORTISONA 500MG PÓ PARA SUSPENSÃO INJETÁVEL.;2019;2024;5;4.57;5.31;16.25;33.47;-12.95;✅ Boa gestão — ficou abaixo do IPCA
LEITE CONDENSADO: EM EMBALAGEM TRETA PAK DE 395G.;2022;2024;3;6.22;5.94;-4.58;9.68;-12.96;✅ Boa gestão — ficou abaixo do IPCA
"FITA ADESIVA PARA TESTE DE ESTERILIZAÇÃO EM AUTOCLAVE;";2015;2018;3;2.47;2.44;-1.21;13.53;-12.96;✅ Boa gestão — ficou abaixo do IPCA
AGULHA PARA COSTURA A MÃO;2017;2021;4;4.8;5.2;8.33;24.48;-12.98;✅ Boa gestão — ficou abaixo do IPCA
MACARRÃO TIPO PARAFUSO INTEGRAL;2015;2023;5;4.39;5.76;31.21;50.77;-12.98;✅ Boa gestão — ficou abaixo do IPCA
CADEADO EM LATÃO MACIÇO 25MM COM CHAVES;2015;2021;6;8.5;10.07;18.53;36.22;-13.0;✅ Boa gestão — ficou abaixo do IPCA
CAMISA TÉRMICA MANGA LONGA;2020;2025;3;74.51;86.3;15.82;33.14;-13.01;✅ Boa gestão — ficou abaixo do IPCA
HARPAGOPHYTUM PROCUMBENS 400MG (ARPADOL);2016;2019;3;1.55;1.5;-3.23;11.41;-13.01;✅ Boa gestão — ficou abaixo do IPCA
BANDA MOLAR UNIVERSAL KIT - INFERIOR (AZUL).;2020;2023;3;236.74;250.83;5.95;21.81;-13.02;✅ Boa gestão — ficou abaixo do IPCA
BANDA MOLAR UNIVERSAL KIT - SUPERIOR (VERMELHA).;2020;2023;3;236.74;250.83;5.95;21.81;-13.02;✅ Boa gestão — ficou abaixo do IPCA
GUIA DO TERMINAL BORDEN M.M DABI;2016;2025;9;23.73;32.0;34.85;55.04;-13.03;✅ Boa gestão — ficou abaixo do IPCA
CÂMARA DE AR 1000X20 COM VALVULA DE METAL;2017;2025;7;84.0;110.0;30.95;50.59;-13.04;✅ Boa gestão — ficou abaixo do IPCA
CONJUNTO COMPLETO MANOPLA PARA AUTOCLAVE HORIZONTAL DA STERM;2019;2022;4;210.0;222.2;5.81;21.69;-13.05;✅ Boa gestão — ficou abaixo do IPCA
LIXA FERRO Nº 36 A 220;2015;2021;5;2.45;2.9;18.37;36.22;-13.06;✅ Boa gestão — ficou abaixo do IPCA
ROLAMENTO TALMAX  10 X 4 X 3;2022;2025;4;60.35;60.0;-0.58;14.35;-13.06;✅ Boa gestão — ficou abaixo do IPCA
RODO, BASE EM ALUMINIO, 30CM;2021;2024;3;18.59;18.75;0.86;16.03;-13.11;✅ Boa gestão — ficou abaixo do IPCA
APAGADOR QUADRO NEGRO ESCOLAR;2015;2020;4;2.67;2.87;7.49;23.77;-13.11;✅ Boa gestão — ficou abaixo do IPCA
LEVODOPA 100MG + BENSERAZIDA 25MG COMPRIMIDO DISPERSIVEL.;2019;2024;4;1.62;1.88;16.05;33.47;-13.14;✅ Boa gestão — ficou abaixo do IPCA
INTER. EMB 1 TEC-CAMP. 006-EC;2015;2021;5;7.5;8.87;18.27;36.22;-13.2;✅ Boa gestão — ficou abaixo do IPCA
CAMARA DE AR 750X16;2016;2021;3;89.0;99.0;11.24;28.16;-13.2;✅ Boa gestão — ficou abaixo do IPCA
TUBO GALV. NBR 5580 2.1/2   (3,35MM);2015;2018;4;294.99;290.64;-1.47;13.53;-13.22;✅ Boa gestão — ficou abaixo do IPCA
TUBO DE CONCRETO COM D = 300 MM;2018;2023;3;23.0;26.5;15.22;32.8;-13.23;✅ Boa gestão — ficou abaixo do IPCA
PNEU NOVO 265/60 R18 A/T;2021;2025;4;915.0;960.0;4.92;20.97;-13.27;✅ Boa gestão — ficou abaixo do IPCA
TIAMINA 300 MG CPR, EM BLISTER.;2019;2024;5;0.18;0.21;16.2;33.47;-13.33;✅ Boa gestão — ficou abaixo do IPCA
ANEL BORRACHA VEDAÇÃO;2015;2023;7;1.2;1.57;30.67;50.77;-13.33;✅ Boa gestão — ficou abaixo do IPCA
METILFENIDATO 10 MG CPR, EM BLISTER.;2019;2024;5;0.54;0.62;15.06;33.47;-13.33;✅ Boa gestão — ficou abaixo do IPCA
ENVELOPE OFÍCIO COM TIMBRE;2016;2021;6;0.16;0.18;12.5;28.16;-13.33;✅ Boa gestão — ficou abaixo do IPCA
CHUPETA;2015;2023;7;1.2;1.57;30.68;50.77;-13.33;✅ Boa gestão — ficou abaixo do IPCA
FIO CIRÚRGICO PRETO MONOFILAMENTAR DE POLIAMIDA Nº.  2-0;2015;2020;4;25.6;27.45;7.23;23.77;-13.36;✅ Boa gestão — ficou abaixo do IPCA
CANETA PONTA ESFÉRICA COR AZUL;2015;2020;5;17.73;19.0;7.16;23.77;-13.42;✅ Boa gestão — ficou abaixo do IPCA
TUBO DE CONCRETO COM D = 600 MM;2018;2023;3;56.5;64.95;14.96;32.8;-13.44;✅ Boa gestão — ficou abaixo do IPCA
NECTARINA;2015;2018;3;4.58;4.5;-1.64;13.53;-13.44;✅ Boa gestão — ficou abaixo do IPCA
PLACA LÁBIO-ATIVA COM GANCHO;2019;2025;4;22.8;27.46;20.44;39.16;-13.45;✅ Boa gestão — ficou abaixo do IPCA
LIMA TIPO K 2ª SÉRIE Nº 45 A 80 DE 25 MM;2015;2018;3;13.44;13.2;-1.79;13.53;-13.47;✅ Boa gestão — ficou abaixo do IPCA
LIMA TIPO K 2ª SÉRIE Nº 45 A 80 DE 31 MM;2015;2018;3;13.44;13.2;-1.79;13.53;-13.47;✅ Boa gestão — ficou abaixo do IPCA
LIMA TIPO K 2ª SÉRIE Nº 45 A 80 DE 21 MM;2015;2018;3;13.44;13.2;-1.79;13.53;-13.47;✅ Boa gestão — ficou abaixo do IPCA
ADAPTADOR FLANGE SOLDAVEL 32X1;2015;2018;4;10.99;10.8;-1.73;13.53;-13.47;✅ Boa gestão — ficou abaixo do IPCA
CABO FLEXIVEL 6,0 (AZUL);2015;2017;3;2.0;1.89;-5.5;9.43;-13.5;✅ Boa gestão — ficou abaixo do IPCA
CRUZETA DE CONCRETO  2,40 MTS  400 DAN;2016;2020;3;160.0;161.14;0.71;16.45;-13.51;✅ Boa gestão — ficou abaixo do IPCA
SUPORTE PARA INSTALAÇÃO E FIXAÇÃO DE 01 LUMINÁRIAS EM TOPO D;2018;2020;3;77.35;72.93;-5.71;9.02;-13.52;✅ Boa gestão — ficou abaixo do IPCA
BACIA NA COR BRANCA CAPACIDADE 13,5 LITROS;2016;2023;3;10.84;13.3;22.69;41.85;-13.53;✅ Boa gestão — ficou abaixo do IPCA
PCI MONTADA SIENA VZ PT OLSEN;2018;2021;3;670.0;695.15;3.75;19.99;-13.53;✅ Boa gestão — ficou abaixo do IPCA
POTE DAPPEN DE VIDRO;2015;2025;8;1.92;2.73;42.19;64.79;-13.54;✅ Boa gestão — ficou abaixo do IPCA
REFIL PARA BALDE GIRATÓRIO;2018;2021;4;13.0;13.49;3.77;19.99;-13.54;✅ Boa gestão — ficou abaixo do IPCA
VINIL JATEADO TRANSPARENTE;2018;2021;3;405.0;420.0;3.7;19.99;-13.57;✅ Boa gestão — ficou abaixo do IPCA
CONDROITINA + GLICOSAMINA 500MG+400MG CAPSULA;2016;2019;3;1.1;1.05;-4.55;11.41;-13.59;✅ Boa gestão — ficou abaixo do IPCA
CANETA PONTA ESFÉRICA COR VERMELHA;2015;2020;5;17.77;19.0;6.92;23.77;-13.62;✅ Boa gestão — ficou abaixo do IPCA
IMPRESSÃO ADESIVO VINIL FOTOGRÁFICO COM APLICAÇÃO EM OS 2MM;2020;2022;3;88.5;89.0;0.56;16.43;-13.62;✅ Boa gestão — ficou abaixo do IPCA
CONJUNTO DE CONTRA ÂNGULO E MICRO MOTOR;2020;2025;4;739.5;850.0;14.94;33.14;-13.67;✅ Boa gestão — ficou abaixo do IPCA
CORRETIVO EM FITA DE 6M X 5MM;2020;2024;4;26.0;28.65;10.19;27.7;-13.71;✅ Boa gestão — ficou abaixo do IPCA
BETERRABA - NAS ESCOLAS;2021;2024;3;4.17;4.18;0.24;16.03;-13.73;✅ Boa gestão — ficou abaixo do IPCA
PNEU NOVO 275/70X22,5 RADIAL LISO;2021;2025;3;2295.0;2395.0;4.36;20.97;-13.74;✅ Boa gestão — ficou abaixo do IPCA
LEVODOPA 100MG + BENSERAZIDA 25MG HBS COMPRIMIDO LIBERAÇÃO P;2019;2023;4;1.55;1.7;9.68;27.32;-13.74;✅ Boa gestão — ficou abaixo do IPCA
CANJICA MILHO BRANCA;2022;2024;3;8.8;8.33;-5.34;9.68;-13.75;✅ Boa gestão — ficou abaixo do IPCA
METILDOPA 250MG CPR, EM BLISTER.;2019;2024;5;0.35;0.39;12.36;33.47;-13.79;✅ Boa gestão — ficou abaixo do IPCA
MICRO TESOURA CASTROVIEJO CURVA 11 CM;2020;2025;5;86.18;98.91;14.77;33.14;-13.8;✅ Boa gestão — ficou abaixo do IPCA
ADESIVO DENTAL FOTOPOLIMERIZÁVEL DO TIPO II;2015;2025;9;66.42;94.34;42.04;64.79;-13.81;✅ Boa gestão — ficou abaixo do IPCA
BUPIVACAÍNA 0,25% SEM VASOCONSTRITOR FRASCO COM 20 ML (EMBALAGEM ESTERILIZADA).;2021;2024;3;23.25;23.25;0.0;16.03;-13.83;✅ Boa gestão — ficou abaixo do IPCA
DOBRADOR DE AMARRILHO PONTA PRETA E CURVA SPUTNIK;2022;2024;3;18.52;17.5;-5.51;9.68;-13.85;✅ Boa gestão — ficou abaixo do IPCA
CARNE BOVINA, COSTELA DE BOI;2015;2017;3;13.0;12.26;-5.69;9.43;-13.85;✅ Boa gestão — ficou abaixo do IPCA
VELA;2017;2019;3;51.33;47.85;-6.78;8.22;-13.86;✅ Boa gestão — ficou abaixo do IPCA
COLETE PUTTI BAIXO;2015;2025;6;184.0;261.0;41.85;64.79;-13.92;✅ Boa gestão — ficou abaixo do IPCA
PERCEJEVO;2015;2018;3;1.22;1.19;-2.46;13.53;-13.93;✅ Boa gestão — ficou abaixo do IPCA
LIDOCAINA 2%, SEM VASO CONSTRITOR 20ML, FRASCO DE VIDRO.;2021;2024;3;4.0;4.0;-0.0;16.03;-13.95;✅ Boa gestão — ficou abaixo do IPCA
SONDA URETRAL Nº 16 DESCARTÁVEL;2018;2024;6;0.49;0.58;18.37;39.22;-13.95;✅ Boa gestão — ficou abaixo do IPCA
CILINDRO DO COMPRESSOR SCHULZ (MS3/MSV6);2022;2025;3;183.01;180.0;-1.64;14.35;-13.99;✅ Boa gestão — ficou abaixo do IPCA
FIAT DUCATO (06 -09) MULTI TETO ALTO 2.8 TURBO DIESEL JTD 2009;2021;2023;3;37.44;35.64;-4.82;10.68;-14.0;✅ Boa gestão — ficou abaixo do IPCA
SACO DE LIXO INFECTANTE 30 L;2019;2022;4;16.72;17.5;4.67;21.69;-14.02;✅ Boa gestão — ficou abaixo do IPCA
CUIDADOS PARA VASECTOMIA;2018;2020;3;6.39;5.99;-6.26;9.02;-14.03;✅ Boa gestão — ficou abaixo do IPCA
PISTOLA P/ COLA QUENTE ELÉTRICO,(GRANDE);2021;2024;4;15.19;15.15;-0.26;16.03;-14.08;✅ Boa gestão — ficou abaixo do IPCA
BENZILPENICILINA (1.200.000 UI);2018;2020;3;8.22;7.7;-6.27;9.02;-14.09;✅ Boa gestão — ficou abaixo do IPCA
CADERNO ESPIRAL (PEQUENO) 1/4 CAPA DURA.;2019;2021;3;2.69;2.65;-1.49;15.03;-14.1;✅ Boa gestão — ficou abaixo do IPCA
TANSULOSINA 0,4MG CPR;2016;2019;3;0.98;0.94;-4.19;11.41;-14.13;✅ Boa gestão — ficou abaixo do IPCA
CIMENTO DE HIDROXIDO DE CALCIO;2015;2025;6;17.61;24.92;41.51;64.79;-14.14;✅ Boa gestão — ficou abaixo do IPCA
CABO ALUMINIO MULTIPLEXADO 8,7/15KV XLPE 1X1X10+1+10MM MONOF;2018;2020;3;1.36;1.28;-5.88;9.02;-14.17;✅ Boa gestão — ficou abaixo do IPCA
BUCHA DE REDUÇÃO PVC CURTA SOLD. 40 X 32 MM,NBR 5648.;2015;2021;6;1.2;1.4;16.67;36.22;-14.17;✅ Boa gestão — ficou abaixo do IPCA
TRATOR AGRÍCOLA LS PLUS100;2023;2025;3;20.79;19.5;-6.19;9.3;-14.19;✅ Boa gestão — ficou abaixo do IPCA
PERICIAZINA 1% GOTAS 20ML;2016;2019;3;7.98;7.63;-4.39;11.41;-14.25;✅ Boa gestão — ficou abaixo do IPCA
MORANGA CABOTIÁ;2018;2025;6;3.7;4.61;24.46;45.15;-14.26;✅ Boa gestão — ficou abaixo do IPCA
LEVOTIROXINA 100MCG CPR;2016;2020;4;0.08;0.07;-10.26;16.45;-14.29;✅ Boa gestão — ficou abaixo do IPCA
CABO SINTENAX  6,0MM;2015;2021;6;2.59;3.02;16.6;36.22;-14.29;✅ Boa gestão — ficou abaixo do IPCA
DIAZEPAM 10MG CPR.;2019;2023;3;0.08;0.09;7.14;27.32;-14.29;✅ Boa gestão — ficou abaixo do IPCA
ALBENDAZOL 400MG COMPRIMIDO MASTIGÁVEL, EM BLISTER.;2019;2024;5;0.34;0.38;14.9;33.47;-14.29;✅ Boa gestão — ficou abaixo do IPCA
PROTETOR DE SURTO 40KA 440V;2019;2022;3;34.47;35.95;4.3;21.69;-14.29;✅ Boa gestão — ficou abaixo do IPCA
TIBOLONA 2,5MG CPR;2016;2020;4;0.52;0.52;0.0;16.45;-14.29;✅ Boa gestão — ficou abaixo do IPCA
PARAFUSO FZ 4,8 X 50MM;2015;2021;6;0.14;0.17;21.43;36.22;-14.29;✅ Boa gestão — ficou abaixo do IPCA
HALOPERIDOL 5MG CPR.;2019;2023;4;0.17;0.18;3.53;27.32;-14.29;✅ Boa gestão — ficou abaixo do IPCA
METOCLOPRAMIDA 10 MG;2016;2020;4;0.07;0.08;6.62;16.45;-14.29;✅ Boa gestão — ficou abaixo do IPCA
FATO VIOLAÇÃO;2016;2019;4;11.0;10.5;-4.55;11.41;-14.3;✅ Boa gestão — ficou abaixo do IPCA
MARGARINA;2015;2024;9;5.46;7.4;35.45;58.06;-14.34;✅ Boa gestão — ficou abaixo do IPCA
HIPOCLORITO DE SÓDIO A 2,5% - SODA CLORADA.;2015;2019;3;6.69;6.79;1.49;18.42;-14.35;✅ Boa gestão — ficou abaixo do IPCA
OMEPRAZOL 40MG, INJETÁVEL, COM DILUENTE 10ML.;2019;2023;4;5.6;6.11;9.11;27.32;-14.38;✅ Boa gestão — ficou abaixo do IPCA
AMBROXOL 6MG/ML;2016;2020;5;1.4;1.4;0.0;16.45;-14.39;✅ Boa gestão — ficou abaixo do IPCA
ÓLEO LUBRIFICANTE P/ ALTA-BAIXA ROTAÇÃO SPRAY-200ML;2020;2025;5;15.3;17.44;13.99;33.14;-14.4;✅ Boa gestão — ficou abaixo do IPCA
ELABORAÇÃO DE PROJETOS ARQUITETÔNICOS DE CONSTRUÇÃO E REFORMA DE EDIFICAÇÕES;2022;2025;3;30.0;29.36;-2.13;14.35;-14.41;✅ Boa gestão — ficou abaixo do IPCA
SERVIÇO DE SERRALHEIRO/SOLDADOR (MÃO DE OBRA) SEM DESLOCAMEN;2018;2021;4;100.0;102.63;2.63;19.99;-14.46;✅ Boa gestão — ficou abaixo do IPCA
LIMA RECIPROCANTE WAVEONE GLIDER 15-25MM.;2021;2024;3;161.2;160.0;-0.74;16.03;-14.46;✅ Boa gestão — ficou abaixo do IPCA
CÂMARA DE AR 19,5X24;2016;2025;6;227.0;301.0;32.6;55.04;-14.47;✅ Boa gestão — ficou abaixo do IPCA
LIMA NITI K-FILE 1ª SÉRIE (#15-40) DE 25MM.;2021;2025;4;16.44;17.0;3.41;20.97;-14.5;✅ Boa gestão — ficou abaixo do IPCA
LUVA DE PVC 2;2015;2020;4;1.34;1.42;5.58;23.77;-14.5;✅ Boa gestão — ficou abaixo do IPCA
FITA EMPACOTAMENTO;2016;2019;3;4.99;4.75;-4.81;11.41;-14.5;✅ Boa gestão — ficou abaixo do IPCA
RECARGA EXTINTOR CO2 04 KG;2015;2018;4;68.0;66.0;-2.94;13.53;-14.51;✅ Boa gestão — ficou abaixo do IPCA
EXTINTOR CO2 04 KG NOVO;2015;2023;7;385.0;496.2;28.88;50.77;-14.52;✅ Boa gestão — ficou abaixo do IPCA
BICARBONATO DE SÓDIO - 200G;2020;2024;4;7.5;8.18;9.07;27.7;-14.52;✅ Boa gestão — ficou abaixo do IPCA
ANEL ORING DO ROLAMENTO CANETA KAVO;2022;2025;4;2.97;2.9;-2.36;14.35;-14.56;✅ Boa gestão — ficou abaixo do IPCA
MACADAME;2016;2019;4;30.0;28.55;-4.83;11.41;-14.56;✅ Boa gestão — ficou abaixo do IPCA
BROCA DE VÍDIA  8MM;2015;2021;6;7.0;8.15;16.43;36.22;-14.57;✅ Boa gestão — ficou abaixo do IPCA
BROCA CARBIDE ESFÉRICA Nº 06. PARA PEÇA DE MÃO;2019;2025;4;7.8;9.28;18.97;39.16;-14.57;✅ Boa gestão — ficou abaixo do IPCA
CIRCUITO POTENCIA PLENA BIV (QUADRA 21);2016;2024;6;919.53;1168.0;27.02;48.71;-14.58;✅ Boa gestão — ficou abaixo do IPCA
CARNE SUÍNA CONGELADA: PALETA SUÍNA, SEM OSSO;2022;2024;3;23.8;22.3;-6.3;9.68;-14.59;✅ Boa gestão — ficou abaixo do IPCA
TONER AMARELO HP COLOR LASERJET PRO MFP M177FW ORIGINAL;2019;2024;5;386.0;439.9;13.96;33.47;-14.62;✅ Boa gestão — ficou abaixo do IPCA
SUGADOR CIRÚRGICO DESCARTÁVEL CAIXA C/ 40 UNIDADES.;2018;2021;3;37.99;38.88;2.34;19.99;-14.7;✅ Boa gestão — ficou abaixo do IPCA
BOLETIM DE CADASTRO IMOBILIÁRIO - BCI;2016;2021;4;8.6;9.4;9.3;28.16;-14.71;✅ Boa gestão — ficou abaixo do IPCA
BALA MASTIGAVEL SABOR IOGURTE;2018;2024;5;8.8;10.45;18.75;39.22;-14.71;✅ Boa gestão — ficou abaixo do IPCA
ESPÉCULOS DESCARTÁVEIS 2,5MM PARA OTOSCÓPIO ADC / MD, CAIXA;2020;2023;4;95.0;98.7;3.89;21.81;-14.72;✅ Boa gestão — ficou abaixo do IPCA
VÁLVULA REDUTORA COM MANOMETRO PARA CILINDRO DE O2;2021;2023;3;245.06;231.3;-5.61;10.68;-14.72;✅ Boa gestão — ficou abaixo do IPCA
ESPÉCULOS DESCARTÁVEIS 4,0MM PARA OTOSCÓPIO ADC / MD, CAIXA;2020;2023;4;95.0;98.7;3.89;21.81;-14.72;✅ Boa gestão — ficou abaixo do IPCA
LIMA C PILOT MANUAL 15 DE 25MM;2021;2025;4;24.9;25.65;3.01;20.97;-14.82;✅ Boa gestão — ficou abaixo do IPCA
LENÇOL HOSPITALAR DESCARTÁVEL EM PAPEL;2019;2022;4;8.21;8.5;3.53;21.69;-14.86;✅ Boa gestão — ficou abaixo do IPCA
AR 11 S/ ROLDANA;2015;2021;6;9.49;11.0;15.91;36.22;-14.86;✅ Boa gestão — ficou abaixo do IPCA
BROCA CARBIDE ESFÉRICA Nº 02. PARA PEÇA DE MÃO;2019;2025;4;7.8;9.24;18.46;39.16;-14.87;✅ Boa gestão — ficou abaixo do IPCA
LIQUIDIFICADOR INDUSTRIAL;2015;2025;7;777.0;1090.0;40.28;64.79;-14.87;✅ Boa gestão — ficou abaixo do IPCA
FILTRO DO CABEÇOTE COMPRESSOR 1/4;2017;2025;6;39.0;50.0;28.21;50.59;-14.87;✅ Boa gestão — ficou abaixo do IPCA
BETAMETASONA, DIPROPRIONATO +  BETAMETASONA FOSFATO 1ML;2015;2023;3;2.88;3.7;28.47;50.77;-14.93;✅ Boa gestão — ficou abaixo do IPCA
FORCEPS Nº151;2015;2025;4;37.66;52.79;40.18;64.79;-14.95;✅ Boa gestão — ficou abaixo do IPCA
ROTEATOR;2016;2020;3;899.0;890.0;-1.0;16.45;-14.98;✅ Boa gestão — ficou abaixo do IPCA
FOLHA EM EVA 600X400X2MM;2015;2024;8;1.0;1.35;35.0;58.06;-15.0;✅ Boa gestão — ficou abaixo do IPCA
MEDROXIPROGESTERONA 150MG/ML 1ML;2015;2018;3;8.85;8.54;-3.55;13.53;-15.03;✅ Boa gestão — ficou abaixo do IPCA
FÓRCEPS Nº17;2015;2025;4;37.7;52.79;40.03;64.79;-15.04;✅ Boa gestão — ficou abaixo do IPCA
FÓRCEPS Nº69;2015;2025;4;37.7;52.79;40.03;64.79;-15.04;✅ Boa gestão — ficou abaixo do IPCA
CONDENSADOR DE GUTAPERCHA MCSPADDEN #45;2021;2024;3;94.0;92.66;-1.43;16.03;-15.06;✅ Boa gestão — ficou abaixo do IPCA
CONDENSADOR DE GUTAPERCHA MCSPADDEN #50;2021;2024;3;94.0;92.64;-1.45;16.03;-15.07;✅ Boa gestão — ficou abaixo do IPCA
AMIODARONA, CLORIDRATO 50MG/ML, INJETÁVEL, AMPOLA 3ML.;2019;2023;4;1.88;2.04;8.35;27.32;-15.09;✅ Boa gestão — ficou abaixo do IPCA
BACIO SANITÁRIO(OVAL)EM PORCELANA CORES BEGE,BRANCO OU CINZA;2015;2018;4;88.9;85.65;-3.66;13.53;-15.13;✅ Boa gestão — ficou abaixo do IPCA
PLACA ELETRÔN. AR BRASTEMP;2015;2018;3;248.51;239.41;-3.66;13.53;-15.14;✅ Boa gestão — ficou abaixo do IPCA
COMPRESSA NÃO ADERENTE 20X10CM;2021;2023;3;4.85;4.55;-6.19;10.68;-15.17;✅ Boa gestão — ficou abaixo do IPCA
LIMA TIPO K Nº 08 DE 25 MM;2015;2019;4;13.44;13.5;0.45;18.42;-15.18;✅ Boa gestão — ficou abaixo do IPCA
LIMA TIPO K Nº 08 DE 31 MM;2015;2019;4;13.44;13.5;0.45;18.42;-15.18;✅ Boa gestão — ficou abaixo do IPCA
LÂMPADA HALÓGENA 26V 150W G6,35;2019;2023;5;99.0;106.8;7.88;27.32;-15.26;✅ Boa gestão — ficou abaixo do IPCA
"CONTROLE DE TODO;";2018;2020;3;2.45;2.27;-7.35;9.02;-15.28;✅ Boa gestão — ficou abaixo do IPCA
VERNIZ CAVITÁRIO -10 ML;2020;2025;5;8.5;9.59;12.82;33.14;-15.28;✅ Boa gestão — ficou abaixo do IPCA
FORCEPS Nº150;2015;2025;4;37.81;52.79;39.62;64.79;-15.29;✅ Boa gestão — ficou abaixo do IPCA
KIT POSICIONADOR PARA RX INFANTIL;2018;2025;7;50.0;61.47;22.94;45.15;-15.3;✅ Boa gestão — ficou abaixo do IPCA
LASER DE ALTA E BAIXA. COM SISTEMA WIRELESS SEM FIO;2019;2025;5;3650.0;4300.0;17.81;39.16;-15.34;✅ Boa gestão — ficou abaixo do IPCA
TUBO GALV. NBR 5580 2        (3,00MM);2015;2018;4;219.99;211.41;-3.9;13.53;-15.35;✅ Boa gestão — ficou abaixo do IPCA
BOBINA DE PAPEL TOALHA;2018;2025;5;95.64;117.5;22.86;45.15;-15.36;✅ Boa gestão — ficou abaixo do IPCA
FECHADURA TUBULAR CILINDRICA (P/ PORTA DIVISORIA);2015;2020;5;37.9;39.7;4.75;23.77;-15.36;✅ Boa gestão — ficou abaixo do IPCA
SACO DE LIXO 15 LITROS;2016;2021;4;5.8;6.3;8.62;28.16;-15.38;✅ Boa gestão — ficou abaixo do IPCA
TOPIRAMATO 100MG;2016;2019;3;0.28;0.26;-7.61;11.41;-15.38;✅ Boa gestão — ficou abaixo do IPCA
LIXEIRA 75 LITROS COM TAMPA E PEDAL;2020;2024;3;115.0;124.26;8.05;27.7;-15.38;✅ Boa gestão — ficou abaixo do IPCA
TAMPA DA CABECA DO CONTRA ANGULO DABI ATLANTE;2022;2025;4;21.8;21.1;-3.21;14.35;-15.4;✅ Boa gestão — ficou abaixo do IPCA
PROTETOR 1300X24;2016;2022;6;89.0;102.0;14.61;35.58;-15.47;✅ Boa gestão — ficou abaixo do IPCA
ANEL EXPANSÃO;2015;2023;7;8.0;10.19;27.41;50.77;-15.5;✅ Boa gestão — ficou abaixo do IPCA
TUBO GALV. NBR 5580 3/4      (2,25M;2015;2018;4;78.85;75.64;-4.07;13.53;-15.5;✅ Boa gestão — ficou abaixo do IPCA
SONDA EXPLORADORA ENDODONTICA Nº6;2015;2025;9;4.9;6.82;39.18;64.79;-15.51;✅ Boa gestão — ficou abaixo do IPCA
CJ. DO SENSOR PT 100 BULBO LISO (AHMC5);2021;2025;4;132.08;135.0;2.21;20.97;-15.51;✅ Boa gestão — ficou abaixo do IPCA
LÃ DE VIDRO 200/38MM DENSIDADE 12KG/M3;2019;2023;5;46.5;50.0;7.53;27.32;-15.56;✅ Boa gestão — ficou abaixo do IPCA
BRITA ¾.;2016;2018;3;30.0;27.05;-9.83;6.81;-15.56;✅ Boa gestão — ficou abaixo do IPCA
CIRCUITO PLACA LED VT 12/21 BIV;2022;2025;4;133.6;129.0;-3.45;14.35;-15.56;✅ Boa gestão — ficou abaixo do IPCA
REFRIGERADOR TIPO DOMÉSTICO 2 PORTAS;2015;2019;3;1497.78;1497.0;-0.05;18.42;-15.6;✅ Boa gestão — ficou abaixo do IPCA
FILTRO PARA MÁSCARA P2 HE-1 PARA MÁSCARAS 3M;2020;2024;4;23.63;25.47;7.79;27.7;-15.61;✅ Boa gestão — ficou abaixo do IPCA
LEVOMEPROMAZINA 25 MG;2016;2019;3;0.34;0.32;-7.25;11.41;-15.62;✅ Boa gestão — ficou abaixo do IPCA
ESTILETE GRANDE ROSCA EMBORRACHADO;2017;2021;3;23.8;25.0;5.04;24.48;-15.63;✅ Boa gestão — ficou abaixo do IPCA
SENSOR TEMP VCF 12/21;2021;2025;5;130.09;132.7;2.01;20.97;-15.68;✅ Boa gestão — ficou abaixo do IPCA
FÓRCEPS Nº68;2015;2025;4;38.01;52.8;38.91;64.79;-15.71;✅ Boa gestão — ficou abaixo do IPCA
VIRABREQUIM;2015;2019;5;248.43;247.9;-0.21;18.42;-15.73;✅ Boa gestão — ficou abaixo do IPCA
CANETA DESTACA TEXTO.;2018;2023;6;8.02;8.97;11.85;32.8;-15.78;✅ Boa gestão — ficou abaixo do IPCA
"PARAFUSO P/ WC 10MM LATÃO CR;";2015;2018;4;2.3;2.2;-4.35;13.53;-15.87;✅ Boa gestão — ficou abaixo do IPCA
SABONETE LÍQUIDO CREMOSO;2016;2021;4;16.0;17.25;7.81;28.16;-15.88;✅ Boa gestão — ficou abaixo do IPCA
ACHOCOLATADO EM PO;2015;2023;7;3.59;4.55;26.74;50.77;-15.88;✅ Boa gestão — ficou abaixo do IPCA
VW/ÔNIBUS/15.190 EOD E.S.ORE (NACIONAL) 2011 – 2013;2023;2025;3;23.0;21.15;-8.04;9.3;-15.9;✅ Boa gestão — ficou abaixo do IPCA
BOMBOM RECHEADO;2016;2023;6;38.89;46.35;19.18;41.85;-15.99;✅ Boa gestão — ficou abaixo do IPCA
PEDAL PROGRESSIVO INJETADO EQUIPO GNATUS;2021;2025;5;152.83;155.3;1.62;20.97;-16.0;✅ Boa gestão — ficou abaixo do IPCA
IMIPRAMINA 25 MG;2016;2020;4;0.27;0.26;-3.35;16.45;-16.0;✅ Boa gestão — ficou abaixo do IPCA
ENGRENAGEM MONTADA CA INTRA  KAVO;2022;2025;4;187.97;180.5;-3.98;14.35;-16.03;✅ Boa gestão — ficou abaixo do IPCA
ABOBRINHA;2018;2021;4;3.4;3.42;0.59;19.99;-16.05;✅ Boa gestão — ficou abaixo do IPCA
LAVADORA DE ROUPAS;2015;2019;3;1328.0;1320.0;-0.6;18.42;-16.06;✅ Boa gestão — ficou abaixo do IPCA
ARGAMASSA ACIII EXTERNA 20KG;2018;2021;3;21.35;21.49;0.66;19.99;-16.11;✅ Boa gestão — ficou abaixo do IPCA
ACIDO VALPRÓICO 300 MG;2016;2019;3;0.66;0.62;-6.34;11.41;-16.13;✅ Boa gestão — ficou abaixo do IPCA
ONDANSETRONA 4MG CPR;2016;2019;3;2.23;2.09;-6.19;11.41;-16.19;✅ Boa gestão — ficou abaixo do IPCA
CLORPROMAZINA, CLORIDRATO 5MG/ML, INJETÁVEL;2015;2018;3;1.05;1.0;-4.76;13.53;-16.19;✅ Boa gestão — ficou abaixo do IPCA
GRAVADOR DE DVD;2016;2020;3;91.22;89.0;-2.44;16.45;-16.22;✅ Boa gestão — ficou abaixo do IPCA
APARELHO TELEFONICO;2015;2021;7;46.45;53.0;14.11;36.22;-16.23;✅ Boa gestão — ficou abaixo do IPCA
RECEITUÁRIO RETINÓIDE;2018;2022;4;2.29;2.43;6.11;26.94;-16.34;✅ Boa gestão — ficou abaixo do IPCA
PAPEL HIGIÊNICO 30M;2015;2017;3;59.0;54.0;-8.47;9.43;-16.36;✅ Boa gestão — ficou abaixo do IPCA
POLVILHO DOCE;2016;2024;6;6.04;7.5;24.17;48.71;-16.37;✅ Boa gestão — ficou abaixo do IPCA
TRIGO;2018;2021;3;2.63;2.64;0.38;19.99;-16.38;✅ Boa gestão — ficou abaixo do IPCA
BUCHA ROSCADA TRAPEZOIDAL AHA/AHD STERMAX;2022;2025;4;36.6;35.0;-4.37;14.35;-16.38;✅ Boa gestão — ficou abaixo do IPCA
BATERIA 9 VOLTS NO TAMANHO PADRÃO;2018;2020;3;4.5;4.1;-8.89;9.02;-16.41;✅ Boa gestão — ficou abaixo do IPCA
TAMBOREL ENDOMETRIC;2017;2025;5;12.65;15.92;25.85;50.59;-16.44;✅ Boa gestão — ficou abaixo do IPCA
SACO DE LIXO INFECTANTE 50 L;2019;2022;4;24.59;25.0;1.67;21.69;-16.47;✅ Boa gestão — ficou abaixo do IPCA
BENZILPENICILINA BENZATINA 600.000 UI.;2018;2024;5;6.82;7.94;16.42;39.22;-16.47;✅ Boa gestão — ficou abaixo do IPCA
PLUG 2P+T 10A 250V;2019;2023;5;11.0;11.7;6.36;27.32;-16.47;✅ Boa gestão — ficou abaixo do IPCA
DRENO PENROSE ESTERILIZADO Nº 1;2015;2024;8;0.97;1.28;31.96;58.06;-16.49;✅ Boa gestão — ficou abaixo do IPCA
ÁLCOOL EM GEL ANTISSÉPTICO COM BICO DOSADOR (VÁLVULA PUMP);2018;2021;3;8.99;9.0;0.11;19.99;-16.54;✅ Boa gestão — ficou abaixo do IPCA
CJ. HIDRAULICO 220V AUTOCLAVE AHMC5 SERCON;2021;2025;4;377.37;381.0;0.96;20.97;-16.54;✅ Boa gestão — ficou abaixo do IPCA
BROCA CARBIDE ESFÉRICA Nº 04. PARA PEÇA DE MÃO.;2019;2025;4;7.8;9.07;16.28;39.16;-16.54;✅ Boa gestão — ficou abaixo do IPCA
ROLAMENTO DE ESFERAS 6000;2015;2019;5;19.23;18.99;-1.25;18.42;-16.59;✅ Boa gestão — ficou abaixo do IPCA
FLANELA PARA LIMPEZA COR ABÓBORA;2016;2019;3;23.9;22.22;-7.03;11.41;-16.59;✅ Boa gestão — ficou abaixo do IPCA
ALFACE CRESPA CONVENCIONAL - NAS ESCOLAS;2021;2024;3;12.48;12.08;-3.21;16.03;-16.59;✅ Boa gestão — ficou abaixo do IPCA
CARNE DE FRANGO CONGELADA: PEITO COM OSSO;2018;2023;4;8.75;9.69;10.74;32.8;-16.6;✅ Boa gestão — ficou abaixo do IPCA
ELABORAÇÃO DE PROJETO ESTRUTURAL DE CONSTRUÇÃO E REFORMA DE EDIFICAÇÕES;2022;2025;3;15.0;14.3;-4.67;14.35;-16.62;✅ Boa gestão — ficou abaixo do IPCA
LEVOTIROXINA 50MCG CPR;2016;2020;4;0.07;0.06;-3.49;16.45;-16.67;✅ Boa gestão — ficou abaixo do IPCA
HIDROXIDO DE ALUMINIO200MG + HIDROXIDO DE MAGNÉSIO 200MG COM;2019;2023;4;0.35;0.37;5.71;27.32;-16.67;✅ Boa gestão — ficou abaixo do IPCA
GLICLAZIDA 30MG CPR LIBERAÇÃO PROLONGADA, EM BLISTER.;2019;2024;4;0.14;0.16;15.0;33.47;-16.67;✅ Boa gestão — ficou abaixo do IPCA
CARBONATO DE CALCIO 1.250MG EQV 500MG CA++ CPR;2016;2019;3;0.06;0.06;-4.76;11.41;-16.67;✅ Boa gestão — ficou abaixo do IPCA
FLUOXETINA 20MG CAPS  (EM BLÍSTER - CARTELAS COM NO MÍNIMO 7;2018;2020;3;0.06;0.06;-6.35;9.02;-16.67;✅ Boa gestão — ficou abaixo do IPCA
CARTAZ DO TRÂNSITO;2018;2021;3;0.89;0.88;-1.12;19.99;-16.67;✅ Boa gestão — ficou abaixo do IPCA
CARVEDILOL 3,125 MG CPR, EM BLISTER.;2019;2024;5;0.07;0.08;18.68;33.47;-16.67;✅ Boa gestão — ficou abaixo do IPCA
CARVEDILOL 6,25 MG CPR, EM BLISTER.;2019;2024;5;0.07;0.08;4.52;33.47;-16.67;✅ Boa gestão — ficou abaixo do IPCA
BROMETO DE N-BUTIL ESCOPOLAMINA + DIPIRONA 10MG+250MG CPR;2016;2019;3;0.38;0.36;-7.79;11.41;-16.67;✅ Boa gestão — ficou abaixo do IPCA
CABO FLEXIVEL 4,0 (PRETO);2015;2017;3;1.2;1.09;-9.17;9.43;-16.67;✅ Boa gestão — ficou abaixo do IPCA
CABO FLEXIVEL 4,0 (AZUL);2015;2017;3;1.2;1.09;-9.17;9.43;-16.67;✅ Boa gestão — ficou abaixo do IPCA
SULFATO FERROSO 125MG/ML SOLUÇÃO ORAL  30ML;2015;2018;3;0.69;0.65;-5.08;13.53;-16.67;✅ Boa gestão — ficou abaixo do IPCA
FLUOXETINA, CLORIDRATO 20MG;2015;2018;3;0.06;0.06;-0.34;13.53;-16.67;✅ Boa gestão — ficou abaixo do IPCA
ONDANSETRONA 2MG/ML INJETÁVEL, AMPOLA 2ML.;2019;2024;4;1.0;1.1;9.99;33.47;-16.67;✅ Boa gestão — ficou abaixo do IPCA
MULETA CANADENSE;2015;2022;6;65.0;77.98;19.97;44.11;-16.75;✅ Boa gestão — ficou abaixo do IPCA
EIXO DIANTEIRO CONTRA-ANGULO DABI ATLANTE;2018;2024;4;153.5;177.8;15.83;39.22;-16.8;✅ Boa gestão — ficou abaixo do IPCA
RETESTE DO CILINDRO PQS 04 KG;2015;2023;7;25.0;31.36;25.45;50.77;-16.8;✅ Boa gestão — ficou abaixo do IPCA
LINAGLIPTINA 5MG;2016;2020;4;6.2;6.0;-3.23;16.45;-16.81;✅ Boa gestão — ficou abaixo do IPCA
PNEU NOVO 900X20 RADIAL, BORRACHUDO 14 LONAS;2016;2021;4;1530.0;1630.0;6.54;28.16;-16.87;✅ Boa gestão — ficou abaixo do IPCA
PINÇA HEMOSTÁTICA KELLY CURVA 16CM;2020;2025;5;26.26;29.03;10.55;33.14;-16.97;✅ Boa gestão — ficou abaixo do IPCA
CÂMARA DE AR 1100X22 COM VALVULA DE METAL;2017;2025;7;104.0;130.0;25.0;50.59;-16.99;✅ Boa gestão — ficou abaixo do IPCA
DESINFETANTE DE USO GERAL 500ML.;2018;2024;4;1.3;1.5;15.38;39.22;-17.03;✅ Boa gestão — ficou abaixo do IPCA
CONE 50CM PRETO/AMARELO;2015;2019;3;12.7;12.47;-1.81;18.42;-17.09;✅ Boa gestão — ficou abaixo do IPCA
"FIO DE AÇO CRNI DURO REDONDO 0.90MM (036"") - 50G";2022;2024;3;13.4;12.19;-9.03;9.68;-17.1;✅ Boa gestão — ficou abaixo do IPCA
PINCEL CHATO - NUMERO 12;2019;2023;5;0.9;0.95;5.56;27.32;-17.11;✅ Boa gestão — ficou abaixo do IPCA
JOELHO SOLDÁVEL 40 X 90º;2015;2021;6;3.5;3.95;12.86;36.22;-17.14;✅ Boa gestão — ficou abaixo do IPCA
CANALETA PVC COM TAMPA,LARGURA 50MM ALTURA 20MM E COMPRIMENT;2015;2021;6;17.9;20.2;12.85;36.22;-17.15;✅ Boa gestão — ficou abaixo do IPCA
GOIABA;2018;2023;4;6.35;6.98;9.92;32.8;-17.17;✅ Boa gestão — ficou abaixo do IPCA
ESFIGMOMANÔMETRO INFANTIL;2018;2023;6;50.0;55.0;10.0;32.8;-17.17;✅ Boa gestão — ficou abaixo do IPCA
ALVEOLÓTOMO CURVO 16CM;2021;2025;4;57.0;57.07;0.12;20.97;-17.23;✅ Boa gestão — ficou abaixo do IPCA
CÂNULA DE TRAQUEOSTOMIA DE SILICONE COM BALONETE NÚMERO 7,0;2018;2021;4;18.84;18.7;-0.74;19.99;-17.24;✅ Boa gestão — ficou abaixo do IPCA
GRAMPO PARA GRAMPEADOR 26/6;2016;2024;4;2.65;3.25;22.64;48.71;-17.27;✅ Boa gestão — ficou abaixo do IPCA
VALV. REGULADORA DE AR- OLSEN;2022;2025;4;83.1;78.6;-5.42;14.35;-17.29;✅ Boa gestão — ficou abaixo do IPCA
SAPATO FEMININO ESTILO BONECA;2023;2025;3;165.0;149.0;-9.7;9.3;-17.38;✅ Boa gestão — ficou abaixo do IPCA
ELETRODO PARA MONITORIZAÇÃO CARDÍACA C/ GEL - PEDIÁTRICO;2015;2022;7;0.23;0.27;17.83;44.11;-17.39;✅ Boa gestão — ficou abaixo do IPCA
ESCITALOPRAM, OXALATO 15MG CPR;2016;2019;3;0.24;0.22;-8.33;11.41;-17.39;✅ Boa gestão — ficou abaixo do IPCA
BRITA ¾;2015;2018;4;32.0;30.0;-6.25;13.53;-17.44;✅ Boa gestão — ficou abaixo do IPCA
ALICATE ORTODÔNTICO CONFORMADOR DE BANDAS;2019;2025;7;84.54;97.13;14.89;39.16;-17.44;✅ Boa gestão — ficou abaixo do IPCA
SALBUTAMOL 100MCG SPRAY COM AEROSSOL;2016;2020;4;6.5;6.25;-3.85;16.45;-17.48;✅ Boa gestão — ficou abaixo do IPCA
COMPUTADOR AVANÇADO COMPLETO;2019;2023;5;10200.0;10715.0;5.05;27.32;-17.49;✅ Boa gestão — ficou abaixo do IPCA
COLA BASTÃO;2015;2020;5;4.0;4.08;2.0;23.77;-17.5;✅ Boa gestão — ficou abaixo do IPCA
CAPACITOR 380V 25 MF.;2015;2018;4;14.25;13.34;-6.39;13.53;-17.54;✅ Boa gestão — ficou abaixo do IPCA
PORTA AGULHA CASTROVIEJO ESPECIAL WÍDEA 14CM;2020;2025;5;148.0;162.47;9.78;33.14;-17.55;✅ Boa gestão — ficou abaixo do IPCA
REQUERIMENTO SIMPLES;2016;2019;4;9.8;9.0;-8.16;11.41;-17.57;✅ Boa gestão — ficou abaixo do IPCA
ESPONJA DE LÃ DE AÇO;2015;2021;4;0.91;1.02;12.09;36.22;-17.58;✅ Boa gestão — ficou abaixo do IPCA
FLANELA;2018;2023;4;148.9;162.95;9.44;32.8;-17.59;✅ Boa gestão — ficou abaixo do IPCA
FORMULA PARA LACTENTES QUE APRESENTEM REGURGITAÇÃO E/OU REFL;2016;2020;4;32.09;30.8;-4.02;16.45;-17.59;✅ Boa gestão — ficou abaixo do IPCA
ANEL DE VEDAÇÃO SILICONE VT21/PLENA 70A75 SHORE;2022;2025;4;116.74;110.0;-5.77;14.35;-17.6;✅ Boa gestão — ficou abaixo do IPCA
REFRIGERANTE (2 LITROS);2022;2024;3;8.9;8.04;-9.66;9.68;-17.64;✅ Boa gestão — ficou abaixo do IPCA
CLORETO DE SÓDIO 0,9% INJ 10ML;2016;2019;3;0.18;0.16;-8.11;11.41;-17.65;✅ Boa gestão — ficou abaixo do IPCA
DETERGENTE ENZIMÁTICO.;2019;2024;3;64.9;71.33;9.91;33.47;-17.65;✅ Boa gestão — ficou abaixo do IPCA
TOMADA ARTIS BCA 2P+T;2016;2020;3;5.0;4.79;-4.2;16.45;-17.66;✅ Boa gestão — ficou abaixo do IPCA
CLORETO DE SÓDIO 0,9%, SISTEMA ABERTO, FRASCO 250ML.;2021;2024;3;2.0;1.92;-4.0;16.03;-17.69;✅ Boa gestão — ficou abaixo do IPCA
ESCOVA PARA LAVAR ROUPAS;2018;2021;4;2.69;2.65;-1.49;19.99;-17.72;✅ Boa gestão — ficou abaixo do IPCA
.ENCOSTO PARA CADEIRA DE RODAS EM COURVIN;2021;2023;3;153.67;139.9;-8.96;10.68;-17.75;✅ Boa gestão — ficou abaixo do IPCA
KIT DE TECLADO E MOUSE SEM FIO;2021;2025;4;198.5;197.5;-0.5;20.97;-17.75;✅ Boa gestão — ficou abaixo do IPCA
TIRA REAGENTE PARA GLICEMIA CAPILAR;2015;2017;3;0.45;0.4;-11.11;9.43;-17.78;✅ Boa gestão — ficou abaixo do IPCA
PASTA CARTOLINA PLASTIFICADA COM ELASTICO;2015;2019;5;1.63;1.59;-2.45;18.42;-17.79;✅ Boa gestão — ficou abaixo do IPCA
PINCEL ATOMICO;2015;2023;7;0.92;1.15;24.32;50.77;-17.84;✅ Boa gestão — ficou abaixo do IPCA
SAL GROSSO;2020;2023;3;2.29;2.29;0.0;21.81;-17.84;✅ Boa gestão — ficou abaixo do IPCA
DIVISÓRIA COM PAINÉIS BRANCO NO TIPO NAVAL SIMPLES E PERFIS;2015;2020;6;94.45;96.0;1.64;23.77;-17.88;✅ Boa gestão — ficou abaixo do IPCA
GORROS DESCARTÁVEIS TIPO TOUCA COM ELÁSTICO;2015;2023;5;5.65;7.0;23.89;50.77;-17.88;✅ Boa gestão — ficou abaixo do IPCA
KIT DE ELETRODOS TIPO CLIP ADULTO COM 4 UN. PARA ECG;2016;2020;5;256.25;245.0;-4.39;16.45;-17.89;✅ Boa gestão — ficou abaixo do IPCA
IMOBILIZADOR DE CABECA;2020;2023;4;80.0;80.0;0.0;21.81;-17.91;✅ Boa gestão — ficou abaixo do IPCA
CAIXA COPO DESCARTÁVEL 180ML, COM 2500 UNIDADES;2015;2023;3;80.0;99.0;23.75;50.77;-17.92;✅ Boa gestão — ficou abaixo do IPCA
MANG. SILICONE TRANSPARENTE 3X7 MM;2021;2024;4;33.76;32.15;-4.77;16.03;-17.92;✅ Boa gestão — ficou abaixo do IPCA
MEDROXIPROGESTERONA 150MG/ML, INJETÁVEL, AMPOLA 1ML.;2019;2024;5;10.9;11.94;9.54;33.47;-17.93;✅ Boa gestão — ficou abaixo do IPCA
FRALDA DESCARTÁVEL INFANTIL TAMANHO XG;2016;2019;3;0.53;0.48;-9.43;11.41;-18.0;✅ Boa gestão — ficou abaixo do IPCA
BROCA HASTE LONGA CARBIDE - Nº702;2015;2025;5;6.76;9.13;35.06;64.79;-18.05;✅ Boa gestão — ficou abaixo do IPCA
BRIMONIDINA 0,20% 5ML SOL OFTALMICA;2016;2019;3;4.83;4.4;-8.9;11.41;-18.06;✅ Boa gestão — ficou abaixo do IPCA
NITROGLICERINA 5MG/ML;2015;2019;5;27.82;26.99;-2.97;18.42;-18.08;✅ Boa gestão — ficou abaixo do IPCA
FIO AGULHADO SEDA 3.0/EP2;2020;2025;3;34.0;37.08;9.06;33.14;-18.09;✅ Boa gestão — ficou abaixo do IPCA
CARRINHO PLATAFORMA DE AÇO DOBRÁVEL, 300 KG;2020;2025;3;1000.0;1090.0;9.0;33.14;-18.13;✅ Boa gestão — ficou abaixo do IPCA
FLANGE F5011 CINZA (BASE METÁLICA ACENTO MOCHO);2022;2025;4;80.14;75.0;-6.41;14.35;-18.16;✅ Boa gestão — ficou abaixo do IPCA
PLACA EM ACRÍLICO 2MM;2020;2024;4;247.0;258.13;4.51;27.7;-18.16;✅ Boa gestão — ficou abaixo do IPCA
ARAME FARPADO COM CARGA DE RUPTURA MIN. DE 350KGF,500M;2015;2018;4;279.1;259.3;-7.09;13.53;-18.17;✅ Boa gestão — ficou abaixo do IPCA
BOMBARDINO;2019;2025;3;2330.0;2652.82;13.85;39.16;-18.18;✅ Boa gestão — ficou abaixo do IPCA
COMPRESSA DE GAZE HIDRÓFILA;2019;2023;5;0.39;0.4;2.56;27.32;-18.18;✅ Boa gestão — ficou abaixo do IPCA
ESPELHO BUCAL Nº3;2020;2024;4;5.44;5.69;4.6;27.7;-18.18;✅ Boa gestão — ficou abaixo do IPCA
ROLO DE SENHA DE PAPEL DE 2 (DOIS)DIGITOS;2015;2019;5;12.8;12.4;-3.12;18.42;-18.2;✅ Boa gestão — ficou abaixo do IPCA
JOELHO SOLDÁVEL 32 X 45º;2015;2021;6;2.58;2.88;11.63;36.22;-18.22;✅ Boa gestão — ficou abaixo do IPCA
CAIXA DE FÓSFORO;2020;2023;3;4.82;4.8;-0.41;21.81;-18.25;✅ Boa gestão — ficou abaixo do IPCA
FLÚOR GEL ACIDULADO MÍNIMA DE 1,23% DE FLÚOR-200 ML;2020;2025;5;4.2;4.56;8.57;33.14;-18.29;✅ Boa gestão — ficou abaixo do IPCA
CASQUETE PARA TRACIONADOR MÉDIO;2022;2024;3;31.75;28.45;-10.39;9.68;-18.29;✅ Boa gestão — ficou abaixo do IPCA
PONTA DE ULTRASSON E11;2019;2024;3;156.15;170.22;9.01;33.47;-18.33;✅ Boa gestão — ficou abaixo do IPCA
KIT DE HIGIENE BUCAL ADULTO;2018;2025;3;3.28;3.89;18.6;45.15;-18.34;✅ Boa gestão — ficou abaixo do IPCA
MULETA AXILAR;2015;2022;6;85.0;99.99;17.64;44.11;-18.38;✅ Boa gestão — ficou abaixo do IPCA
TRATAMENTO BIOLÓGICO DE FOSSA;2021;2024;3;129.8;122.91;-5.31;16.03;-18.4;✅ Boa gestão — ficou abaixo do IPCA
CAPACITOR 380V 8 MF.;2015;2018;4;9.5;8.8;-7.37;13.53;-18.42;✅ Boa gestão — ficou abaixo do IPCA
CJ. FECHO DO MANIPULO STERMAX;2020;2025;5;78.27;85.0;8.6;33.14;-18.44;✅ Boa gestão — ficou abaixo do IPCA
BANDEJA ACRÍLICA DUPLA FIXA;2020;2024;4;22.09;22.99;4.07;27.7;-18.49;✅ Boa gestão — ficou abaixo do IPCA
CAIXA ORGANIZADORA ALTA TRANSPARENTE  30 LITROS;2020;2024;4;31.9;33.2;4.08;27.7;-18.51;✅ Boa gestão — ficou abaixo do IPCA
SERVIÇOS DE ENCANADOR;2016;2024;4;28.89;35.0;21.15;48.71;-18.54;✅ Boa gestão — ficou abaixo do IPCA
BROCA HASTE-LONGA LL CARBIDE - N° 4;2017;2024;3;7.0;8.23;17.57;44.44;-18.59;✅ Boa gestão — ficou abaixo do IPCA
FRALDA DESCARTÁVEL INFANTIL TAMANHO G;2016;2021;4;0.46;0.48;4.35;28.16;-18.6;✅ Boa gestão — ficou abaixo do IPCA
NITRENDIPINO 20MG CPR;2016;2019;3;0.91;0.83;-8.79;11.41;-18.6;✅ Boa gestão — ficou abaixo do IPCA
CIRCUITO PAINEL IHM VCA - CLASS;2022;2024;3;291.91;260.6;-10.73;9.68;-18.61;✅ Boa gestão — ficou abaixo do IPCA
CLORO;2015;2021;5;9.93;11.0;10.78;36.22;-18.63;✅ Boa gestão — ficou abaixo do IPCA
CLOMIPRAMINA 25MG CPR;2016;2020;4;0.62;0.59;-5.45;16.45;-18.64;✅ Boa gestão — ficou abaixo do IPCA
COMINHO EM PÓ.;2015;2017;3;2.25;2.0;-11.11;9.43;-18.67;✅ Boa gestão — ficou abaixo do IPCA
"TELEVISOR SMART 65""";2022;2024;3;3972.11;3540.0;-10.88;9.68;-18.74;✅ Boa gestão — ficou abaixo do IPCA
LEVONORGESTREL 0,15MG + ETINILESTRADIOL 0,03MG BLISTER COM 2;2019;2021;3;1.7;1.59;-6.47;15.03;-18.75;✅ Boa gestão — ficou abaixo do IPCA
GLIMEPIRIDA 1MG;2016;2019;3;0.16;0.15;-6.18;11.41;-18.75;✅ Boa gestão — ficou abaixo do IPCA
PREGO COM CABEÇA 17X27;2015;2018;3;6.5;6.0;-7.69;13.53;-18.77;✅ Boa gestão — ficou abaixo do IPCA
CEBOLA DE  CABEÇA;2021;2025;4;3.91;3.84;-1.79;20.97;-18.82;✅ Boa gestão — ficou abaixo do IPCA
BARRA DE CEREAIS;2020;2023;4;2.3;2.27;-1.3;21.81;-18.82;✅ Boa gestão — ficou abaixo do IPCA
BUCHA DE REDUÇÃO PVC LONGA SOLD. 50 X 25 MM,NBR 5648.;2015;2021;6;2.76;3.05;10.51;36.22;-18.84;✅ Boa gestão — ficou abaixo do IPCA
SERRA MÁRMORE A SECO 220V DE NO MÍNIMO 1500W PARA DISCO DE 105 E 110MM;2022;2025;3;387.99;360.0;-7.21;14.35;-18.86;✅ Boa gestão — ficou abaixo do IPCA
ASSENTO PARA CADEIRA DE RODAS EM COURVIN;2021;2023;3;153.67;138.0;-10.2;10.68;-18.86;✅ Boa gestão — ficou abaixo do IPCA
INSERTO G1/T1;2021;2025;4;55.0;53.98;-1.85;20.97;-18.87;✅ Boa gestão — ficou abaixo do IPCA
CURVA ESGOTO CURTA  75 X 90º;2015;2021;6;11.9;13.15;10.5;36.22;-18.91;✅ Boa gestão — ficou abaixo do IPCA
SONDA NASAL PARA ALIMENTAÇÃO ENTERAL Nº 08;2015;2022;6;7.4;8.64;16.76;44.11;-18.92;✅ Boa gestão — ficou abaixo do IPCA
BOTAO DO REFLETOR SIENA OLSEN;2022;2025;4;11.88;11.0;-7.41;14.35;-18.93;✅ Boa gestão — ficou abaixo do IPCA
CAP ESGOTO  50MM;2015;2021;6;2.48;2.74;10.48;36.22;-18.95;✅ Boa gestão — ficou abaixo do IPCA
INTER. EMB 2 TEC-SIMPLES C/TOM. 028-ES;2015;2021;5;6.8;7.5;10.29;36.22;-18.97;✅ Boa gestão — ficou abaixo do IPCA
CABO FLEXIVEL 6,0 (PRETO);2015;2017;3;2.0;1.77;-11.5;9.43;-19.0;✅ Boa gestão — ficou abaixo do IPCA
APARELHO MICROONDAS CAPAC. 31LT, NA COR BRANCA;2021;2024;3;649.0;610.0;-6.01;16.03;-19.0;✅ Boa gestão — ficou abaixo do IPCA
GLICOSE 50% 10ML;2015;2019;5;0.21;0.2;-2.86;18.42;-19.05;✅ Boa gestão — ficou abaixo do IPCA
TIAMAZOL 5MG;2016;2019;3;0.22;0.2;-7.8;11.41;-19.05;✅ Boa gestão — ficou abaixo do IPCA
PEDAL PÉ ELEVÁVEL, PARA CADEIRA DE RODAS;2021;2023;3;161.99;145.1;-10.43;10.68;-19.07;✅ Boa gestão — ficou abaixo do IPCA
ELETRODUTO DE AÇO GALVANIZADO A FOGO 2X6MT, NBR 5598;2017;2020;4;195.96;179.3;-8.5;13.1;-19.1;✅ Boa gestão — ficou abaixo do IPCA
SULFADIAZINA DE PRATA 1% POMADA, POTE COM 400G.;2020;2024;4;30.0;31.0;3.33;27.7;-19.1;✅ Boa gestão — ficou abaixo do IPCA
CONECTOR FCL C/ CAPACITOR SOLDADO;2016;2024;7;45.98;55.3;20.27;48.71;-19.12;✅ Boa gestão — ficou abaixo do IPCA
PARAFUSO P/ WC  8MM LATÃO CR;2015;2018;4;1.83;1.68;-8.47;13.53;-19.13;✅ Boa gestão — ficou abaixo do IPCA
LUVA DE AÇO GALVANIZADO A FOGO 3, NBR 5598;2017;2020;4;26.93;24.63;-8.54;13.1;-19.14;✅ Boa gestão — ficou abaixo do IPCA
CURVA DE AÇO GALVANIZADO A FOGO 4, 90°, NBR 5598;2017;2020;4;170.53;155.95;-8.55;13.1;-19.14;✅ Boa gestão — ficou abaixo do IPCA
POSTE DE FERRO GALVANIZADO A FOGO CONFORME A NBR 6323 08 MTS;2017;2020;4;722.0;660.18;-8.56;13.1;-19.16;✅ Boa gestão — ficou abaixo do IPCA
POSTE DE FERRO GALVANIZADO A FOGO CONFORME A NBR 6323 06 MTS;2017;2020;4;684.0;625.14;-8.61;13.1;-19.19;✅ Boa gestão — ficou abaixo do IPCA
DEFENSA METÁLICA GALVANIZADA, TIPO SEMI - MALEÁVEL SIMPLES E;2019;2025;5;304.2;342.0;12.43;39.16;-19.21;✅ Boa gestão — ficou abaixo do IPCA
CAPAS AMARELAS;2016;2021;6;0.28;0.29;3.57;28.16;-19.23;✅ Boa gestão — ficou abaixo do IPCA
ÁCIDO TRANEXÂMICO 50MG/ML AMP 5ML.;2021;2024;3;4.25;3.98;-6.35;16.03;-19.23;✅ Boa gestão — ficou abaixo do IPCA
BROCA DE ALTA ROTAÇÃO DIAMANTADA ESFERICA 1012;2015;2020;4;1.3;1.3;0.0;23.77;-19.23;✅ Boa gestão — ficou abaixo do IPCA
BROCA DE ALTA ROTAÇÃO DIAMANTADA ESFÉRICA 1014;2015;2020;4;1.3;1.3;0.0;23.77;-19.23;✅ Boa gestão — ficou abaixo do IPCA
ELETRODUTO DE AÇO GALVANIZADO A FOGO 3X6MT, NBR 5598;2017;2020;4;327.7;299.31;-8.66;13.1;-19.24;✅ Boa gestão — ficou abaixo do IPCA
EIXO PINCA CANETA MARATHON;2022;2025;4;81.2;75.0;-7.64;14.35;-19.24;✅ Boa gestão — ficou abaixo do IPCA
CARNE BOVINA: BUCHO BOVINO;2018;2023;4;12.2;13.08;7.21;32.8;-19.26;✅ Boa gestão — ficou abaixo do IPCA
REVELADOR PARA RADIOGRAFIA - FRASCO COM 475 ML;2019;2025;6;8.98;10.08;12.25;39.16;-19.26;✅ Boa gestão — ficou abaixo do IPCA
SACO DE LIXO 30 LITROS;2016;2021;4;10.4;10.75;3.37;28.16;-19.27;✅ Boa gestão — ficou abaixo do IPCA
BISCOITO MARIA, SEM LEITE;2022;2025;3;18.69;17.25;-7.7;14.35;-19.28;✅ Boa gestão — ficou abaixo do IPCA
CONTRATAÇÃO DE SERVIÇO ESPECIALIZADO EM FOLHA DE PAGAMENTO D;2015;2020;4;52.0;51.95;-0.1;23.77;-19.29;✅ Boa gestão — ficou abaixo do IPCA
ESTOPA DE PANO;2018;2021;4;9.3;9.0;-3.23;19.99;-19.29;✅ Boa gestão — ficou abaixo do IPCA
AUTO DE INTIMAÇÃO VIGILANCIA SANITARIA;2018;2023;5;14.0;15.0;7.14;32.8;-19.3;✅ Boa gestão — ficou abaixo do IPCA
ELETRODUTO DE AÇO GALVANIZADO A FOGO 1.1/2X6MT, NBR 5598;2017;2020;4;190.95;174.28;-8.73;13.1;-19.31;✅ Boa gestão — ficou abaixo do IPCA
CIRCUITO IHM (LED) SMD FL 5VCC V 1.3.3;2022;2025;4;158.3;146.0;-7.77;14.35;-19.34;✅ Boa gestão — ficou abaixo do IPCA
SEMENTE DE LINHACA;2018;2023;4;8.85;9.48;7.12;32.8;-19.36;✅ Boa gestão — ficou abaixo do IPCA
PROTETOR 1100X22;2016;2025;8;40.0;50.0;25.0;55.04;-19.37;✅ Boa gestão — ficou abaixo do IPCA
CLORIDRATO DE DULOXETINA 60MG CPR;2016;2019;3;2.3;2.06;-10.43;11.41;-19.44;✅ Boa gestão — ficou abaixo do IPCA
PASTA L EM POLIPROPILENO;2021;2024;3;7.0;6.55;-6.43;16.03;-19.46;✅ Boa gestão — ficou abaixo do IPCA
PERINDOPRIL 4MG/INDAPAMIDA 1,25MG;2016;2019;3;2.13;1.91;-10.33;11.41;-19.5;✅ Boa gestão — ficou abaixo do IPCA
CLORHEXIDINA 2% - FRASCO COM 100ML;2015;2024;6;7.02;8.93;27.21;58.06;-19.52;✅ Boa gestão — ficou abaixo do IPCA
HALOPERIDOL DECANOATO 1ML SOL. INJ;2016;2020;4;5.5;5.15;-6.36;16.45;-19.54;✅ Boa gestão — ficou abaixo do IPCA
ANÁLISE DA FAIXA GRANULOMÉTRICA PARA PISTA DE ROLAMENTO (CAP;2018;2020;3;2650.0;2323.6;-12.32;9.02;-19.57;✅ Boa gestão — ficou abaixo do IPCA
ANÁLISE DA FAIXA GRANULOMÉTRICA PARA REMENDOS, CICLOVIAS, RE;2018;2020;3;2650.0;2323.6;-12.32;9.02;-19.57;✅ Boa gestão — ficou abaixo do IPCA
FLUNITRAZEPAM 1MG CPR;2016;2019;3;0.54;0.49;-9.26;11.41;-19.61;✅ Boa gestão — ficou abaixo do IPCA
EXTINTOR PQS ABC 02 KG NOVO;2015;2023;7;110.0;133.29;21.17;50.77;-19.63;✅ Boa gestão — ficou abaixo do IPCA
APARELHO DE AR CONDICIONADO TIPO SPLIT HI WALL 12.000 BTU/H,;2019;2023;4;2150.0;2200.0;2.33;27.32;-19.63;✅ Boa gestão — ficou abaixo do IPCA
TIP PERIO SUB;2021;2025;4;55.0;53.47;-2.78;20.97;-19.64;✅ Boa gestão — ficou abaixo do IPCA
PATCH CORD 1,5M;2019;2021;3;32.45;30.0;-7.55;15.03;-19.64;✅ Boa gestão — ficou abaixo do IPCA
PROJETOR CORPO DE ALUMÍNIO  E-40 PARA LÂMPADA 400W;2015;2021;6;58.9;64.42;9.37;36.22;-19.71;✅ Boa gestão — ficou abaixo do IPCA
CATETER INTRAVENOSO N°14 G;2018;2021;4;1.56;1.5;-3.85;19.99;-19.71;✅ Boa gestão — ficou abaixo do IPCA
PLACA  ELETRONICA PARA DETECTOR FETAL MICROEM;2021;2023;3;264.47;235.0;-11.14;10.68;-19.72;✅ Boa gestão — ficou abaixo do IPCA
CLINDAMICINA 300MG CAPSULA, EM BLISTER.;2019;2024;5;0.84;0.9;7.43;33.47;-19.72;✅ Boa gestão — ficou abaixo do IPCA
BICARBONATO DE SODIO;2015;2022;7;8.87;10.26;15.67;44.11;-19.73;✅ Boa gestão — ficou abaixo do IPCA
LEVODOPA + BENZERAZIDA DISPERSÍVEL 100MG+25MG CPR;2016;2019;3;1.56;1.39;-10.71;11.41;-19.73;✅ Boa gestão — ficou abaixo do IPCA
LEVODOPA + BENZERAZIDA HBS 100MG+25MG CÁPSULAS;2016;2019;3;1.56;1.39;-10.71;11.41;-19.73;✅ Boa gestão — ficou abaixo do IPCA
PORTAS CANETAS;2015;2019;5;6.1;5.8;-5.0;18.42;-19.74;✅ Boa gestão — ficou abaixo do IPCA
SACOS PLÁSTICOS PARA ACONDICIONAMENTO CACHORRO QUENTE;2020;2024;3;18.0;18.45;2.5;27.7;-19.74;✅ Boa gestão — ficou abaixo do IPCA
NORETISTERONA 0,35MG CPR, EM BLISTER COM 35 CPR.;2019;2024;5;5.75;6.17;7.3;33.47;-19.75;✅ Boa gestão — ficou abaixo do IPCA
SWITCH 24 PORTAS 10/100/1000;2015;2021;7;860.0;940.0;9.3;36.22;-19.76;✅ Boa gestão — ficou abaixo do IPCA
BRÓCOLIS C/ ENTREGA NA CENTRAL DE MERENDA;2015;2018;3;3.29;3.0;-8.81;13.53;-19.76;✅ Boa gestão — ficou abaixo do IPCA
BROXA RETANGULAR GRANDE;2016;2021;3;5.16;5.3;2.71;28.16;-19.79;✅ Boa gestão — ficou abaixo do IPCA
ARROZ PARBOILIZADO;2018;2025;7;2.75;3.2;16.36;45.15;-19.83;✅ Boa gestão — ficou abaixo do IPCA
COLAR CERVICAL G;2019;2023;5;12.39;12.64;2.02;27.32;-19.89;✅ Boa gestão — ficou abaixo do IPCA
FARINHA DE MILHO.;2021;2025;5;5.2;5.04;-3.08;20.97;-19.9;✅ Boa gestão — ficou abaixo do IPCA
PINO ANTI VACUO;2022;2025;4;24.24;22.2;-8.42;14.35;-19.92;✅ Boa gestão — ficou abaixo do IPCA
CAMPO CIRÚRGICO 60X60 CM;2015;2025;7;31.6;41.7;31.96;64.79;-19.94;✅ Boa gestão — ficou abaixo do IPCA
COLAR CERVICAL M;2019;2023;5;12.4;12.64;1.94;27.32;-19.96;✅ Boa gestão — ficou abaixo do IPCA
BOTA OPERACIONAL;2019;2021;3;472.5;435.0;-7.94;15.03;-19.96;✅ Boa gestão — ficou abaixo do IPCA
COLAR CERVICAL NEONATAL;2019;2023;5;12.4;12.64;1.94;27.32;-19.96;✅ Boa gestão — ficou abaixo do IPCA
CIPROFLOXACINO 500MG CPR.;2019;2023;3;0.35;0.36;2.86;27.32;-20.0;✅ Boa gestão — ficou abaixo do IPCA
AGUA DESTILADA 10ML;2015;2019;5;0.15;0.14;-5.27;18.42;-20.0;✅ Boa gestão — ficou abaixo do IPCA
BRÓCOLIS C/ ENTREGA NAS UNIDADES ESCOLARES;2015;2018;3;3.8;3.45;-9.21;13.53;-20.0;✅ Boa gestão — ficou abaixo do IPCA
FRALDA DESCARTÁVEL INFANTIL TAMANHO M;2016;2021;4;0.42;0.43;2.38;28.16;-20.0;✅ Boa gestão — ficou abaixo do IPCA
ÁGUA DESTILADA 5ML AMPOLA.;2019;2024;5;0.18;0.19;4.44;33.47;-20.0;✅ Boa gestão — ficou abaixo do IPCA
AMINOFILINA 100MG, EM BLISTER.;2019;2024;5;0.06;0.07;9.52;33.47;-20.0;✅ Boa gestão — ficou abaixo do IPCA
CHUCHU C/ ENTREGA NA CENTRAL DE MERENDA;2015;2018;3;2.2;2.0;-9.09;13.53;-20.0;✅ Boa gestão — ficou abaixo do IPCA
VDRL-LATEX C/ CONTROLE NEGATIVO E POSITIVO;2015;2023;3;0.1;0.12;20.0;50.77;-20.0;✅ Boa gestão — ficou abaixo do IPCA
NIMESULIDA 100MG;2016;2020;4;0.05;0.04;-8.16;16.45;-20.0;✅ Boa gestão — ficou abaixo do IPCA
ANLODIPINO 10MG CPR;2016;2020;4;0.05;0.05;-0.94;16.45;-20.0;✅ Boa gestão — ficou abaixo do IPCA
COLAR CERVICAL INFANTIL;2019;2023;5;12.38;12.6;1.78;27.32;-20.0;✅ Boa gestão — ficou abaixo do IPCA
FLUOXETINA, CLORIDRATO 20MG CAPSULA, EM BLISTER.;2019;2024;5;0.06;0.06;7.45;33.47;-20.0;✅ Boa gestão — ficou abaixo do IPCA
SINVASTATINA 20MG CPR;2016;2020;4;0.05;0.05;-5.88;16.45;-20.0;✅ Boa gestão — ficou abaixo do IPCA
SINVASTATINA 40MG CPR;2016;2020;4;0.11;0.1;-6.6;16.45;-20.0;✅ Boa gestão — ficou abaixo do IPCA
ISOSSORBIDA, MONONITRATO 40MG CPR;2016;2020;4;0.16;0.15;-7.32;16.45;-20.0;✅ Boa gestão — ficou abaixo do IPCA
SIFÃO COPO C/ TUBO EXTENSIVO;2015;2021;6;10.0;10.9;9.0;36.22;-20.0;✅ Boa gestão — ficou abaixo do IPCA
SERINGA DESCARTÁVEL PARA INSULINA CAPACIDADE DE 100 UI;2015;2023;3;0.2;0.24;20.0;50.77;-20.0;✅ Boa gestão — ficou abaixo do IPCA
MELOXICAM 15MG CPR;2016;2019;3;0.1;0.09;-13.46;11.41;-20.0;✅ Boa gestão — ficou abaixo do IPCA
SERTRALINA 50MG;2016;2020;4;0.1;0.1;0.0;16.45;-20.0;✅ Boa gestão — ficou abaixo do IPCA
CAPACITOR 380V 45 MF.;2015;2018;4;23.75;21.57;-9.18;13.53;-20.0;✅ Boa gestão — ficou abaixo do IPCA
ACICLOVIR 200 MG CPR, EM BLISTER.;2019;2024;5;0.18;0.19;5.56;33.47;-20.0;✅ Boa gestão — ficou abaixo do IPCA
CLONAZEPAM 2MG  (BLISTER CONTENDO 10 OU 15 COMPRIMIDOS);2018;2020;3;0.05;0.05;1.16;9.02;-20.0;✅ Boa gestão — ficou abaixo do IPCA
BALANCA DIGITAL INFANTIL;2017;2019;3;595.0;515.0;-13.45;8.22;-20.02;✅ Boa gestão — ficou abaixo do IPCA
INSERTO T4;2021;2025;4;55.0;53.18;-3.31;20.97;-20.08;✅ Boa gestão — ficou abaixo do IPCA
FOGÃO INDUSTRIAL À GÁS DE INOX, 06 BOCAS;2019;2025;4;3239.0;3600.0;11.15;39.16;-20.13;✅ Boa gestão — ficou abaixo do IPCA
COLAR CERVICAL PP;2019;2023;5;12.4;12.6;1.61;27.32;-20.15;✅ Boa gestão — ficou abaixo do IPCA
APARELHO DE AR CONDICIONADO TIPO SPLIT HI-WALL, CAPACIDADE 9;2016;2019;3;1802.5;1603.0;-11.07;11.41;-20.18;✅ Boa gestão — ficou abaixo do IPCA
FRALDA DESCARTÁVEL ADULTO TAMANHO XG;2016;2019;3;1.05;0.93;-11.43;11.41;-20.2;✅ Boa gestão — ficou abaixo do IPCA
LEVODOPA + BENZERAZIDA BD 100MG + 25MG CPR;2016;2019;3;1.05;0.94;-10.67;11.41;-20.2;✅ Boa gestão — ficou abaixo do IPCA
MESA GINECOLÓGICA ESTOFADA, REVESTIMENTO IMPERMEÁVEL;2018;2021;3;1567.0;1500.0;-4.28;19.99;-20.22;✅ Boa gestão — ficou abaixo do IPCA
ALBENDAZOL 400MG/10ML;2016;2020;4;0.95;0.88;-6.97;16.45;-20.22;✅ Boa gestão — ficou abaixo do IPCA
AGUA MINERAL COM GAS 500 ML EM GARRAFA FARDO COM 12 UNI;2015;2018;4;13.98;12.66;-9.44;13.53;-20.24;✅ Boa gestão — ficou abaixo do IPCA
GRAMPEADOR PARA 90/100 FOLHAS;2015;2018;4;74.0;67.0;-9.46;13.53;-20.24;✅ Boa gestão — ficou abaixo do IPCA
ABAIXADOR DE LINGUA;2015;2020;4;9.87;9.74;-1.32;23.77;-20.26;✅ Boa gestão — ficou abaixo do IPCA
SONDA ENDOTRAQUEAL EM PVC COM BALÃO Nº 3,0;2018;2022;5;3.47;3.51;1.15;26.94;-20.26;✅ Boa gestão — ficou abaixo do IPCA
FLUXÔMETRO 0-15 LPM, FÊMEA, PARA O2;2020;2023;4;82.6;80.2;-2.91;21.81;-20.3;✅ Boa gestão — ficou abaixo do IPCA
COMPASSO DE PONTA SECA;2020;2025;5;122.3;129.68;6.03;33.14;-20.36;✅ Boa gestão — ficou abaixo do IPCA
COLAR CERVICAL P;2019;2023;5;12.44;12.6;1.29;27.32;-20.38;✅ Boa gestão — ficou abaixo do IPCA
THINNER REF 5000 P/ PU 5L;2015;2021;4;82.08;89.0;8.43;36.22;-20.39;✅ Boa gestão — ficou abaixo do IPCA
CATETER INTRAVENOSO N°16 G;2018;2021;4;1.56;1.49;-4.49;19.99;-20.44;✅ Boa gestão — ficou abaixo do IPCA
TRANSDUTOR 2MHZ PARA DETECTOR FETAL DF-7000/DF-7001 DA MEDPE;2019;2021;3;325.0;297.38;-8.5;15.03;-20.46;✅ Boa gestão — ficou abaixo do IPCA
LEVODOPA 100MG + BENSERAZIDA 25MG COMPRIMIDO BIRRANHURADO;2015;2023;4;0.83;0.99;19.57;50.77;-20.48;✅ Boa gestão — ficou abaixo do IPCA
ALCOOL LÍQUIDO 70%;2018;2023;5;4.49;4.74;5.57;32.8;-20.51;✅ Boa gestão — ficou abaixo do IPCA
CABECA DO CONTRA ANGULO DABI ATLANTE;2021;2024;4;152.93;141.0;-7.8;16.03;-20.54;✅ Boa gestão — ficou abaixo do IPCA
CIMETIDINA 150MG/ML, AMPOLA 2ML.;2021;2024;3;0.99;0.91;-8.53;16.03;-20.55;✅ Boa gestão — ficou abaixo do IPCA
LUVA PARA LIMPEZA TAMANHO MÉDIO CANO LONGO;2015;2021;3;2.48;2.68;8.06;36.22;-20.56;✅ Boa gestão — ficou abaixo do IPCA
GUARNIÇÃO TERMINAL 02 FUROS;2022;2024;3;8.62;7.5;-12.99;9.68;-20.57;✅ Boa gestão — ficou abaixo do IPCA
ARCO OSTBY ADULTO DOBRÁVEL;2020;2025;5;7.34;7.76;5.72;33.14;-20.57;✅ Boa gestão — ficou abaixo do IPCA
SALGADOS SORTIDOS;2018;2021;4;65.0;61.9;-4.77;19.99;-20.63;✅ Boa gestão — ficou abaixo do IPCA
PREDNISOLONA, ACETATO 1% SOL OFT 5ML;2016;2019;3;8.7;7.7;-11.49;11.41;-20.63;✅ Boa gestão — ficou abaixo do IPCA
PARAFUSO CAB. CIL. M1,4X1,5 KAVO;2022;2025;4;4.96;4.5;-9.27;14.35;-20.64;✅ Boa gestão — ficou abaixo do IPCA
NALOXONA, HIDROCLORETO 0,4MG/ML INJETÁVEL, AMPOLA 1ML.;2019;2024;5;5.9;6.25;5.93;33.47;-20.68;✅ Boa gestão — ficou abaixo do IPCA
CABO HDMI 20MT;2016;2020;3;130.0;120.0;-7.69;16.45;-20.73;✅ Boa gestão — ficou abaixo do IPCA
TAMPA CANETA MS/MSL 350/400 PB DABI;2021;2025;5;53.13;50.9;-4.2;20.97;-20.79;✅ Boa gestão — ficou abaixo do IPCA
BUPIVACAÍNA 0,25% COM VASOCONSTRITOR FRASCO COM 20 ML (EMBALAGEM ESTERILIZADA).;2021;2024;3;25.31;23.25;-8.14;16.03;-20.83;✅ Boa gestão — ficou abaixo do IPCA
CILOSTAZOL 50MG CPR;2016;2019;3;0.25;0.22;-12.0;11.41;-20.83;✅ Boa gestão — ficou abaixo do IPCA
ELETRODO PARA MONITORIZAÇÃO CARDÍACA C/ GEL - ADULTO;2015;2021;5;0.24;0.26;8.79;36.22;-20.83;✅ Boa gestão — ficou abaixo do IPCA
ABRIGO DE ÔNIBUS TIPO II;2017;2023;3;2990.0;3260.67;9.05;37.78;-20.85;✅ Boa gestão — ficou abaixo do IPCA
CAP SOLDÁVEL 60MM;2015;2021;6;7.0;7.55;7.86;36.22;-20.86;✅ Boa gestão — ficou abaixo do IPCA
VALVULA ELETRO-PNEUMATICA ODONTOLOGICA;2022;2025;4;145.43;131.6;-9.51;14.35;-20.86;✅ Boa gestão — ficou abaixo do IPCA
CETOPROFENO 100 MG SOL. INJ. 2 ML;2016;2019;3;1.22;1.08;-11.48;11.41;-20.87;✅ Boa gestão — ficou abaixo do IPCA
LIMA C PILOT MANUAL 06 DE 21MM;2021;2025;4;25.07;24.0;-4.27;20.97;-20.87;✅ Boa gestão — ficou abaixo do IPCA
KIT POSICIONADOR PARA RX ADULTO;2019;2025;6;52.7;58.02;10.09;39.16;-20.88;✅ Boa gestão — ficou abaixo do IPCA
SWITCH 24 PORTAS;2015;2025;5;873.0;1138.16;30.37;64.79;-20.88;✅ Boa gestão — ficou abaixo do IPCA
GRANITO CINZA ANDORINHA COM ESPESSURA MÍNIMA DE 2 CM , PARA;2018;2021;3;315.0;298.99;-5.08;19.99;-20.89;✅ Boa gestão — ficou abaixo do IPCA
TURBINA VENTILADOR 10/30000.;2015;2018;4;38.0;34.08;-10.32;13.53;-21.0;✅ Boa gestão — ficou abaixo do IPCA
CAPACITOR 380V 30 MF.;2015;2018;4;19.0;17.04;-10.32;13.53;-21.0;✅ Boa gestão — ficou abaixo do IPCA
CONTROLE REMOTO UNIV. AR SPLIT.;2015;2018;4;47.5;42.6;-10.32;13.53;-21.01;✅ Boa gestão — ficou abaixo do IPCA
RETENTOR;2017;2020;3;34.06;30.42;-10.67;13.1;-21.02;✅ Boa gestão — ficou abaixo do IPCA
CAPACITOR 380V 15 MF.;2015;2018;4;14.25;12.77;-10.39;13.53;-21.05;✅ Boa gestão — ficou abaixo do IPCA
CAPACITOR 380V 5 MF.;2015;2018;4;9.5;8.52;-10.32;13.53;-21.05;✅ Boa gestão — ficou abaixo do IPCA
"ESPUMA DE VEDAÇÃO AR COND;";2015;2018;4;2.85;2.55;-10.53;13.53;-21.05;✅ Boa gestão — ficou abaixo do IPCA
CAPACITOR 380V 10 MF.;2015;2018;4;14.25;12.77;-10.39;13.53;-21.05;✅ Boa gestão — ficou abaixo do IPCA
LAMPADA FLUORESCENTE 40W T10;2015;2017;3;3.7;3.2;-13.51;9.43;-21.08;✅ Boa gestão — ficou abaixo do IPCA
SWITCH DE 8 PORTAS 10/100;2016;2021;5;96.94;98.0;1.09;28.16;-21.12;✅ Boa gestão — ficou abaixo do IPCA
BOBINA SOLENOIDE SERCON 220V X 8W;2022;2025;4;100.9;91.0;-9.82;14.35;-21.14;✅ Boa gestão — ficou abaixo do IPCA
CLIPS PARA PAPEL 6/0 CAIXA COM 50 UNIDADES.;2019;2024;3;1.95;2.06;5.64;33.47;-21.21;✅ Boa gestão — ficou abaixo do IPCA
PERMETRINA 50MG/ML LOÇÃO 60ML;2016;2020;4;2.46;2.25;-8.54;16.45;-21.21;✅ Boa gestão — ficou abaixo do IPCA
REGUA P/ RACK 19 C/ 06 TOMADAS;2019;2021;3;160.0;145.0;-9.38;15.03;-21.21;✅ Boa gestão — ficou abaixo do IPCA
GEL CONDUTOR PARA EXAMES DE ULTRA-SONOGRAFIA/ELETROCARDIOGRA;2015;2022;7;1.32;1.5;13.64;44.11;-21.21;✅ Boa gestão — ficou abaixo do IPCA
FAIXA ELÁSTICA NÍVEL FRACO;2022;2024;3;14.8;12.79;-13.58;9.68;-21.23;✅ Boa gestão — ficou abaixo do IPCA
PEDRISCO;2017;2019;3;33.9;28.9;-14.75;8.22;-21.24;✅ Boa gestão — ficou abaixo do IPCA
MASSA CORRIDA;2018;2021;3;45.0;42.5;-5.56;19.99;-21.29;✅ Boa gestão — ficou abaixo do IPCA
ABRAÇADEIRA;2015;2020;4;58.0;56.47;-2.64;23.77;-21.33;✅ Boa gestão — ficou abaixo do IPCA
TIRA DE LIXA DE AÇO 4MM PARA POLIMENTO DE RESTAURAÇÕES DE AM;2020;2024;4;4.8;4.82;0.42;27.7;-21.39;✅ Boa gestão — ficou abaixo do IPCA
SAPATILHA DE ATLETISMO DE LANÇAMENTO E ARREMESSO;2022;2024;3;284.21;244.95;-13.81;9.68;-21.42;✅ Boa gestão — ficou abaixo do IPCA
AGUA MINERAL 500 ML EM GARRAFA FARDO COM 12 UNI;2015;2018;3;12.98;11.58;-10.79;13.53;-21.42;✅ Boa gestão — ficou abaixo do IPCA
ATADURAS DE CREPOM 12CM;2019;2023;4;0.66;0.67;1.52;27.32;-21.43;✅ Boa gestão — ficou abaixo do IPCA
CARBAMAZEPINA 200MG CPR. BLÍSTER COM 10 OU 15 COMPRIMIDOS.;2021;2024;3;0.19;0.17;-10.11;16.03;-21.43;✅ Boa gestão — ficou abaixo do IPCA
TERMOSTATO CERAMICO 250°C NF -250V/16A;2022;2025;4;135.54;121.7;-10.21;14.35;-21.48;✅ Boa gestão — ficou abaixo do IPCA
CÂNULA DE TRAQUEOSTOMIA DE SILICONE COM BALONETE NÚMERO 7,5;2018;2021;4;19.96;18.8;-5.81;19.99;-21.5;✅ Boa gestão — ficou abaixo do IPCA
CÂMARA DE AR 900X20;2022;2025;3;117.0;105.0;-10.26;14.35;-21.52;✅ Boa gestão — ficou abaixo do IPCA
METRONIDAZOL 200MG/5ML SUSPENSÃO ORAL, FRASCO 80ML.;2019;2024;5;5.77;6.04;4.64;33.47;-21.56;✅ Boa gestão — ficou abaixo do IPCA
APARELHO PARA TRICOTOMIA DESCARTÁVEL;2015;2022;7;0.51;0.58;13.73;44.11;-21.57;✅ Boa gestão — ficou abaixo do IPCA
FONTE CHAVEADA 110/220VAC - 12VDC 1A;2019;2023;5;65.0;64.8;-0.31;27.32;-21.7;✅ Boa gestão — ficou abaixo do IPCA
BROMETO DE N-BUTIL ESCOPOLAMINA 5ML SOL. INJ.;2016;2019;3;1.56;1.36;-12.82;11.41;-21.77;✅ Boa gestão — ficou abaixo do IPCA
COBERTURA NÃO ADERENTE COMPOSTA DE 90% DE COLÁGENO E 10% DE;2021;2023;3;179.06;155.0;-13.44;10.68;-21.79;✅ Boa gestão — ficou abaixo do IPCA
CALCULADORA DE MESA 12 DIGITOS;2015;2024;8;10.2;12.6;23.59;58.06;-21.82;✅ Boa gestão — ficou abaixo do IPCA
MICROCOMPUTADOR;2015;2024;5;2168.0;2679.0;23.57;58.06;-21.82;✅ Boa gestão — ficou abaixo do IPCA
SENSOR TIPO SOFT ADULTO COMPATIVEL COM MONITOR MODELO DX2022;2019;2021;3;365.0;328.12;-10.1;15.03;-21.85;✅ Boa gestão — ficou abaixo do IPCA
OLMESARTANA MEDOXOMILA + HCT 20MG+12,5MG CPR;2016;2019;3;1.6;1.4;-12.5;11.41;-21.85;✅ Boa gestão — ficou abaixo do IPCA
ELETRODO PARA TENS/FES RETANGULAR 5X9CM;2021;2024;3;35.29;31.99;-9.35;16.03;-21.88;✅ Boa gestão — ficou abaixo do IPCA
TÁBUA CAIXARIA DE PINUS;2015;2021;6;545.0;580.0;6.42;36.22;-21.88;✅ Boa gestão — ficou abaixo do IPCA
JOELHO SOLDÁVEL 25X90;2015;2018;4;0.64;0.57;-10.94;13.53;-21.88;✅ Boa gestão — ficou abaixo do IPCA
CEFALEXINA 500MG;2015;2018;3;0.32;0.28;-13.35;13.53;-21.88;✅ Boa gestão — ficou abaixo do IPCA
RESISTÊNCIA TIPO W - 220 V - 2200 W PARA AUTOCLAVE AHMC10,;2019;2021;3;305.0;274.05;-10.15;15.03;-21.89;✅ Boa gestão — ficou abaixo do IPCA
MONITOR MÉDIO;2020;2024;3;980.0;977.6;-0.24;27.7;-21.89;✅ Boa gestão — ficou abaixo do IPCA
RESINA FOTOPOLIMERIZAVEL COR A1 - UNIVERSAL;2020;2024;4;32.9;32.82;-0.24;27.7;-21.9;✅ Boa gestão — ficou abaixo do IPCA
CHUCHU C/ ENTREGA NAS UNIDADES ESCOLARES;2015;2018;3;2.6;2.3;-11.54;13.53;-21.92;✅ Boa gestão — ficou abaixo do IPCA
ETOMIDATO 2MG/ML INJ 10ML;2016;2019;3;11.49;9.99;-13.05;11.41;-21.92;✅ Boa gestão — ficou abaixo do IPCA
MICONAZOL CREME  2% 30GR;2018;2020;3;2.12;1.8;-14.9;9.02;-21.93;✅ Boa gestão — ficou abaixo do IPCA
ROTEADOR WIRELESS;2020;2024;4;378.0;376.85;-0.3;27.7;-21.93;✅ Boa gestão — ficou abaixo do IPCA
BISCOITO DE CHOCOLATE;2015;2020;4;5.15;4.98;-3.3;23.77;-21.94;✅ Boa gestão — ficou abaixo do IPCA
BROCA HASTE LONGA CARBIDE Nº 701;2019;2021;3;6.1;5.48;-10.16;15.03;-21.94;✅ Boa gestão — ficou abaixo do IPCA
BOLETIM DE ATENDIMENTO MEDICO;2016;2022;3;2.18;2.3;5.5;35.58;-21.95;✅ Boa gestão — ficou abaixo do IPCA
LAMPADA LED TUBULAR 9W 6500K;2016;2021;5;16.5;16.5;0.0;28.16;-21.97;✅ Boa gestão — ficou abaixo do IPCA
OTOSPORIN - 10ML;2020;2024;4;12.17;12.13;-0.33;27.7;-21.97;✅ Boa gestão — ficou abaixo do IPCA
CARTÃO DE VISITAS;2016;2021;6;80.0;80.0;0.0;28.16;-21.97;✅ Boa gestão — ficou abaixo do IPCA
ACETATO DE RETINOL 10.000 UI+ AMINOACIDOS 25 MG + METIONINA;2016;2019;3;10.25;8.9;-13.17;11.41;-21.99;✅ Boa gestão — ficou abaixo do IPCA
RESINA FOTOPOLIMERIZAVEL COR A2- UNIVERSAL;2020;2024;4;32.9;32.77;-0.4;27.7;-22.01;✅ Boa gestão — ficou abaixo do IPCA
RETESTE DO CILINDRO CO2 10 KG;2016;2023;6;35.44;39.2;10.62;41.85;-22.02;✅ Boa gestão — ficou abaixo do IPCA
VIDRO LISO 3MM COLOCADO;2015;2018;4;67.99;60.18;-11.49;13.53;-22.03;✅ Boa gestão — ficou abaixo do IPCA
GUARNIÇÃO DE SILICONE PARA AUTOCLAVE AHMC5 E AHMC10, SERCON;2019;2023;5;133.0;132.0;-0.75;27.32;-22.05;✅ Boa gestão — ficou abaixo do IPCA
ESCOVA DE POLIMENTO COURO CHAMOIS - MARROM;2021;2024;3;21.0;19.0;-9.52;16.03;-22.05;✅ Boa gestão — ficou abaixo do IPCA
ROLAMENTO DE ESFERAS 6002-2RS;2015;2019;5;27.3;25.2;-7.69;18.42;-22.05;✅ Boa gestão — ficou abaixo do IPCA
HIDRÓXIDO DE CÁLCIO PRÓ-ANÁLISE - 10G;2020;2025;5;3.7;3.84;3.78;33.14;-22.07;✅ Boa gestão — ficou abaixo do IPCA
BATATA INGLESA.;2018;2025;5;1.95;2.2;12.82;45.15;-22.09;✅ Boa gestão — ficou abaixo do IPCA
ÁLCOOL GEL 70%.;2017;2024;3;4.85;5.45;12.37;44.44;-22.12;✅ Boa gestão — ficou abaixo do IPCA
PEDRA ALICERCE;2016;2018;3;19.1;15.88;-16.86;6.81;-22.15;✅ Boa gestão — ficou abaixo do IPCA
RISPERIDONA 1MG CPR;2016;2020;4;0.1;0.09;-10.1;16.45;-22.22;✅ Boa gestão — ficou abaixo do IPCA
CARVEDILOL6,25MG CPR;2016;2020;4;0.1;0.09;-10.5;16.45;-22.22;✅ Boa gestão — ficou abaixo do IPCA
SONDA GÁSTRICA LONGA Nº 18, DESCARTÁVEL;2018;2024;5;0.92;1.0;8.7;39.22;-22.22;✅ Boa gestão — ficou abaixo do IPCA
BOLSA COLETORA DE URINA SISTEMA FECHADO  2000ML;2015;2024;8;2.43;2.99;23.05;58.06;-22.22;✅ Boa gestão — ficou abaixo do IPCA
RISPERIDONA 2MG CPR, EM BLISTER.;2019;2024;5;0.11;0.11;1.55;33.47;-22.22;✅ Boa gestão — ficou abaixo do IPCA
CINARIZINA 75 MG CPR;2016;2020;4;0.1;0.09;-11.0;16.45;-22.22;✅ Boa gestão — ficou abaixo do IPCA
METRONIDAZOL 250 MG;2016;2020;5;0.09;0.09;-5.27;16.45;-22.22;✅ Boa gestão — ficou abaixo do IPCA
LEVOTIROXINA SÓDICA 25MCG;2015;2018;4;0.09;0.08;-17.81;13.53;-22.22;✅ Boa gestão — ficou abaixo do IPCA
LEVOTIROXINA SÓDICA 100MCG;2015;2018;4;0.09;0.08;-14.29;13.53;-22.22;✅ Boa gestão — ficou abaixo do IPCA
PEDRA POMES EXTRA FINA;2015;2025;9;2.88;3.69;28.12;64.79;-22.22;✅ Boa gestão — ficou abaixo do IPCA
ENVELOPE AUTO SELANTE 50X130MM;2021;2025;4;11.78;11.08;-5.9;20.97;-22.27;✅ Boa gestão — ficou abaixo do IPCA
FIBRA PARA  LIMPEZA PESADA;2020;2024;3;15.1;14.98;-0.79;27.7;-22.3;✅ Boa gestão — ficou abaixo do IPCA
ESCOVA DE ACO PARA LIMPAR BROCAS;2015;2019;4;4.26;3.92;-8.02;18.42;-22.33;✅ Boa gestão — ficou abaixo do IPCA
PINCEL 2;2016;2021;3;4.33;4.3;-0.69;28.16;-22.36;✅ Boa gestão — ficou abaixo do IPCA
PNEU NOVO 750X16 BORRACHUDO 12 LONAS;2017;2025;7;586.0;685.0;16.89;50.59;-22.38;✅ Boa gestão — ficou abaixo do IPCA
FILME PARA ULTRASSONOGRAFIA;2015;2018;3;76.0;66.97;-11.88;13.53;-22.38;✅ Boa gestão — ficou abaixo do IPCA
REDE DE ARO PARA BASQUETE;2022;2024;3;47.0;40.0;-14.89;9.68;-22.39;✅ Boa gestão — ficou abaixo do IPCA
FAIXA ELÁSTICA NÍVEL MÉDIO;2022;2024;3;14.8;12.59;-14.93;9.68;-22.4;✅ Boa gestão — ficou abaixo do IPCA
VILDAGLIPTINA 50MG CPR;2016;2019;3;2.66;2.3;-13.53;11.41;-22.4;✅ Boa gestão — ficou abaixo do IPCA
CANETA DESTACA TEXTO;2015;2020;5;10.72;10.3;-3.95;23.77;-22.41;✅ Boa gestão — ficou abaixo do IPCA
TABLET;2016;2024;6;1421.47;1640.0;15.37;48.71;-22.42;✅ Boa gestão — ficou abaixo do IPCA
MANG. SVL COR CZ DIAM.19.05MM (3/4);2022;2025;4;20.28;18.0;-11.26;14.35;-22.44;✅ Boa gestão — ficou abaixo do IPCA
FILTRO DE PAPEL PARA CAFÉ;2016;2019;3;3.69;3.19;-13.55;11.41;-22.48;✅ Boa gestão — ficou abaixo do IPCA
RESINA FOTOPOLIMERIZAVEL COR A3- UNIVERSAL;2020;2024;4;32.94;32.59;-1.06;27.7;-22.51;✅ Boa gestão — ficou abaixo do IPCA
ATADURA DE CREPOM 15CM;2019;2022;4;0.99;0.94;-5.05;21.69;-22.62;✅ Boa gestão — ficou abaixo do IPCA
COLETE SOCORRISTA PADRÃO CBMSC;2016;2023;7;164.0;180.0;9.76;41.85;-22.62;✅ Boa gestão — ficou abaixo do IPCA
DESODORIZADOR SANITÁRIO EM GEL;2020;2024;4;7.98;7.89;-1.13;27.7;-22.64;✅ Boa gestão — ficou abaixo do IPCA
BROCA DE ALTA ROTAÇÃO CARBIDE ESFÉRICA N° ½;2017;2025;6;4.2;4.9;16.67;50.59;-22.66;✅ Boa gestão — ficou abaixo do IPCA
BROCA DE ALTA ROTAÇÃO CARBIDE ESFÉRICA N° 4;2017;2025;6;4.2;4.9;16.67;50.59;-22.66;✅ Boa gestão — ficou abaixo do IPCA
BROCA DE ALTA ROTAÇÃO CARBIDE ESFÉRICA N° 8;2017;2025;4;4.2;4.9;16.67;50.59;-22.66;✅ Boa gestão — ficou abaixo do IPCA
ELETRODUTO DE AÇO GALVANIZADO A FOGO 4X6MT, NBR 5598;2017;2020;4;483.12;422.44;-12.56;13.1;-22.69;✅ Boa gestão — ficou abaixo do IPCA
CLORETO DE POTÁSSIO 19,1% SOL  INJ;2016;2019;3;0.23;0.2;-14.53;11.41;-22.73;✅ Boa gestão — ficou abaixo do IPCA
VEÍCULO NOVO, 0 KM, SEDAN, CAPACIDADE PARA 05 PESSOAS.;2022;2025;3;132900.0;117400.0;-11.66;14.35;-22.75;✅ Boa gestão — ficou abaixo do IPCA
FIXADOR CITOLÓGICO, 40ML;2015;2019;4;2.9;2.65;-8.62;18.42;-22.76;✅ Boa gestão — ficou abaixo do IPCA
ACRILICO AUTOPOLIMERIZAVEL PÓ TRANSPARENTE;2020;2024;4;78.4;77.3;-1.4;27.7;-22.78;✅ Boa gestão — ficou abaixo do IPCA
VILDAGLIPTINA + METFORMINA 50MG+1000MG CPR;2016;2019;3;2.66;2.28;-14.29;11.41;-22.8;✅ Boa gestão — ficou abaixo do IPCA
VILDAGLIPTINA + METFORMINA 50MG+850MG CPR;2016;2019;3;2.66;2.28;-14.29;11.41;-22.8;✅ Boa gestão — ficou abaixo do IPCA
CASQUETE PARA TRACIONADOR PEQUENO;2022;2024;3;31.5;26.67;-15.33;9.68;-22.83;✅ Boa gestão — ficou abaixo do IPCA
NUTRISON ENERGY MULTI FIBER 1,5KCAL TP 1000 ML;2020;2025;4;37.0;38.0;2.7;33.14;-22.85;✅ Boa gestão — ficou abaixo do IPCA
MANG SILICONE 1,6 X 3,6MM (TRANSLUCIDO);2021;2025;4;32.27;30.1;-6.72;20.97;-22.88;✅ Boa gestão — ficou abaixo do IPCA
LAVADORA DE ROUPAS AUTOMÁTICA;2020;2025;4;1840.0;1889.0;2.66;33.14;-22.89;✅ Boa gestão — ficou abaixo do IPCA
LEVANLODIPINO 2,5MG;2016;2019;3;1.39;1.2;-13.67;11.41;-22.9;✅ Boa gestão — ficou abaixo do IPCA
RISPERIDONA 2MG CPR;2016;2020;4;0.14;0.12;-7.41;16.45;-23.08;✅ Boa gestão — ficou abaixo do IPCA
CÓPIAS DE PROJETO DE ENGENHARIA, SULFITE PRETO E BRANCO;2017;2025;3;7.25;8.4;15.86;50.59;-23.08;✅ Boa gestão — ficou abaixo do IPCA
APONTADOR SEM DEPÓSITO;2018;2020;3;0.15;0.12;-20.0;9.02;-23.08;✅ Boa gestão — ficou abaixo do IPCA
PASTA CANALETA OFÍCIO;2020;2024;4;1.29;1.27;-1.55;27.7;-23.08;✅ Boa gestão — ficou abaixo do IPCA
CAIXA ORGANIZADORA PLÁSTICA 6 LITROS;2020;2023;4;14.18;13.29;-6.28;21.81;-23.12;✅ Boa gestão — ficou abaixo do IPCA
APRESUNTADO FATIADO;2018;2024;5;18.55;19.85;7.01;39.22;-23.13;✅ Boa gestão — ficou abaixo do IPCA
OTOSCÓPIO COM ILUMINAÇÃO HALÓGENA POR FIBRA ÓTICA.;2019;2024;3;634.99;651.5;2.6;33.47;-23.13;✅ Boa gestão — ficou abaixo do IPCA
PRATO DESCARTÁVEL;2016;2022;4;2.02;2.1;3.96;35.58;-23.16;✅ Boa gestão — ficou abaixo do IPCA
BLOCO VALVULA SOLENOIDE NF BIVOLT STERMAX;2022;2025;4;375.92;330.0;-12.21;14.35;-23.23;✅ Boa gestão — ficou abaixo do IPCA
CANO ESPONJOSO ½.;2015;2021;4;1.85;1.94;4.86;36.22;-23.24;✅ Boa gestão — ficou abaixo do IPCA
BROCA AÇO RÁPIDO 10MM;2015;2021;6;14.99;15.68;4.57;36.22;-23.25;✅ Boa gestão — ficou abaixo do IPCA
FIXADOR PARA RADIOGRAFIA;2015;2025;6;7.95;10.06;26.54;64.79;-23.27;✅ Boa gestão — ficou abaixo do IPCA
TAMPA DO SPRAY KAVO;2018;2021;3;30.75;28.3;-7.97;19.99;-23.29;✅ Boa gestão — ficou abaixo do IPCA
BASE PARA RELÉ FOTOELETRÔNICO, COM HASTE GALVANIZADA;2018;2021;3;7.46;6.86;-8.04;19.99;-23.29;✅ Boa gestão — ficou abaixo do IPCA
ANEL DE VEDAÇÃO SILICONE VITALE CLASS CD 54L;2022;2024;3;138.5;116.5;-15.89;9.68;-23.31;✅ Boa gestão — ficou abaixo do IPCA
PLACA LÁBIO-ATIVA SEM GANCHO;2019;2025;4;22.8;24.32;6.67;39.16;-23.32;✅ Boa gestão — ficou abaixo do IPCA
BISOPROLOL 10MG CPR;2016;2019;3;0.32;0.27;-14.29;11.41;-23.33;✅ Boa gestão — ficou abaixo do IPCA
LAMPARINA HANNAU;2015;2025;9;19.45;24.57;26.32;64.79;-23.34;✅ Boa gestão — ficou abaixo do IPCA
ALICATE ORTODÔNTICO CORTE PESADO COM WIDEA;2021;2025;4;386.0;357.86;-7.29;20.97;-23.37;✅ Boa gestão — ficou abaixo do IPCA
SUPORTE DE FIXAÇÃO PARA COLETOR DE MATERIAL PERFURO- CORTANT;2015;2020;4;20.15;19.1;-5.21;23.77;-23.42;✅ Boa gestão — ficou abaixo do IPCA
CANETA JATO DE BICARBONATO GNATUS;2021;2025;5;334.67;310.0;-7.37;20.97;-23.43;✅ Boa gestão — ficou abaixo do IPCA
PROJETOR CORPO DE ALUMÍNIO  E40 PARA LÂMPADA 1000W;2015;2021;6;265.97;277.3;4.26;36.22;-23.46;✅ Boa gestão — ficou abaixo do IPCA
OXIDO DE ZINCO 25% (PASTA D´AGUA). EMBALAGEM COM 80G A 100G,;2019;2023;4;5.65;5.5;-2.66;27.32;-23.48;✅ Boa gestão — ficou abaixo do IPCA
PONTA DE ULTRASSON Nº 2 - SUPRAGENG GNATUS (ROSCA INTERNA).;2020;2024;4;50.0;48.86;-2.28;27.7;-23.49;✅ Boa gestão — ficou abaixo do IPCA
ESPATULA 24;2020;2025;5;7.11;7.23;1.69;33.14;-23.52;✅ Boa gestão — ficou abaixo do IPCA
QUETIAPINA 25MG CPR;2016;2020;4;0.18;0.16;-14.84;16.45;-23.53;✅ Boa gestão — ficou abaixo do IPCA
ESCITALOPRAM, OXALATO 10MG CPR;2016;2020;4;0.18;0.16;-12.22;16.45;-23.53;✅ Boa gestão — ficou abaixo do IPCA
CARVEDILOL 25MG CPR;2016;2020;4;0.18;0.16;-10.42;16.45;-23.53;✅ Boa gestão — ficou abaixo do IPCA
RETENTOR 12X32X7;2015;2019;5;10.45;9.46;-9.47;18.42;-23.54;✅ Boa gestão — ficou abaixo do IPCA
ROLO DE SENHA DE PAPEL DE 3 (TRES) DIGITOS;2015;2019;5;13.0;11.77;-9.46;18.42;-23.54;✅ Boa gestão — ficou abaixo do IPCA
RAIO-X PORTÁTIL;2019;2025;5;14500.0;15422.4;6.36;39.16;-23.57;✅ Boa gestão — ficou abaixo do IPCA
CARRINHO PLATAFORMA COM ARO/PNEU, CAPACIDADE DE CARGA DE NO MÍNIMO 600KG, PLATAFORMA EM MADEIRA, DIMENSÕES 1,50 X 0,75, COM ALAVANCA FRONTA PARA TRANSPORTE MANUAL.;2022;2025;3;1590.0;1389.0;-12.64;14.35;-23.6;✅ Boa gestão — ficou abaixo do IPCA
CONJUNTO IMPERMEÁVEL PARA CHUVA COM CALÇA E CAPA;2019;2021;3;330.0;290.0;-12.12;15.03;-23.6;✅ Boa gestão — ficou abaixo do IPCA
SOTALOL 120MG CPR;2016;2019;3;0.77;0.65;-15.58;11.41;-23.61;✅ Boa gestão — ficou abaixo do IPCA
INSULINA REGULAR 100 UI/ML , FRASCO 10ML.;2019;2021;3;21.0;18.45;-12.14;15.03;-23.63;✅ Boa gestão — ficou abaixo do IPCA
CAPACITOR 380V 20 MF.;2015;2018;4;19.0;16.46;-13.37;13.53;-23.68;✅ Boa gestão — ficou abaixo do IPCA
INSULINA NPH 100UI/ML, FRASCO 10ML.;2019;2023;4;21.0;20.4;-2.86;27.32;-23.69;✅ Boa gestão — ficou abaixo do IPCA
DILUIDOR PARA LÍQUIDOS CONCENTRADOS;2015;2021;4;238.23;247.4;3.85;36.22;-23.76;✅ Boa gestão — ficou abaixo do IPCA
SABONETEIRA DE MESA COM PUMP;2019;2021;3;10.15;8.9;-12.32;15.03;-23.8;✅ Boa gestão — ficou abaixo do IPCA
CÂNULA DE TRAQUEOSTOMIA DE SILICONE COM BALONETE NÚMERO 8,0;2018;2021;4;20.46;18.7;-8.6;19.99;-23.81;✅ Boa gestão — ficou abaixo do IPCA
EUCALIPTOL - FRASCO 10 ML;2018;2024;3;7.1;7.52;5.92;39.22;-23.84;✅ Boa gestão — ficou abaixo do IPCA
PONTA DE ULTRASSON Nº 37 PERIO SUB SAEVO (ROSCA EXTERNA).;2020;2024;4;55.0;53.46;-2.8;27.7;-23.9;✅ Boa gestão — ficou abaixo do IPCA
MINICARREGADEIRA NEW HOLLAND L325;2021;2025;5;25.0;23.0;-8.0;20.97;-23.92;✅ Boa gestão — ficou abaixo do IPCA
ÁCIDO FOSFÓRICO 37% EM GEL;2020;2025;5;3.0;3.04;1.33;33.14;-23.97;✅ Boa gestão — ficou abaixo do IPCA
ASSINATURA MENSAL;2015;2018;3;8.5;7.33;-13.76;13.53;-24.0;✅ Boa gestão — ficou abaixo do IPCA
PRANCHA DE MADEIRA;2015;2018;4;2.25;1.94;-13.56;13.53;-24.0;✅ Boa gestão — ficou abaixo do IPCA
PAPEL CERA;2015;2019;4;0.25;0.22;-12.0;18.42;-24.0;✅ Boa gestão — ficou abaixo do IPCA
ALICATE ORTODÔNTICO BICO CHATO 121;2021;2025;5;76.5;70.34;-8.05;20.97;-24.0;✅ Boa gestão — ficou abaixo do IPCA
BROCA DE VÍDIA  6MM;2015;2021;6;4.2;4.35;3.57;36.22;-24.05;✅ Boa gestão — ficou abaixo do IPCA
PLÁSTICO AUTOADESIVO DE FÁCIL APLICAÇÃO PRETO FOSCO;2021;2024;3;32.7;28.8;-11.93;16.03;-24.11;✅ Boa gestão — ficou abaixo do IPCA
DISPENSER PARA COPO 200 ML;2016;2019;3;40.22;34.0;-15.46;11.41;-24.13;✅ Boa gestão — ficou abaixo do IPCA
PROTETOR 900X20;2016;2025;8;34.0;40.0;17.65;55.04;-24.13;✅ Boa gestão — ficou abaixo do IPCA
ALBENDAZOL 400MG/ML SUSPENSÃO ORAL, FRASCO 10ML.;2019;2024;4;1.03;1.04;1.45;33.47;-24.14;✅ Boa gestão — ficou abaixo do IPCA
LEVOMEPROMAZINA, MALEATO 100MG CPR.;2019;2023;3;0.69;0.66;-4.35;27.32;-24.14;✅ Boa gestão — ficou abaixo do IPCA
BOBINA DE PAPEL PARA IMPRESSORA TÉRMICA DE SENHAS;2020;2024;3;61.9;59.9;-3.23;27.7;-24.22;✅ Boa gestão — ficou abaixo do IPCA
RESINA FOTOPOLIMERIZAVEL COR A3.5 - UNIVERSAL;2020;2024;4;32.94;31.83;-3.37;27.7;-24.31;✅ Boa gestão — ficou abaixo do IPCA
ESOMEPRAZOL 40MG CP;2016;2019;3;0.39;0.34;-13.59;11.41;-24.32;✅ Boa gestão — ficou abaixo do IPCA
BROMETO DE N-BUTIL ESCOPOLAMINA 10MG CPR;2016;2020;4;0.39;0.35;-10.26;16.45;-24.32;✅ Boa gestão — ficou abaixo do IPCA
BATERIA RECARREGÁVEL DE NICAD 3,5V PARA OTOSCÓPIO MODELO 723;2019;2021;3;377.0;328.12;-12.97;15.03;-24.34;✅ Boa gestão — ficou abaixo do IPCA
COLETE PUTTI ALTO;2015;2025;4;235.0;293.0;24.68;64.79;-24.34;✅ Boa gestão — ficou abaixo do IPCA
TORNEIRA METAL P/ LAVATORIO 3/4 SIMPLES;2015;2018;4;34.5;29.59;-14.23;13.53;-24.45;✅ Boa gestão — ficou abaixo do IPCA
FIAT UNO (10 - ) 4P VIVACE 1.0 EVO FLEX 2014;2020;2022;3;70.5;62.0;-12.06;16.43;-24.48;✅ Boa gestão — ficou abaixo do IPCA
COLCHETE Nº 15;2015;2018;4;10.5;9.0;-14.29;13.53;-24.48;✅ Boa gestão — ficou abaixo do IPCA
CAPACITOR 380V 35 MF.;2015;2018;4;20.9;17.89;-14.4;13.53;-24.59;✅ Boa gestão — ficou abaixo do IPCA
LAMPARINA DE INOX 60ML;2020;2025;5;30.0;30.12;0.4;33.14;-24.59;✅ Boa gestão — ficou abaixo do IPCA
BOBINA DE SENHA NUMERICA 00 A 99;2020;2024;3;10.0;9.63;-3.7;27.7;-24.63;✅ Boa gestão — ficou abaixo do IPCA
POLPA DE MORANGO;2018;2021;3;75.0;67.75;-9.67;19.99;-24.7;✅ Boa gestão — ficou abaixo do IPCA
CARVÃO VEGETAL PARA CHURRASCO;2020;2023;3;22.35;20.5;-8.28;21.81;-24.7;✅ Boa gestão — ficou abaixo do IPCA
BOCAL PARA LÂMPADA DICROICA 240V - 3A;2019;2021;3;15.75;13.63;-13.46;15.03;-24.74;✅ Boa gestão — ficou abaixo do IPCA
EXTIRPA NERVOS Nº 15 DE 21MM;2022;2025;4;36.3;31.21;-14.02;14.35;-24.81;✅ Boa gestão — ficou abaixo do IPCA
LAMPADA ELETRÔNICA 15 WATS (ECONOMICA);2015;2017;3;5.8;4.77;-17.76;9.43;-24.83;✅ Boa gestão — ficou abaixo do IPCA
BIELA PARA SCHULZ E PRESSURE;2022;2025;4;76.2;65.5;-14.05;14.35;-24.83;✅ Boa gestão — ficou abaixo do IPCA
MEMBRANA OSMOSE REVERSA TW30-1812-100;2019;2022;4;435.0;397.75;-8.56;21.69;-24.87;✅ Boa gestão — ficou abaixo do IPCA
CASQUETE PARA TRACIONADOR GRANDE;2022;2024;3;31.0;25.52;-17.68;9.68;-24.92;✅ Boa gestão — ficou abaixo do IPCA
ARCO OSTBY INFANTIL DOBRÁVEL;2020;2025;5;7.78;7.77;-0.13;33.14;-24.96;✅ Boa gestão — ficou abaixo do IPCA
INDAPAMIDA 1,5MG CPR;2016;2019;3;0.17;0.14;-17.65;11.41;-25.0;✅ Boa gestão — ficou abaixo do IPCA
VITAMINAS DO COMPLEXO B 5/1/30/4/3 MG;2015;2018;4;0.04;0.03;-10.86;13.53;-25.0;✅ Boa gestão — ficou abaixo do IPCA
SINVASTATINA 20MG;2015;2018;4;0.06;0.05;-11.44;13.53;-25.0;✅ Boa gestão — ficou abaixo do IPCA
CILOSTAZOL 100MG CPR;2016;2019;3;0.47;0.39;-17.87;11.41;-25.0;✅ Boa gestão — ficou abaixo do IPCA
MORFINA 10MG/ML INJETÁVEL 1ML;2015;2018;3;1.72;1.47;-14.53;13.53;-25.0;✅ Boa gestão — ficou abaixo do IPCA
SINVASTATINA 20MG CPR, EM BLISTER.;2019;2024;5;0.05;0.05;0.0;33.47;-25.0;✅ Boa gestão — ficou abaixo do IPCA
YAMAHA XTZ TÉNÉRÉ 250CC 2011;2019;2024;5;10.0;10.0;0.0;33.47;-25.0;✅ Boa gestão — ficou abaixo do IPCA
BUCHA DE NYLON 6MM CONVECIONAL DE MÁXIMA QUALIDADE;2015;2018;4;0.1;0.08;-15.0;13.53;-25.0;✅ Boa gestão — ficou abaixo do IPCA
CITALOPRAM 20MG CPR;2016;2020;4;0.13;0.12;-11.54;16.45;-25.0;✅ Boa gestão — ficou abaixo do IPCA
CLORETO DE POTÁSSIO 19,1% 10ML;2015;2018;3;0.24;0.2;-15.98;13.53;-25.0;✅ Boa gestão — ficou abaixo do IPCA
CLORETO DE POTÁSSIO 10% SOL  INJ 10ML;2016;2019;3;0.25;0.22;-13.04;11.41;-25.0;✅ Boa gestão — ficou abaixo do IPCA
CALCIO CITRATO MALATO + VITAMINA D;2016;2019;3;2.21;1.85;-16.29;11.41;-25.0;✅ Boa gestão — ficou abaixo do IPCA
ENALAPRIL, MALEATO 20MG;2015;2018;3;0.04;0.04;-20.0;13.53;-25.0;✅ Boa gestão — ficou abaixo do IPCA
DISCO DE FELTRO 8MM;2015;2018;3;23.5;20.0;-14.89;13.53;-25.02;✅ Boa gestão — ficou abaixo do IPCA
AUTORIZAÇÃO SAÍDA DE VEÍCULOS;2016;2021;6;3.65;3.5;-4.11;28.16;-25.07;✅ Boa gestão — ficou abaixo do IPCA
CAMPO CIRÚRGICO FENESTRADO 50 X 50 CM;2015;2020;4;27.5;25.5;-7.27;23.77;-25.09;✅ Boa gestão — ficou abaixo do IPCA
PINÇA HEMOSTÁTICA KELLY CURVA 14CM;2020;2024;4;22.0;21.03;-4.41;27.7;-25.1;✅ Boa gestão — ficou abaixo do IPCA
AGUA SANITÁRIA  COM 5 LITROS.;2015;2020;3;6.2;5.74;-7.42;23.77;-25.16;✅ Boa gestão — ficou abaixo do IPCA
METRONIDAZOL 4% SUSP. ORAL 80 ML;2018;2020;3;7.35;5.99;-18.5;9.02;-25.19;✅ Boa gestão — ficou abaixo do IPCA
SWITCH 48 PORTAS;2022;2025;3;2949.5;2522.0;-14.49;14.35;-25.22;✅ Boa gestão — ficou abaixo do IPCA
VASSOURA NYLON;2018;2021;4;8.81;7.9;-10.33;19.99;-25.26;✅ Boa gestão — ficou abaixo do IPCA
CAMISA DO CILINDRO 69,1 X 63,7 X 48,1MM;2022;2025;4;140.5;120.0;-14.59;14.35;-25.31;✅ Boa gestão — ficou abaixo do IPCA
JOELHO SOLDÁVEL 50 X 45º;2015;2021;6;3.98;4.05;1.76;36.22;-25.38;✅ Boa gestão — ficou abaixo do IPCA
BOLA DE BASQUETE OFICIAL;2023;2025;3;64.99;53.0;-18.45;9.3;-25.4;✅ Boa gestão — ficou abaixo do IPCA
VENTILADOR DE PAREDE;2016;2025;4;188.4;217.82;15.61;55.04;-25.43;✅ Boa gestão — ficou abaixo do IPCA
TONER HP CB436A HP LASERJET P1505/M1120;2018;2023;6;384.8;381.0;-0.99;32.8;-25.44;✅ Boa gestão — ficou abaixo do IPCA
ÁLCOOL 70 % ALCOOL ETÍLICO HIDRATADO.EMBALAGEM DE 1 LITRO.;2015;2019;4;4.06;3.59;-11.69;18.42;-25.46;✅ Boa gestão — ficou abaixo do IPCA
TESOURA CIRÚRGICA IRIS RETA 12CM;2020;2025;5;12.0;11.9;-0.83;33.14;-25.57;✅ Boa gestão — ficou abaixo do IPCA
PORTA AGULHA CASTROVIEJO SIMPLES 14CM;2020;2025;5;140.0;138.71;-0.92;33.14;-25.59;✅ Boa gestão — ficou abaixo do IPCA
CABO PARA BISTURI EM AÇO INOX, Nº3;2015;2024;3;5.3;6.23;17.59;58.06;-25.63;✅ Boa gestão — ficou abaixo do IPCA
BALA MASTIGAVEL SABORES DIVERSOS;2018;2024;5;8.8;9.1;3.41;39.22;-25.68;✅ Boa gestão — ficou abaixo do IPCA
FORD FIESTA HATCH 1.6 FLEX 1.6 FLEX 2012;2018;2022;4;20.0;18.87;-5.65;26.94;-25.71;✅ Boa gestão — ficou abaixo do IPCA
FORD FIESTA HATCH SE 1.6 FLEX 2014;2018;2022;4;20.0;18.87;-5.65;26.94;-25.71;✅ Boa gestão — ficou abaixo do IPCA
FIAT IDEA G1 HLX 1.8 8V FIRE FLEX 2006;2018;2022;4;20.0;18.87;-5.65;26.94;-25.71;✅ Boa gestão — ficou abaixo do IPCA
CHEVROLET BLAZER ADVANTAGE 2.4 FLEXPOWER 4X2 2009;2018;2022;4;20.0;18.87;-5.65;26.94;-25.71;✅ Boa gestão — ficou abaixo do IPCA
ESQUICHO 1 1/2;2015;2023;7;28.0;31.36;12.01;50.77;-25.71;✅ Boa gestão — ficou abaixo do IPCA
FRALDA DESCARTÁVEL INFANTIL TAMANHO P PESO MÁXIMO DE 6KG ATÉ;2016;2019;3;0.37;0.31;-16.22;11.41;-25.71;✅ Boa gestão — ficou abaixo do IPCA
BALDE 20 LITROS;2016;2021;4;20.5;19.5;-4.88;28.16;-25.76;✅ Boa gestão — ficou abaixo do IPCA
CLIPS TAMANHO 2/0;2015;2018;4;1.14;0.96;-16.16;13.53;-25.76;✅ Boa gestão — ficou abaixo do IPCA
PÓ DE PEDRA - INCLUSO FRETE;2021;2025;5;49.0;44.0;-10.2;20.97;-25.77;✅ Boa gestão — ficou abaixo do IPCA
FÓRMULA ELEMENTAR À BASE DE 100% DE AMINOÁCIDOS LIVRES;2016;2023;4;190.0;200.0;5.26;41.85;-25.79;✅ Boa gestão — ficou abaixo do IPCA
SABONETE - EM BARRA DE 13 GRAMAS;2016;2020;4;0.33;0.28;-15.15;16.45;-25.81;✅ Boa gestão — ficou abaixo do IPCA
CIANOCOBALAMINA 1000MCG/ML AMP. 2ML;2016;2019;3;2.97;2.45;-17.51;11.41;-25.81;✅ Boa gestão — ficou abaixo do IPCA
BROCA  Nº 703 PARA PEÇA DE MÃO;2020;2025;5;9.0;8.88;-1.33;33.14;-25.86;✅ Boa gestão — ficou abaixo do IPCA
BETAISTINA 24MG CPR;2016;2019;4;0.28;0.24;-15.19;11.41;-25.93;✅ Boa gestão — ficou abaixo do IPCA
AREIA LAVADA MÉDIA P/ USO NA CONSTRUÇÃO CIVIL - INCLUSO FRET;2021;2025;5;59.9;53.65;-10.43;20.97;-25.96;✅ Boa gestão — ficou abaixo do IPCA
TE SOLDAVEL 75MM;2015;2021;6;39.9;40.22;0.81;36.22;-26.0;✅ Boa gestão — ficou abaixo do IPCA
PILHA PALITO ALCALINAS  (AAA) 1,5 VOLTS;2020;2024;4;5.18;4.9;-5.41;27.7;-26.01;✅ Boa gestão — ficou abaixo do IPCA
BOBINA DE SENHA NUMERICA 000 A 999;2020;2024;4;10.2;9.63;-5.59;27.7;-26.09;✅ Boa gestão — ficou abaixo do IPCA
ROTOR DE REPOSICAO EXTRA TORQUE 605 PB;2018;2025;5;218.0;233.8;7.25;45.15;-26.11;✅ Boa gestão — ficou abaixo do IPCA
PAPEL CARBONO FILME A4 - 29,7 CM X 21 CM;2020;2024;3;45.75;43.15;-5.68;27.7;-26.14;✅ Boa gestão — ficou abaixo do IPCA
FILTRO DE BRONZE SINTERIZADO 25MM;2022;2025;4;33.64;28.4;-15.56;14.35;-26.18;✅ Boa gestão — ficou abaixo do IPCA
COLCHETE Nº 14;2015;2018;4;10.5;8.8;-16.19;13.53;-26.19;✅ Boa gestão — ficou abaixo do IPCA
DIETA ENTERAL/ORAL NUTRICIONALMENTE COMPLETA PARA CRIANÇAS D;2016;2020;3;149.0;128.0;-14.09;16.45;-26.22;✅ Boa gestão — ficou abaixo do IPCA
CANO ESPONJOSO ¼ - BARRA DE 2 METROS;2016;2021;5;3.0;2.83;-5.67;28.16;-26.24;✅ Boa gestão — ficou abaixo do IPCA
CANO ESPONJOSO 3/8 - BARRA DE 2 METROS;2016;2021;5;3.0;2.83;-5.67;28.16;-26.24;✅ Boa gestão — ficou abaixo do IPCA
CANO ESPONJOSO 5/8 - BARRA DE 2 METROS;2016;2021;5;3.0;2.83;-5.67;28.16;-26.24;✅ Boa gestão — ficou abaixo do IPCA
CANO ESPONJOSO ½ - BARRA DE 2 METROS;2016;2021;5;3.0;2.83;-5.67;28.16;-26.24;✅ Boa gestão — ficou abaixo do IPCA
TUBO DE CONCRETO D: 800 MM CA1;2017;2023;3;185.0;188.0;1.62;37.78;-26.25;✅ Boa gestão — ficou abaixo do IPCA
LENÇOL DESCARTÁVEL;2018;2023;6;8.3;8.13;-2.05;32.8;-26.27;✅ Boa gestão — ficou abaixo do IPCA
CAPACITOR 380V 55 MF.;2015;2018;4;28.5;23.85;-16.32;13.53;-26.28;✅ Boa gestão — ficou abaixo do IPCA
APAGADOR PARA QUADRO BRANCO.;2018;2022;5;4.37;4.09;-6.48;26.94;-26.3;✅ Boa gestão — ficou abaixo do IPCA
BALDE 10 LITROS;2018;2021;3;6.9;6.1;-11.59;19.99;-26.32;✅ Boa gestão — ficou abaixo do IPCA
TAMPA DA CABEÇA DO CONTRA ANGULO DENTEFLEX;2021;2025;5;26.81;23.9;-10.85;20.97;-26.32;✅ Boa gestão — ficou abaixo do IPCA
CIRCUITO DE POTENCIA VDR / VAR;2022;2025;4;878.43;740.0;-15.76;14.35;-26.33;✅ Boa gestão — ficou abaixo do IPCA
BRAÇADEIRA DE NYLON COM VELCRO ADULTO COM MANGUITO EM PVC 2;2018;2021;4;25.0;22.1;-11.6;19.99;-26.34;✅ Boa gestão — ficou abaixo do IPCA
CENOURA SEM FOLHAS C/ ENTREGA NA CENTRAL DE MERENDA;2015;2018;3;2.54;2.12;-16.54;13.53;-26.38;✅ Boa gestão — ficou abaixo do IPCA
CARTUCHO DESKJET HP 22 COLORIDO (ORIGINAL);2020;2024;4;123.36;115.99;-5.97;27.7;-26.38;✅ Boa gestão — ficou abaixo do IPCA
BALA DE GOMA CONFEITADA;2018;2024;5;8.78;9.0;2.51;39.22;-26.39;✅ Boa gestão — ficou abaixo do IPCA
SOPRADOR À GASOLINA 4,0CV/3,0KW, CONFORME TERMO DE REFERÊNCIA.;2019;2023;4;2231.04;2090.0;-6.32;27.32;-26.42;✅ Boa gestão — ficou abaixo do IPCA
PENTOXIFILINA 400MG CPR;2016;2019;3;0.56;0.46;-18.44;11.41;-26.42;✅ Boa gestão — ficou abaixo do IPCA
"CANO COBRE ½;";2016;2021;5;16.0;15.08;-5.75;28.16;-26.45;✅ Boa gestão — ficou abaixo do IPCA
NORTRIPTILINA 10MG CPR;2016;2019;3;0.37;0.3;-18.1;11.41;-26.47;✅ Boa gestão — ficou abaixo do IPCA
PRESSOSTATO 80/120 PSI;2016;2018;3;94.92;74.5;-21.51;6.81;-26.52;✅ Boa gestão — ficou abaixo do IPCA
FITA PVC 100MM BRANCA;2015;2021;6;3.77;3.78;0.27;36.22;-26.53;✅ Boa gestão — ficou abaixo do IPCA
EIXO DIANTEIRO CONTRA-ANGULO DABI;2016;2025;3;149.3;170.0;13.86;55.04;-26.56;✅ Boa gestão — ficou abaixo do IPCA
SONDA ENDOTRAQUEAL EM PVC COM BALÃO Nº 6,5;2015;2024;3;2.71;3.14;15.87;58.06;-26.57;✅ Boa gestão — ficou abaixo do IPCA
ALICATE ORTODÔNTICO 139;2019;2025;7;68.85;70.34;2.16;39.16;-26.59;✅ Boa gestão — ficou abaixo do IPCA
ALICATE ORTODÔNTICO TRIDENTE 200;2019;2025;7;68.87;70.34;2.13;39.16;-26.62;✅ Boa gestão — ficou abaixo do IPCA
PÊRA DE LÁTEX PARA ESFIGMOMANÔMETRO;2018;2023;6;8.31;8.1;-2.53;32.8;-26.64;✅ Boa gestão — ficou abaixo do IPCA
PINO ELASTICO ESPIRAL 1X1,45 KAVO (M.M E C.A);2022;2025;4;5.25;4.4;-16.19;14.35;-26.65;✅ Boa gestão — ficou abaixo do IPCA
ALENDRONATO DE SÓDIO 70MG, BLISTER COM 4CPR.;2019;2023;4;0.18;0.17;-4.01;27.32;-26.67;✅ Boa gestão — ficou abaixo do IPCA
SERVIÇO DE SERRALHEIRO/SOLDADOR (MÃO DE OBRA) COM DESLOCAMEN;2018;2021;4;150.0;131.95;-12.03;19.99;-26.68;✅ Boa gestão — ficou abaixo do IPCA
BRANCO DIAMANTE FORD POLIURETANO 3,6L;2015;2021;4;199.26;199.0;-0.13;36.22;-26.69;✅ Boa gestão — ficou abaixo do IPCA
ANESTÉSICO ARTICAINE 4% COM VASOCONSTRITOR EPINEFRINA 1:100.;2020;2024;4;125.02;117.0;-6.41;27.7;-26.72;✅ Boa gestão — ficou abaixo do IPCA
ANESTÉSICO INJETÁVEL - CETAMINA 10%;2020;2023;3;29.75;26.55;-10.76;21.81;-26.75;✅ Boa gestão — ficou abaixo do IPCA
SOCADOR DE FEIJÃO EM POLIETILENO;2016;2025;4;56.2;63.8;13.52;55.04;-26.76;✅ Boa gestão — ficou abaixo do IPCA
BUCHA DE NYLON 10MM CONVECIONAL DE MÁXIMA QUALIDADE;2015;2018;4;0.28;0.23;-17.86;13.53;-26.79;✅ Boa gestão — ficou abaixo do IPCA
TERMÔMETRO CLÍNICO DIGITAL.;2020;2024;3;10.49;9.8;-6.58;27.7;-26.89;✅ Boa gestão — ficou abaixo do IPCA
CAIXA ORGANIZADORA PLÁSTICA ALTA 36 LITROS;2020;2023;4;57.27;51.0;-10.95;21.81;-26.89;✅ Boa gestão — ficou abaixo do IPCA
REFIL MOP UMIDO;2016;2021;3;11.0;10.3;-6.36;28.16;-26.96;✅ Boa gestão — ficou abaixo do IPCA
LIMA C PILOT MANUAL 08 DE 25MM;2021;2025;4;24.9;22.0;-11.65;20.97;-26.97;✅ Boa gestão — ficou abaixo do IPCA
LIMA C PILOT MANUAL 08 DE 21MM;2021;2025;4;24.9;22.0;-11.65;20.97;-26.97;✅ Boa gestão — ficou abaixo do IPCA
CALCADOR PAIVA N1;2023;2025;3;7.98;6.36;-20.3;9.3;-27.03;✅ Boa gestão — ficou abaixo do IPCA
ÁGUA DE COCO 1 LT;2015;2024;7;9.5;10.96;15.37;58.06;-27.05;✅ Boa gestão — ficou abaixo do IPCA
SERINGA 10ML, SEM AGULHA;2015;2021;4;0.42;0.42;-0.59;36.22;-27.06;✅ Boa gestão — ficou abaixo do IPCA
BROCA DE BAIXA ROTAÇÃO CARBIDE N° 1;2019;2024;5;3.85;3.75;-2.6;33.47;-27.08;✅ Boa gestão — ficou abaixo do IPCA
BOTAO AGUA  SERINGA OLSEN;2022;2025;4;39.6;33.0;-16.67;14.35;-27.11;✅ Boa gestão — ficou abaixo do IPCA
FICHA DE ATENDIMENTO SAMU .;2018;2022;4;7.99;7.39;-7.51;26.94;-27.13;✅ Boa gestão — ficou abaixo do IPCA
LÂMPADA INFRAVERMELHO 220 V - 150 W PARA FISIOTERAPIA;2018;2023;6;148.0;143.2;-3.24;32.8;-27.14;✅ Boa gestão — ficou abaixo do IPCA
PLOTAGEM DE VEÍCULO;2019;2021;3;107.48;90.0;-16.26;15.03;-27.2;✅ Boa gestão — ficou abaixo do IPCA
COMPRESSOR 2HP ALTERNATIVO.;2016;2018;3;903.85;702.56;-22.27;6.81;-27.23;✅ Boa gestão — ficou abaixo do IPCA
PASTA CATALOGO;2015;2020;3;7.49;6.74;-10.01;23.77;-27.24;✅ Boa gestão — ficou abaixo do IPCA
CLORIDRATO DE CICLOBENZAPRINA 5MG CPR;2016;2019;3;0.11;0.09;-20.35;11.41;-27.27;✅ Boa gestão — ficou abaixo do IPCA
CLORETO DE SÓDIO  20% SOL INJ.;2016;2019;3;0.24;0.19;-19.15;11.41;-27.27;✅ Boa gestão — ficou abaixo do IPCA
ATORVASTATINA 10MG CPR;2016;2019;3;0.23;0.19;-17.39;11.41;-27.27;✅ Boa gestão — ficou abaixo do IPCA
DOXAZOSINA 2MG CPR;2016;2020;4;0.12;0.1;-16.67;16.45;-27.27;✅ Boa gestão — ficou abaixo do IPCA
DIPIRONA 500MG CPR, EM BLISTER;2020;2023;4;0.13;0.12;-12.53;21.81;-27.27;✅ Boa gestão — ficou abaixo do IPCA
PLACA ELETRÔNICA AR ELECTROLUX;2015;2018;3;303.25;250.24;-17.48;13.53;-27.31;✅ Boa gestão — ficou abaixo do IPCA
TERMINAL C/ SPRAY DABI ATLANTE;2022;2025;4;163.24;135.6;-16.93;14.35;-27.35;✅ Boa gestão — ficou abaixo do IPCA
SUGADOR VACUO OLSEN;2022;2025;4;155.41;129.0;-16.99;14.35;-27.41;✅ Boa gestão — ficou abaixo do IPCA
VALVULA DE SEGURANÇA 1/4 BSP CALIBRADA EM 43 PSI PARA AUTOCL;2018;2021;4;170.0;147.86;-13.02;19.99;-27.51;✅ Boa gestão — ficou abaixo do IPCA
CENOURA SEM FOLHAS C/ ENTREGA NAS UNIDADES ESCOLARES;2015;2018;3;2.98;2.45;-17.79;13.53;-27.52;✅ Boa gestão — ficou abaixo do IPCA
VALV. DO SUPORTE OLSEN;2022;2025;4;72.3;59.9;-17.15;14.35;-27.55;✅ Boa gestão — ficou abaixo do IPCA
ESTOPIM SERCON;2022;2025;4;25.72;21.3;-17.19;14.35;-27.56;✅ Boa gestão — ficou abaixo do IPCA
CONECTOR (MARATHON);2022;2025;4;29.7;24.6;-17.17;14.35;-27.56;✅ Boa gestão — ficou abaixo do IPCA
PNEU NOVO 750X16 LISO 12 LONAS;2016;2025;8;610.0;685.0;12.3;55.04;-27.57;✅ Boa gestão — ficou abaixo do IPCA
BOTINA C/ ELÁSTICO SOLA PU BI-DENSIDADE COM BICO DE PROTEÇÃO;2015;2019;3;46.08;39.5;-14.28;18.42;-27.6;✅ Boa gestão — ficou abaixo do IPCA
CUBA DE BORRACHA PARA MANIPULAÇÃO DE ALGINATO OU GESSO;2015;2019;3;4.67;4.0;-14.35;18.42;-27.62;✅ Boa gestão — ficou abaixo do IPCA
SACO PLÁSTICO TRANSPARENTE NA MEDIDA 15X30CM;2017;2024;4;40.0;41.8;4.5;44.44;-27.63;✅ Boa gestão — ficou abaixo do IPCA
CASQUETE REGULÁVEL IHG;2019;2024;4;29.5;28.46;-3.53;33.47;-27.7;✅ Boa gestão — ficou abaixo do IPCA
EIXO PINCA C.A DENTFLEX;2022;2025;4;157.33;130.0;-17.37;14.35;-27.74;✅ Boa gestão — ficou abaixo do IPCA
ACICLOVIR 50 MG/G CREME, BISNAGA 10GR.;2019;2023;4;2.05;1.89;-7.8;27.32;-27.75;✅ Boa gestão — ficou abaixo do IPCA
RÉGUA ENDODONTICA MILIMETRADA CALIBRADORA;2020;2025;5;49.4;47.5;-3.85;33.14;-27.79;✅ Boa gestão — ficou abaixo do IPCA
VÁLVULA DE DESCARGA C/ACABAMENTO 1.1/2;2015;2021;6;79.5;78.19;-1.65;36.22;-27.8;✅ Boa gestão — ficou abaixo do IPCA
MINI BAND NÍVEL MÉDIO;2022;2024;3;11.7;9.27;-20.77;9.68;-27.83;✅ Boa gestão — ficou abaixo do IPCA
EXTINTOR PQS ABC 06 KG NOVO;2015;2023;7;180.0;195.82;8.79;50.77;-27.84;✅ Boa gestão — ficou abaixo do IPCA
PNEU NOVO 215/50 R17;2022;2025;3;406.0;335.0;-17.49;14.35;-27.84;✅ Boa gestão — ficou abaixo do IPCA
FIXADOR PARA RADIOGRAFIA - FRASCO COM 475 ML;2019;2024;3;8.98;8.65;-3.67;33.47;-27.84;✅ Boa gestão — ficou abaixo do IPCA
LENÇOL DESCARTÁVEL COM ELÁSTICO (TNT).;2018;2024;4;7.87;7.91;0.51;39.22;-27.85;✅ Boa gestão — ficou abaixo do IPCA
CHAPA ALUMINIO 30CM;2015;2021;6;19.99;19.64;-1.75;36.22;-27.86;✅ Boa gestão — ficou abaixo do IPCA
FITA ISOLANTE PRETA 20MT;2015;2017;3;4.8;3.79;-21.04;9.43;-27.92;✅ Boa gestão — ficou abaixo do IPCA
TUBO DE CONCRETO COM D = 500 MM;2018;2023;3;46.5;44.5;-4.3;32.8;-27.93;✅ Boa gestão — ficou abaixo do IPCA
ESPONJA;2018;2020;3;1.83;1.44;-21.31;9.02;-27.95;✅ Boa gestão — ficou abaixo do IPCA
SONDA NASAL PARA ALIMENTAÇÃO ENTERAL Nº 12;2015;2024;8;7.4;8.42;13.78;58.06;-27.97;✅ Boa gestão — ficou abaixo do IPCA
SONDA NASAL PARA ALIMENTAÇÃO ENTERAL Nº 10;2015;2024;8;7.4;8.42;13.78;58.06;-27.97;✅ Boa gestão — ficou abaixo do IPCA
MAO DE OBRA DIVERSOS;2017;2021;3;16.38;14.69;-10.34;24.48;-27.99;✅ Boa gestão — ficou abaixo do IPCA
AAS - ACIDO ACETILSALICILICO TAMPONADO 81MG;2016;2019;3;0.27;0.21;-20.44;11.41;-28.0;✅ Boa gestão — ficou abaixo do IPCA
CACAU EM PÓ;2015;2023;5;20.7;22.47;8.55;50.77;-28.02;✅ Boa gestão — ficou abaixo do IPCA
PEDRA SANITÁRIA;2018;2024;5;1.5;1.5;0.0;39.22;-28.03;✅ Boa gestão — ficou abaixo do IPCA
PLACA MAE P M3 CHAMPION NOVA - LT;2022;2025;4;341.41;280.8;-17.75;14.35;-28.07;✅ Boa gestão — ficou abaixo do IPCA
CJ PLACA AUTOCLAVE REV 01 ALT;2022;2025;3;710.43;584.0;-17.8;14.35;-28.11;✅ Boa gestão — ficou abaixo do IPCA
PISTAO SCHULZ E PRESSURE;2021;2025;5;67.53;58.7;-13.08;20.97;-28.14;✅ Boa gestão — ficou abaixo do IPCA
JOELHO SOLDAVEL 32MM 90°;2015;2018;4;1.43;1.16;-18.88;13.53;-28.32;✅ Boa gestão — ficou abaixo do IPCA
VELA IGNIÇÃO;2015;2019;5;17.97;15.25;-15.14;18.42;-28.32;✅ Boa gestão — ficou abaixo do IPCA
SONDA ENDOTRAQUEAL EM PVC COM BALÃO Nº 9,0;2015;2024;3;2.79;3.16;13.26;58.06;-28.32;✅ Boa gestão — ficou abaixo do IPCA
CABO DE REDE CX DE 305 M CAT 5;2017;2022;3;322.5;304.0;-5.74;31.69;-28.42;✅ Boa gestão — ficou abaixo do IPCA
BISCOITO DE COCO - SEM LEITE;2018;2024;7;7.18;7.15;-0.42;39.22;-28.48;✅ Boa gestão — ficou abaixo do IPCA
BOCAL DE PORCELANA 220V E-27;2019;2023;5;12.3;11.2;-8.94;27.32;-28.49;✅ Boa gestão — ficou abaixo do IPCA
COLA INSTATÂNEA;2015;2024;4;3.68;4.15;12.77;58.06;-28.53;✅ Boa gestão — ficou abaixo do IPCA
PARACETAMOL 500MG  BLISTER COM 10 COMPRIMIDOS OU ACONDICIONA;2019;2023;4;0.08;0.07;-9.92;27.32;-28.57;✅ Boa gestão — ficou abaixo do IPCA
LEVODOPA 100MG + BENSERAZIDA 25MG COMPRIMIDO BIRRANHURADO (B;2019;2021;3;1.08;0.88;-18.52;15.03;-28.57;✅ Boa gestão — ficou abaixo do IPCA
FLUNARIZINA 10MG CPR;2016;2019;3;0.08;0.06;-18.42;11.41;-28.57;✅ Boa gestão — ficou abaixo do IPCA
AMITRIPTILINA , CLORIDRATO 25MG CPR.;2019;2023;3;0.08;0.08;1.27;27.32;-28.57;✅ Boa gestão — ficou abaixo do IPCA
RISPERIDONA 3MG CPR;2016;2020;4;0.22;0.19;-13.64;16.45;-28.57;✅ Boa gestão — ficou abaixo do IPCA
NITROFURANTOÍNA 100 MG CAPSULA, EM BLISTER.;2019;2021;3;0.25;0.2;-20.0;15.03;-28.57;✅ Boa gestão — ficou abaixo do IPCA
ORÉGANO.;2015;2023;5;3.99;4.3;7.77;50.77;-28.57;✅ Boa gestão — ficou abaixo do IPCA
LÂMPADA DICRÓICA 15V - 150W GZ6,35 PARA COLPOSCÓPIO DF VASCO;2018;2021;4;120.47;103.17;-14.36;19.99;-28.62;✅ Boa gestão — ficou abaixo do IPCA
TRAVA DA BROCA C.A DENTFLEX;2022;2025;4;39.6;32.3;-18.43;14.35;-28.68;✅ Boa gestão — ficou abaixo do IPCA
DESODORIZADOR DE AMBIENTES;2015;2021;4;7.98;7.75;-2.88;36.22;-28.7;✅ Boa gestão — ficou abaixo do IPCA
ACICLOVIR 50MG/GR CREME;2016;2020;4;2.3;1.9;-17.39;16.45;-28.7;✅ Boa gestão — ficou abaixo do IPCA
CAIXA DE PASSAGEM ENERGIA EMBUTIR 30 X 30;2015;2021;6;48.7;47.3;-2.87;36.22;-28.71;✅ Boa gestão — ficou abaixo do IPCA
LUVA ESGOTO 50MM;2015;2018;4;2.0;1.62;-19.25;13.53;-28.75;✅ Boa gestão — ficou abaixo do IPCA
ALICATE ORTODÔNTICO DE LA ROSA 109;2019;2025;7;68.85;68.22;-0.92;39.16;-28.79;✅ Boa gestão — ficou abaixo do IPCA
ANEL DO PISTÃO ( INT.49MM XLARG 9MM ) COMPRESSOR;2022;2025;4;116.73;95.0;-18.62;14.35;-28.83;✅ Boa gestão — ficou abaixo do IPCA
CANETA ESFEROGRÁFICA VERDE;2015;2017;3;25.62;19.9;-22.31;9.43;-28.99;✅ Boa gestão — ficou abaixo do IPCA
PNEU NOVO 1000X20 RADIAL MISTO BORRACHUDO 16 LONAS;2019;2025;3;1718.0;1697.5;-1.19;39.16;-29.0;✅ Boa gestão — ficou abaixo do IPCA
KIT SENSOR TEMPERATURA NOVA VITALE NV;2021;2025;5;168.82;145.0;-14.11;20.97;-29.0;✅ Boa gestão — ficou abaixo do IPCA
LIMA REDONDA PARA AFIAR CORRENTE MOTO SERRA;2015;2019;5;7.93;6.67;-15.89;18.42;-29.0;✅ Boa gestão — ficou abaixo do IPCA
NOBREAK 1500 VA;2021;2025;3;1430.0;1228.0;-14.13;20.97;-29.01;✅ Boa gestão — ficou abaixo do IPCA
BOBINA SOLDADA 220V 50/60HZ  DANFOSS CRISTOFOLI;2022;2025;4;225.56;183.0;-18.87;14.35;-29.05;✅ Boa gestão — ficou abaixo do IPCA
TAMPA C.A DENTSCLER;2022;2025;4;23.3;18.9;-18.88;14.35;-29.07;✅ Boa gestão — ficou abaixo do IPCA
DOCE BRIGADEIRO;2015;2023;6;63.59;68.0;6.94;50.77;-29.08;✅ Boa gestão — ficou abaixo do IPCA
DOCE CAJUZINHO;2015;2023;6;63.59;68.0;6.94;50.77;-29.08;✅ Boa gestão — ficou abaixo do IPCA
DOCE BEIJINHO DE CÔCO;2015;2023;6;63.59;68.0;6.94;50.77;-29.08;✅ Boa gestão — ficou abaixo do IPCA
HEADSET;2018;2022;4;210.0;189.0;-10.0;26.94;-29.1;✅ Boa gestão — ficou abaixo do IPCA
PINCEL PARA QUADRO BRANCO;2015;2020;4;1.34;1.18;-12.31;23.77;-29.1;✅ Boa gestão — ficou abaixo do IPCA
CERA 200G;2015;2021;4;16.58;16.0;-3.5;36.22;-29.13;✅ Boa gestão — ficou abaixo do IPCA
PNEU NOVO 165/70 R13;2016;2025;8;223.0;245.0;9.87;55.04;-29.14;✅ Boa gestão — ficou abaixo do IPCA
"GEL PARA LIMPEZA DE FERIDAS
COMPOSIÇÃO: A BASE DE POLIHEXANIDA E BETAÍNA PARA USO EM FERIDAS, BIOCOMPATÍVEL, USO TÓPICO, FRASCO COM 50 GR.";2021;2023;3;51.0;40.0;-21.57;10.68;-29.14;✅ Boa gestão — ficou abaixo do IPCA
BRACO DE SELAGEM SELADORA PLUS;2016;2025;7;87.01;95.6;9.87;55.04;-29.14;✅ Boa gestão — ficou abaixo do IPCA
KIMONO DE JIU-JITSU;2021;2024;4;242.0;198.95;-17.79;16.03;-29.15;✅ Boa gestão — ficou abaixo do IPCA
INTEGRADOR QUÍMICO CLASSE V;2020;2022;3;0.3;0.24;-19.97;16.43;-29.17;✅ Boa gestão — ficou abaixo do IPCA
SUPORTE SPLIT 7/12000BTUS;2015;2022;7;28.96;29.55;2.05;44.11;-29.18;✅ Boa gestão — ficou abaixo do IPCA
ESPELHO CLINICO Nº 5;2020;2023;3;2.71;2.34;-13.65;21.81;-29.22;✅ Boa gestão — ficou abaixo do IPCA
ÁGUA SANITÁRIA 5L;2015;2021;5;7.11;6.85;-3.66;36.22;-29.25;✅ Boa gestão — ficou abaixo do IPCA
CÂMARA DE AR 750X16;2022;2025;3;68.0;55.0;-19.12;14.35;-29.26;✅ Boa gestão — ficou abaixo do IPCA
ALICATE PERFURADOR AINSWORTH-5 FUROS;2020;2025;5;74.7;70.34;-5.84;33.14;-29.28;✅ Boa gestão — ficou abaixo do IPCA
MORANGA KABUTIA C/ ENTREGA NAS UNIDADES ESCOLARES;2015;2018;3;2.15;1.72;-20.0;13.53;-29.3;✅ Boa gestão — ficou abaixo do IPCA
DISJUNTOR TERMOMAGNÉTICO MONOFÁSICO,CAP DE INTERRUPÇÃO 220-3;2015;2017;3;5.9;4.56;-22.71;9.43;-29.32;✅ Boa gestão — ficou abaixo do IPCA
BOLA DE VOLEIBOL DE PRAIA/AREIA;2022;2024;3;142.0;110.05;-22.5;9.68;-29.34;✅ Boa gestão — ficou abaixo do IPCA
TUBO  DE SILICONE TAMANHO 204;2018;2024;3;113.91;112.0;-1.68;39.22;-29.37;✅ Boa gestão — ficou abaixo do IPCA
LAMOTRIGINA 25MG;2016;2019;3;0.18;0.14;-24.86;11.41;-29.41;✅ Boa gestão — ficou abaixo do IPCA
PNEU NOVO 225/ 50 R17;2017;2020;3;570.0;455.0;-20.18;13.1;-29.42;✅ Boa gestão — ficou abaixo do IPCA
ESCOVÃO PARA LIMPEZA DE CHÃO;2015;2021;4;5.81;5.59;-3.79;36.22;-29.43;✅ Boa gestão — ficou abaixo do IPCA
TAMPA EXTRA TORQUE 605C (PB) KAVO;2022;2025;4;79.15;63.8;-19.4;14.35;-29.51;✅ Boa gestão — ficou abaixo do IPCA
CÂMARA DE AR 12,5/80X18;2016;2025;6;119.0;130.0;9.24;55.04;-29.54;✅ Boa gestão — ficou abaixo do IPCA
LÂMPADA 3V COM ROSCA FINA PARA OTOSCÓPIO TK / MIKATOS;2018;2023;5;89.0;83.2;-6.52;32.8;-29.61;✅ Boa gestão — ficou abaixo do IPCA
CABECA C.A KAVO ANTIGO [ROSQUEADA];2021;2025;5;324.73;276.5;-14.85;20.97;-29.62;✅ Boa gestão — ficou abaixo do IPCA
EXTINTOR PQS ABC 04 KG NOVO;2015;2023;7;160.0;169.7;6.06;50.77;-29.65;✅ Boa gestão — ficou abaixo do IPCA
PNEU NOVO 205/60 R16;2022;2025;3;358.0;287.5;-19.69;14.35;-29.77;✅ Boa gestão — ficou abaixo do IPCA
APARELHO TELEFONICO SEM FIO;2017;2022;5;184.0;169.97;-7.63;31.69;-29.86;✅ Boa gestão — ficou abaixo do IPCA
CONJUNTO DE PROTEÇÃO PARA COMBATE A INCÊNDIO ESTRUTURAL;2017;2021;4;5557.0;4850.0;-12.72;24.48;-29.89;✅ Boa gestão — ficou abaixo do IPCA
ALICATE ORTODÔNTICO 151 CORTE AMARRILHO COM WIDEA;2022;2025;4;321.35;257.57;-19.85;14.35;-29.91;✅ Boa gestão — ficou abaixo do IPCA
CANETA ESFEROGRAFICA PRETA;2015;2018;4;23.14;18.4;-20.48;13.53;-29.95;✅ Boa gestão — ficou abaixo do IPCA
CANETA ESFEROGRAFICA AZUL;2015;2018;4;23.14;18.4;-20.48;13.53;-29.95;✅ Boa gestão — ficou abaixo do IPCA
CURETA DENTINA (ESCAVADOR)Nº20, GRANDE;2015;2025;8;5.47;6.31;15.36;64.79;-29.98;✅ Boa gestão — ficou abaixo do IPCA
KIT ACADÊMICO;2015;2021;3;1080.0;1030.0;-4.63;36.22;-29.99;✅ Boa gestão — ficou abaixo do IPCA
CLOPIDOGREL 75MG COMPRIMIDO REVESTIDO, EM BLISTER.;2019;2024;5;0.24;0.23;-5.0;33.47;-30.0;✅ Boa gestão — ficou abaixo do IPCA
NIMODIPINO 30MG CPR;2016;2020;4;0.22;0.17;-20.93;16.45;-30.0;✅ Boa gestão — ficou abaixo do IPCA
TUBA 3/4 EM SI BEMOL;2021;2025;3;7663.14;6489.15;-15.32;20.97;-30.0;✅ Boa gestão — ficou abaixo do IPCA
LEVOTIROXINA SÓDICA 50 MCG;2015;2018;4;0.1;0.08;-22.0;13.53;-30.0;✅ Boa gestão — ficou abaixo do IPCA
ACIDO VALPROICO 500MG;2015;2020;6;0.4;0.35;-12.5;23.77;-30.0;✅ Boa gestão — ficou abaixo do IPCA
PROMETAZINA, CLORIDRATO 25MG CPR, EM BLISTER.;2019;2024;5;0.12;0.12;-0.84;33.47;-30.0;✅ Boa gestão — ficou abaixo do IPCA
SONDA ENDOTRAQUEAL EM PVC COM BALÃO Nº 7,5;2015;2024;3;2.86;3.16;10.49;58.06;-30.07;✅ Boa gestão — ficou abaixo do IPCA
FOLHA EM EVA COM GLITTER;2016;2023;5;2.86;2.83;-1.05;41.85;-30.11;✅ Boa gestão — ficou abaixo do IPCA
HEMOSTÁTICO LÍQUIDO;2017;2024;5;12.75;12.87;0.94;44.44;-30.13;✅ Boa gestão — ficou abaixo do IPCA
ESTOJO ACRÍLICO PORTA ALICATE PARA 15 INSTRUMENTOS;2023;2025;3;133.6;101.93;-23.71;9.3;-30.2;✅ Boa gestão — ficou abaixo do IPCA
SONDA EXPLORADORA ODONTOLÓGICA Nº5;2015;2025;9;5.13;5.9;15.01;64.79;-30.21;✅ Boa gestão — ficou abaixo do IPCA
HEMOSTÁTICO LÍQUIDO - 10ML;2020;2025;3;13.35;12.41;-7.04;33.14;-30.21;✅ Boa gestão — ficou abaixo do IPCA
ESTRADIOL 1MG CPR;2016;2019;3;1.4;1.09;-22.14;11.41;-30.3;✅ Boa gestão — ficou abaixo do IPCA
DESCOLADOR CIRÚRGICO MOLT 2/4;2023;2025;3;13.98;10.64;-23.89;9.3;-30.31;✅ Boa gestão — ficou abaixo do IPCA
CARVAO VEGETAL ATIVADO 1KG;2016;2019;3;61.58;47.79;-22.4;11.41;-30.34;✅ Boa gestão — ficou abaixo do IPCA
BISCOITO BROA DE POLVILHO;2022;2024;3;10.2;7.8;-23.53;9.68;-30.37;✅ Boa gestão — ficou abaixo do IPCA
SONDA ENDOTRAQUEAL EM PVC COM BALÃO Nº 8,5.;2015;2024;3;2.86;3.15;10.14;58.06;-30.42;✅ Boa gestão — ficou abaixo do IPCA
CÂMARA DE AR 17.5X25;2016;2025;6;255.0;275.0;7.84;55.04;-30.44;✅ Boa gestão — ficou abaixo do IPCA
AGULHA GENGIVAL CURTA DESCARTÁVEL;2020;2025;5;26.3;24.36;-7.38;33.14;-30.45;✅ Boa gestão — ficou abaixo do IPCA
EIXO DE ACIONAMENTO;2015;2019;5;109.27;89.97;-17.66;18.42;-30.47;✅ Boa gestão — ficou abaixo do IPCA
54 SH37LN 6 173 MOTOR CORD;2022;2025;4;106.9;85.0;-20.49;14.35;-30.47;✅ Boa gestão — ficou abaixo do IPCA
TUBO CIFÃO PARA EXTINTOR PQS;2015;2023;7;8.0;8.38;4.74;50.77;-30.5;✅ Boa gestão — ficou abaixo do IPCA
ELETRODO ADULTO;2019;2023;5;599.0;530.0;-11.52;27.32;-30.5;✅ Boa gestão — ficou abaixo do IPCA
CAIXA DE ESGOTO OLSEN;2022;2025;4;69.3;55.0;-20.63;14.35;-30.59;✅ Boa gestão — ficou abaixo do IPCA
CARBONO PARA TECIDO;2017;2019;3;22.5;16.9;-24.89;8.22;-30.59;✅ Boa gestão — ficou abaixo do IPCA
BANDEIRA OFICIAL DE CRICIÚMA (0,90M X 1,28M);2020;2024;5;79.0;70.0;-11.39;27.7;-30.61;✅ Boa gestão — ficou abaixo do IPCA
PASTA SANFONADA EM POLIPROPILENO;2020;2024;3;14.1;12.49;-11.42;27.7;-30.64;✅ Boa gestão — ficou abaixo do IPCA
"FIO DE AÇO CRNI DURO REDONDO 1.00MM (040"") - 50G";2022;2024;3;13.4;10.2;-23.88;9.68;-30.65;✅ Boa gestão — ficou abaixo do IPCA
ESMERILHADEIRA ANGULAR PARA USO PROFISSIONAL, DE NO MÍNIMO 900W 4. 1/2;2022;2025;3;372.0;295.0;-20.7;14.35;-30.65;✅ Boa gestão — ficou abaixo do IPCA
IMPERMEABILIZANTE  PARA ARGAMASSA E CONCRETO 3,6 LITROS;2015;2021;6;24.9;23.5;-5.62;36.22;-30.72;✅ Boa gestão — ficou abaixo do IPCA
HIDROCORTISONA 500MG;2015;2018;3;5.59;4.39;-21.47;13.53;-30.77;✅ Boa gestão — ficou abaixo do IPCA
CUMARINA + TROXERRUTINA 15MG + 90MG CPR;2016;2019;3;0.14;0.11;-21.43;11.41;-30.77;✅ Boa gestão — ficou abaixo do IPCA
PINÇA MOSQUITO 12CM;2018;2024;6;19.57;18.86;-3.63;39.22;-30.8;✅ Boa gestão — ficou abaixo do IPCA
BOCAL P/ LÂMPADA FIXO PLAFON PVC SIMPLES;2015;2017;3;2.5;1.89;-24.4;9.43;-30.8;✅ Boa gestão — ficou abaixo do IPCA
M. BENZ CDI SPRINTER TCA AMB 2019 – 2021;2022;2024;3;56.0;42.5;-24.11;9.68;-30.81;✅ Boa gestão — ficou abaixo do IPCA
LORATADINA 1MG/ML XAROPE, FRASCO DE 60ML.;2019;2021;3;2.35;1.86;-20.85;15.03;-30.81;✅ Boa gestão — ficou abaixo do IPCA
PNEU 255/70/R16;2015;2024;3;668.0;730.0;9.28;58.06;-30.86;✅ Boa gestão — ficou abaixo do IPCA
CUBA REMOVIVEL DE PORCELANA GNATUS;2018;2021;3;182.0;150.95;-17.06;19.99;-30.88;✅ Boa gestão — ficou abaixo do IPCA
TAMPA CONTRA ANGULO MICRODENT;2021;2025;5;36.25;30.3;-16.41;20.97;-30.89;✅ Boa gestão — ficou abaixo do IPCA
CANETA ESFEROGRÁFICA VERMELHA;2015;2017;3;23.14;17.45;-24.59;9.43;-31.07;✅ Boa gestão — ficou abaixo do IPCA
CÂNULA DE TRAQUEOSTOMIA DE SILICONE COM BALONETE NÚMERO 6,0;2018;2021;3;22.64;18.7;-17.4;19.99;-31.14;✅ Boa gestão — ficou abaixo do IPCA
LÂMPADA PARA LARINGOSCÓPIO ROSCA GROSSA;2020;2023;4;84.0;70.4;-16.19;21.81;-31.21;✅ Boa gestão — ficou abaixo do IPCA
FITA KREPP 50MT X 25MM;2015;2021;5;4.0;3.75;-6.25;36.22;-31.25;✅ Boa gestão — ficou abaixo do IPCA
RISEDRONATO 35MG CPR;2016;2019;3;3.4;2.6;-23.53;11.41;-31.25;✅ Boa gestão — ficou abaixo do IPCA
DEXAMETASONA 4MG CPR, EM BLISTER.;2021;2024;3;0.21;0.18;-16.28;16.03;-31.25;✅ Boa gestão — ficou abaixo do IPCA
SUPORTE SPLIT 18/30000BTUS.;2015;2017;3;47.5;35.68;-24.88;9.43;-31.35;✅ Boa gestão — ficou abaixo do IPCA
PEN DRIVE DE 4GB, USB 2.0;2015;2024;9;13.36;14.5;8.53;58.06;-31.36;✅ Boa gestão — ficou abaixo do IPCA
PÁS ADESIVAS INFANTIL PARA DESFIBRILADOR AUTOMÁTICO;2021;2023;3;513.5;390.0;-24.05;10.68;-31.38;✅ Boa gestão — ficou abaixo do IPCA
RESINA COMPOSTA DE BAIXA VISCOSIDADE (FLOW) COR A3;2020;2025;5;15.05;13.74;-8.7;33.14;-31.41;✅ Boa gestão — ficou abaixo do IPCA
LEVONORGESTREL 0,75MG C/ 2 CP - PILEM;2016;2019;3;2.6;1.99;-23.46;11.41;-31.43;✅ Boa gestão — ficou abaixo do IPCA
DIETA NUTRICIONALMENTE COMPLETA PARA CRIANÇAS DE 1 A 10 ANOS;2018;2020;3;31.9;23.85;-25.24;9.02;-31.44;✅ Boa gestão — ficou abaixo do IPCA
ESCOVA PARA HIGIENIZAÇÃO DE MÃOS E UNHAS EM PLASTICO;2017;2024;3;2.75;2.72;-1.09;44.44;-31.47;✅ Boa gestão — ficou abaixo do IPCA
COLAR CERVICAL REGULAVEL;2018;2023;6;44.0;40.0;-9.09;32.8;-31.55;✅ Boa gestão — ficou abaixo do IPCA
TERMOSTATO BIMETALICO CERAMICO;2022;2025;4;93.0;72.8;-21.72;14.35;-31.55;✅ Boa gestão — ficou abaixo do IPCA
AFASTADOR DE MINESSOTA;2017;2025;7;7.8;8.04;3.08;50.59;-31.56;✅ Boa gestão — ficou abaixo do IPCA
CHAVE TIPO ALAVANCA ON/OFF 20A 250V;2019;2023;5;55.0;47.9;-12.91;27.32;-31.59;✅ Boa gestão — ficou abaixo do IPCA
PAPEL HIGIÊNICO 30M, FARDO COM 64 UNIDADES.;2018;2021;3;66.4;54.5;-17.92;19.99;-31.6;✅ Boa gestão — ficou abaixo do IPCA
SENSOR PT 100 - AHMC5;2018;2025;6;151.0;149.8;-0.79;45.15;-31.66;✅ Boa gestão — ficou abaixo do IPCA
TERMINAL BORDEN DABI/OLSEN;2022;2025;4;135.53;105.9;-21.86;14.35;-31.67;✅ Boa gestão — ficou abaixo do IPCA
KIT II BOMBA VACUO BIO VAC II CZ GNATUS;2021;2025;3;665.36;550.0;-17.34;20.97;-31.67;✅ Boa gestão — ficou abaixo do IPCA
PNEU NOVO 1000X20,RADIAL,MISTO,LISO,16 LONAS;2016;2024;6;1615.0;1641.0;1.61;48.71;-31.67;✅ Boa gestão — ficou abaixo do IPCA
CIPROTERONA 50MG CPR;2016;2019;3;1.54;1.17;-24.27;11.41;-31.72;✅ Boa gestão — ficou abaixo do IPCA
"DESINCRUSTANTE DE 1 LITRO;";2016;2021;4;28.6;25.0;-12.59;28.16;-31.81;✅ Boa gestão — ficou abaixo do IPCA
DRENO TEMPORIZADO ELETROÔNICO IMP PGE2200;2022;2025;4;410.54;320.0;-22.05;14.35;-31.83;✅ Boa gestão — ficou abaixo do IPCA
"FIO AMARRILHO CRNI  REDONDO Ø0,30MM (.012"")";2022;2024;3;20.87;15.6;-25.25;9.68;-31.84;✅ Boa gestão — ficou abaixo do IPCA
PLACA DE COMANDO AHMC 5/10 220V 121/127 EGA;2022;2025;4;1444.36;1125.2;-22.1;14.35;-31.87;✅ Boa gestão — ficou abaixo do IPCA
INSULINA GLARGINA 100UI/ML (LANTUS) CANETA DESC.3ML;2017;2019;3;54.26;40.0;-26.28;8.22;-31.87;✅ Boa gestão — ficou abaixo do IPCA
KIT P/ PARTO EMERGENCIAL;2018;2023;6;42.0;38.0;-9.52;32.8;-31.87;✅ Boa gestão — ficou abaixo do IPCA
ADOÇANTE DIETÉTICO LÍQUIDO;2015;2021;6;8.62;8.0;-7.16;36.22;-31.88;✅ Boa gestão — ficou abaixo do IPCA
REANIMADOR MANUAL PEDIÁTRICO;2021;2024;3;124.0;98.0;-20.97;16.03;-31.89;✅ Boa gestão — ficou abaixo do IPCA
PASTA COMISSÃO DE LICITAÇÃO;2016;2021;6;1.26;1.1;-12.7;28.16;-31.93;✅ Boa gestão — ficou abaixo do IPCA
TAMPA DO RESERVATORIO DE PO PROFI GNATUS;2022;2025;4;36.6;28.5;-22.13;14.35;-31.93;✅ Boa gestão — ficou abaixo do IPCA
LUMINARIA FLUORESCENTE 1 X 40 TUBULAR COMPLETA (PR.);2015;2017;3;31.7;23.6;-25.55;9.43;-31.96;✅ Boa gestão — ficou abaixo do IPCA
ANDADOR ARTICULADO;2018;2022;4;250.0;215.88;-13.65;26.94;-31.97;✅ Boa gestão — ficou abaixo do IPCA
CAIXA DE PASSAGEM  SPLIT;2017;2019;3;25.54;18.79;-26.43;8.22;-32.01;✅ Boa gestão — ficou abaixo do IPCA
CHOCOLATE MEIO AMARGO;2018;2023;3;5.1;4.6;-9.8;32.8;-32.07;✅ Boa gestão — ficou abaixo do IPCA
LIMPEZA DE AR GAVETA 7/30.000BTUS;2015;2020;6;114.12;95.93;-15.94;23.77;-32.08;✅ Boa gestão — ficou abaixo do IPCA
CANALETA PVC COM TAMPA,LARGURA 50MM ALTURA 10MM E COMPRIMENT;2015;2021;6;21.9;20.24;-7.58;36.22;-32.15;✅ Boa gestão — ficou abaixo do IPCA
TONER HP LASERJET PRO MFP M 521 DN COMPATÍVEL;2019;2024;5;74.0;66.99;-9.47;33.47;-32.18;✅ Boa gestão — ficou abaixo do IPCA
ACETILCISTEINA 600MG/ENV5GR.;2018;2024;3;0.67;0.63;-6.61;39.22;-32.2;✅ Boa gestão — ficou abaixo do IPCA
DISJUNTOR TERMOMAGNÉTICO TRIFÁSICO,CERTIFICADO CONFORME NORM;2015;2017;3;49.2;36.48;-25.85;9.43;-32.24;✅ Boa gestão — ficou abaixo do IPCA
ESPÁTULA PARA MANIPULAÇÃO DUPLA Nº 72;2023;2025;3;9.77;7.23;-26.0;9.3;-32.25;✅ Boa gestão — ficou abaixo do IPCA
GLICINE MAX ISOFLAVONA 150MG (ISOFLAVONA);2016;2020;4;0.33;0.26;-19.88;16.45;-32.26;✅ Boa gestão — ficou abaixo do IPCA
MORANGA KABUTIA C/ ENTREGA NA CENTRAL DE MERENDA;2015;2018;3;1.95;1.5;-23.08;13.53;-32.31;✅ Boa gestão — ficou abaixo do IPCA
PEDRA DE AFIAR ARKANSAS FINA;2017;2025;8;20.0;20.37;1.85;50.59;-32.39;✅ Boa gestão — ficou abaixo do IPCA
PUNCH DERMATOLÓGICO ESTÉRIL DESCARTÁVEL 2MM;2020;2024;4;73.76;63.68;-13.67;27.7;-32.4;✅ Boa gestão — ficou abaixo do IPCA
METOPROLOL, SUCCINATO 50MG, COMPRIMIDO DE LIBERAÇÃO PROLONGA;2019;2023;4;0.44;0.38;-13.44;27.32;-32.43;✅ Boa gestão — ficou abaixo do IPCA
CJ. TURBINA EIXO PINCA DENTFLEX SIGMA AIR (PB);2022;2025;3;247.31;191.0;-22.77;14.35;-32.46;✅ Boa gestão — ficou abaixo do IPCA
EQUIPO TIPO MACROGOTAS PARA SOLUÇÃO PARENTAL 20 GOTAS/ML;2021;2024;3;1.09;0.85;-22.02;16.03;-32.5;✅ Boa gestão — ficou abaixo do IPCA
PINÇA PORTA GRAMPO PALMER;2017;2025;7;56.14;57.07;1.66;50.59;-32.5;✅ Boa gestão — ficou abaixo do IPCA
CLIPS PARA PAPEL 2/0 CAIXA COM 100 UNIDADES.;2019;2024;3;1.9;1.7;-10.53;33.47;-32.5;✅ Boa gestão — ficou abaixo do IPCA
FITA MATRIZ POLIÉSTER TRANSPARENTE 10X120X0,05 MM;2020;2025;5;1.03;0.92;-10.68;33.14;-32.53;✅ Boa gestão — ficou abaixo do IPCA
BUCHA DE REDUÇÃO PVC CURTA SOLD. 50 X 40 MM,NBR 5648.;2015;2021;6;2.18;2.0;-8.26;36.22;-32.57;✅ Boa gestão — ficou abaixo do IPCA
PLANILHA ORÇAMENTÁRIA DE OBRA;2018;2024;3;1.06;1.0;-5.82;39.22;-32.62;✅ Boa gestão — ficou abaixo do IPCA
ESTRIOL 1MG/G CREME VAGINAL 50GR;2018;2020;3;12.87;9.45;-26.57;9.02;-32.63;✅ Boa gestão — ficou abaixo do IPCA
BISCOITO ROSQUINHA DE COCO, SEM LEITE;2022;2025;3;20.91;16.1;-23.0;14.35;-32.67;✅ Boa gestão — ficou abaixo do IPCA
LUVA CIRÚRGICA ESTÉRIL NO.7,0.;2020;2024;3;1.25;1.08;-13.6;27.7;-32.67;✅ Boa gestão — ficou abaixo do IPCA
BUCHA DE REDUÇÃO PVC LONGA SOLD. 40 X 25 MM,NBR 5648.;2015;2021;6;2.6;2.38;-8.46;36.22;-32.69;✅ Boa gestão — ficou abaixo do IPCA
SONDA MILIMETRADA GOLDMAN FOX DUPLA;2018;2025;5;10.76;10.52;-2.23;45.15;-32.7;✅ Boa gestão — ficou abaixo do IPCA
FORD CARGO 1723B 2020;2020;2022;3;71.5;56.0;-21.68;16.43;-32.73;✅ Boa gestão — ficou abaixo do IPCA
PRESERVATIVO FEMININO DE BORRACHA NITRILICA;2015;2022;4;14.0;13.56;-3.14;44.11;-32.79;✅ Boa gestão — ficou abaixo do IPCA
LÂMPADA LED GU 10 6500K 3W / 4W 220V;2020;2023;4;38.0;31.1;-18.16;21.81;-32.8;✅ Boa gestão — ficou abaixo do IPCA
AMOXICILINA 500MG+ ÁCIDO CLAVULÂNICO 125MG, COMPRIMIDO, EM B;2019;2021;3;0.87;0.67;-22.99;15.03;-32.88;✅ Boa gestão — ficou abaixo do IPCA
TRAVA DA BROCA CONTRA ANGULO DABI ATLANTE;2021;2025;5;33.76;27.4;-18.84;20.97;-32.89;✅ Boa gestão — ficou abaixo do IPCA
PNEU NOVO 235/70 R16 A/T;2021;2025;4;801.0;650.0;-18.85;20.97;-32.92;✅ Boa gestão — ficou abaixo do IPCA
BUCHA DE REDUÇÃO PVC LONGA SOLD. 60 X 32 MM,NBR 5648.;2015;2021;6;6.5;5.94;-8.62;36.22;-32.92;✅ Boa gestão — ficou abaixo do IPCA
TRAVA DA BROCA CA MOD KAVO;2021;2025;5;34.76;28.2;-18.87;20.97;-32.95;✅ Boa gestão — ficou abaixo do IPCA
PLACA DE REDE PCI EXPRESS GIGABIT;2017;2022;4;73.5;64.9;-11.7;31.69;-32.95;✅ Boa gestão — ficou abaixo do IPCA
ESCOVA PARA LIMPEZA EM VASO SANITÁRIO;2015;2021;4;4.23;3.86;-8.75;36.22;-33.1;✅ Boa gestão — ficou abaixo do IPCA
BISCOITO DOCE À BASE DE CEREAIS INTEGRAIS;2018;2023;4;4.9;4.35;-11.22;32.8;-33.1;✅ Boa gestão — ficou abaixo do IPCA
LIDOCAINA, CLORIDRATO 100MG/ML SPRAY AEROSSOL C/ 100 ML.;2019;2023;4;45.06;38.36;-14.87;27.32;-33.14;✅ Boa gestão — ficou abaixo do IPCA
CLORO 5 LTS.;2015;2021;3;14.5;13.2;-8.97;36.22;-33.17;✅ Boa gestão — ficou abaixo do IPCA
ESCOVA DENTAL INFANTIL MACIA;2019;2025;4;28.5;26.5;-7.02;39.16;-33.19;✅ Boa gestão — ficou abaixo do IPCA
POLPA DE FRUTAS NATURAL CONGELADA;2018;2024;5;12.8;11.9;-7.03;39.22;-33.19;✅ Boa gestão — ficou abaixo do IPCA
BUCHA FIXAÇÃO CANETA JATO DE PO;2022;2025;4;49.5;37.8;-23.64;14.35;-33.22;✅ Boa gestão — ficou abaixo do IPCA
LUVA DE AÇO GALVANIZADO A FOGO 4, NBR 5598;2015;2020;5;48.38;39.97;-17.38;23.77;-33.26;✅ Boa gestão — ficou abaixo do IPCA
AMOXICILINA + CLAVULANATO DE POTASSIO 250MG + 62,5MG/5ML  SU;2018;2020;3;13.75;10.0;-27.28;9.02;-33.28;✅ Boa gestão — ficou abaixo do IPCA
BUCHA DE NYLON 8MM CONVECIONAL DE MÁXIMA QUALIDADE;2015;2018;4;0.18;0.14;-22.25;13.53;-33.33;✅ Boa gestão — ficou abaixo do IPCA
COLGADURA INDIVIDUAL;2019;2025;6;2.95;2.74;-7.12;39.16;-33.33;✅ Boa gestão — ficou abaixo do IPCA
ALPRAZOLAM 0,5MG CPR;2016;2019;3;0.1;0.07;-27.0;11.41;-33.33;✅ Boa gestão — ficou abaixo do IPCA
TAÇA DE BORRACHA PARA CONTRA-ÂNGULO COR BRANCA.;2020;2025;5;1.0;0.89;-11.0;33.14;-33.33;✅ Boa gestão — ficou abaixo do IPCA
NIFEDIPINA 10 MG;2016;2020;4;0.03;0.03;3.33;16.45;-33.33;✅ Boa gestão — ficou abaixo do IPCA
ENALAPRIL 10 MG;2016;2020;4;0.03;0.02;-7.41;16.45;-33.33;✅ Boa gestão — ficou abaixo do IPCA
LEVODOPA 250MG + CARBIDOPA 25MG CPR, EM BLISTER.;2019;2023;4;0.64;0.54;-15.62;27.32;-33.33;✅ Boa gestão — ficou abaixo do IPCA
CARVEDILOL 3,125MG CPR;2016;2020;5;0.1;0.08;-19.39;16.45;-33.33;✅ Boa gestão — ficou abaixo do IPCA
ÁCIDO FÓLICO 5MG CPR, EM BLISTER.;2019;2024;5;0.04;0.04;4.51;33.47;-33.33;✅ Boa gestão — ficou abaixo do IPCA
ENALAPRIL, MALEATO 20MG CPR, EM BLISTER.;2019;2024;5;0.04;0.04;-7.11;33.47;-33.33;✅ Boa gestão — ficou abaixo do IPCA
PREDNISONA 20MG CPR.;2019;2023;3;0.25;0.21;-16.0;27.32;-33.33;✅ Boa gestão — ficou abaixo do IPCA
VITAMINAS DO COMPLEXO B CPR ( B3 16MG, B5 5MG, B6 1,3MG, B2;2019;2023;4;0.03;0.03;-24.64;27.32;-33.33;✅ Boa gestão — ficou abaixo do IPCA
AMITRIPTILINA 25 MG;2016;2020;5;0.03;0.03;-9.68;16.45;-33.33;✅ Boa gestão — ficou abaixo do IPCA
COLCHÃO PIRAMIDAL;2015;2022;6;125.0;120.0;-4.0;44.11;-33.38;✅ Boa gestão — ficou abaixo do IPCA
CURVA DE AÇO GALVANIZADO A FOGO 1.1/4,  90°, NBR 5598;2015;2020;5;14.82;12.22;-17.54;23.77;-33.4;✅ Boa gestão — ficou abaixo do IPCA
AIPIM SEM CASCA C/ ENTREGA NAS UNIDADES ESCOLARES;2015;2018;3;3.8;2.87;-24.47;13.53;-33.42;✅ Boa gestão — ficou abaixo do IPCA
QUADRO DE AVISO 60X90CM;2015;2024;6;33.17;34.9;5.23;58.06;-33.43;✅ Boa gestão — ficou abaixo do IPCA
KIMONO DE KARATÊ;2022;2024;3;259.0;188.95;-27.05;9.68;-33.49;✅ Boa gestão — ficou abaixo do IPCA
SONDA ENDOTRAQUEAL EM PVC COM BALÃO Nº6,0;2018;2024;6;3.42;3.16;-7.6;39.22;-33.55;✅ Boa gestão — ficou abaixo do IPCA
GALINHA CAIPIRA;2015;2017;3;5.99;4.36;-27.21;9.43;-33.56;✅ Boa gestão — ficou abaixo do IPCA
ACRILICO FOSCO EXTRAVINIL 18LTS;2015;2018;3;126.0;95.0;-24.6;13.53;-33.59;✅ Boa gestão — ficou abaixo do IPCA
PNEU NOVO 235/70 R16;2017;2020;3;730.0;548.0;-24.93;13.1;-33.63;✅ Boa gestão — ficou abaixo do IPCA
ESPELHO BUCAL Nº5;2020;2024;4;5.44;4.62;-15.07;27.7;-33.64;✅ Boa gestão — ficou abaixo do IPCA
LUVA NITRÍLICA AZUL NÃO ESTÉRIL P/ PROCEDIMENTO TAMANHO P;2015;2018;4;19.89;14.98;-24.69;13.53;-33.69;✅ Boa gestão — ficou abaixo do IPCA
LUVA NITRÍLICA AZUL NÃO ESTÉRIL P/ PROCEDIMENTO TAMANHO M;2015;2018;4;19.89;14.98;-24.69;13.53;-33.69;✅ Boa gestão — ficou abaixo do IPCA
CABO UTP LAN CAT. 5E;2017;2021;5;1.98;1.63;-17.68;24.48;-33.7;✅ Boa gestão — ficou abaixo do IPCA
AFASTADOR LABIAL EXPANDEX - ADULTO;2019;2025;6;7.97;7.35;-7.78;39.16;-33.73;✅ Boa gestão — ficou abaixo do IPCA
SACO DE PANCADA;2022;2024;3;220.0;159.9;-27.32;9.68;-33.74;✅ Boa gestão — ficou abaixo do IPCA
CAMA HOSPITALAR;2015;2022;4;2200.0;2099.0;-4.59;44.11;-33.79;✅ Boa gestão — ficou abaixo do IPCA
KIT DE NEBULIZAÇÃO INFANTIL.;2017;2024;3;5.54;5.3;-4.33;44.44;-33.79;✅ Boa gestão — ficou abaixo do IPCA
MANIPULO BAQUELITE (ODONTO) AHMC5;2016;2025;8;341.12;350.0;2.6;55.04;-33.82;✅ Boa gestão — ficou abaixo do IPCA
HALOPERIDOL, DECANOATO 70,52MG/ML, INJETÁVEL, AMPOLA 1ML.;2019;2024;4;5.6;4.95;-11.61;33.47;-33.83;✅ Boa gestão — ficou abaixo do IPCA
QUADRO BRANCO DIMENSÕES 120X90CM;2015;2017;3;74.99;54.3;-27.59;9.43;-33.83;✅ Boa gestão — ficou abaixo do IPCA
AGULHA DE ADMISSAO;2015;2019;5;27.27;21.36;-21.67;18.42;-33.85;✅ Boa gestão — ficou abaixo do IPCA
BROCA AÇO RÁPIDO  4MM;2015;2021;6;4.49;4.05;-9.8;36.22;-33.85;✅ Boa gestão — ficou abaixo do IPCA
SONDA ENDOTRAQUEAL EM PVC COM BALÃO Nº5,0;2018;2024;6;3.42;3.15;-7.89;39.22;-33.89;✅ Boa gestão — ficou abaixo do IPCA
CAIXA DE FÓSFOROS;2016;2021;6;4.49;3.8;-15.37;28.16;-33.89;✅ Boa gestão — ficou abaixo do IPCA
SONDA ENDOTRAQUEAL EM PVC COM BALÃO Nº 7,0;2015;2024;3;2.86;2.99;4.55;58.06;-33.92;✅ Boa gestão — ficou abaixo do IPCA
KIT RELE ESTADO SOLIDO TERMOSTATO SUP EXTRUDADO;2022;2025;4;192.0;145.0;-24.48;14.35;-33.96;✅ Boa gestão — ficou abaixo do IPCA
CIMENTO;2016;2020;3;28.34;21.8;-23.08;16.45;-33.96;✅ Boa gestão — ficou abaixo do IPCA
CURVA DE AÇO GALVANIZADO A FOGO 1.1/2,  90°, NBR 5598;2015;2020;5;20.41;16.67;-18.32;23.77;-34.0;✅ Boa gestão — ficou abaixo do IPCA
CAIXA ORGANIZADORA DE PLÁSTICO;2016;2018;3;56.59;39.9;-29.49;6.81;-34.0;✅ Boa gestão — ficou abaixo do IPCA
TERMOSTATO 120 DIGITALE;2022;2025;4;110.8;83.6;-24.55;14.35;-34.02;✅ Boa gestão — ficou abaixo do IPCA
ELETRODO TIPO BAIONETA - BOLA 4,5X180MM PARA BISTURI ELÉTRIC;2020;2023;4;90.0;72.3;-19.67;21.81;-34.06;✅ Boa gestão — ficou abaixo do IPCA
ELETRODO TIPO ALÇA 7,0X70MM PARA BISTURI ELÉTRICO;2020;2023;4;90.0;72.3;-19.67;21.81;-34.06;✅ Boa gestão — ficou abaixo do IPCA
ELETRODO TIPO BOLA 5,5MM PARA BISTURI ELÉTRICO;2020;2023;4;90.0;72.3;-19.67;21.81;-34.06;✅ Boa gestão — ficou abaixo do IPCA
ELETRODO TIPO FACA RETA 70MM PARA BISTURI ELÉTRICO;2020;2023;4;90.0;72.3;-19.67;21.81;-34.06;✅ Boa gestão — ficou abaixo do IPCA
ELETRODO TIPO ALÇA 30X10X120MM PARA BISTURI ELÉTRICO;2020;2023;4;90.0;72.3;-19.67;21.81;-34.06;✅ Boa gestão — ficou abaixo do IPCA
ELETRODO TIPO BOLA 4,0X70MM PARA BISTURI ELÉTRICO;2020;2023;4;90.0;72.3;-19.67;21.81;-34.06;✅ Boa gestão — ficou abaixo do IPCA
TRAMADOL + PARACETAMOL 37,5M,G+325MG CPR;2016;2019;3;1.9;1.4;-26.32;11.41;-34.08;✅ Boa gestão — ficou abaixo do IPCA
PEDRISCO (OU BRITA Nº 00) - INCLUSO FRETE;2021;2025;5;48.9;39.0;-20.25;20.97;-34.08;✅ Boa gestão — ficou abaixo do IPCA
POLPA DE PÊSSEGO;2018;2021;3;53.67;42.45;-20.91;19.99;-34.08;✅ Boa gestão — ficou abaixo do IPCA
ARMÁRIO ARQUIVO PARA PASTA SUSPENSA;2015;2021;4;910.0;817.0;-10.22;36.22;-34.09;✅ Boa gestão — ficou abaixo do IPCA
PINO ANTI VACUO, CRISTÓFOLI;2018;2023;6;24.0;21.0;-12.5;32.8;-34.11;✅ Boa gestão — ficou abaixo do IPCA
SONDA ENDOTRAQUEAL EM PVC SEM BALÃO Nº 2,5;2018;2024;5;2.39;2.2;-7.95;39.22;-34.12;✅ Boa gestão — ficou abaixo do IPCA
CJ. EIXO PRINCIPAL CONTRA ANGULO DABI;2021;2025;4;163.86;130.5;-20.36;20.97;-34.17;✅ Boa gestão — ficou abaixo do IPCA
CAFE;2016;2024;7;18.5;18.1;-2.16;48.71;-34.23;✅ Boa gestão — ficou abaixo do IPCA
CADERNO BROCHURA (PEQUENO) 1/4 CAPA DURA;2015;2024;5;2.88;2.99;4.0;58.06;-34.26;✅ Boa gestão — ficou abaixo do IPCA
TECIDO SACA BRANCA;2018;2021;3;7.19;5.67;-21.14;19.99;-34.28;✅ Boa gestão — ficou abaixo do IPCA
TIRAS REAGENTES PARA GLICEMIA CAPILAR;2018;2021;3;0.4;0.31;-22.5;19.99;-34.29;✅ Boa gestão — ficou abaixo do IPCA
ADAPTADOR FLANGE SOLDÁVEL 50X1.1/2;2015;2018;4;17.99;13.42;-25.43;13.53;-34.32;✅ Boa gestão — ficou abaixo do IPCA
MORFINA 10MG/ML INJETÁVEL, AMPOLA 1ML.;2019;2023;4;2.0;1.68;-16.0;27.32;-34.32;✅ Boa gestão — ficou abaixo do IPCA
SUPORTE SPLIT 30.000/60.000BTUS - METAL;2016;2020;4;113.33;86.65;-23.54;16.45;-34.34;✅ Boa gestão — ficou abaixo do IPCA
CLOPIDOGREL 75MG CPR;2016;2020;4;0.34;0.26;-25.0;16.45;-34.38;✅ Boa gestão — ficou abaixo do IPCA
PNEU NOVO 195 R14;2021;2025;4;605.0;480.0;-20.66;20.97;-34.42;✅ Boa gestão — ficou abaixo do IPCA
COLUNA GAS 200MM C9241 PRETO;2022;2025;4;153.35;115.0;-25.01;14.35;-34.42;✅ Boa gestão — ficou abaixo do IPCA
MANOPLA DE BOXE;2022;2024;3;139.0;99.95;-28.09;9.68;-34.43;✅ Boa gestão — ficou abaixo do IPCA
FERMENTO EM PÓ QUIMICO.;2019;2021;3;5.49;4.14;-24.59;15.03;-34.48;✅ Boa gestão — ficou abaixo do IPCA
BOBINA DA VALV. SOL. (RETANGULAR) 220V COMPRESSOR;2022;2025;4;54.45;40.8;-25.07;14.35;-34.48;✅ Boa gestão — ficou abaixo do IPCA
PILOCARPINA 0,2% SOL OFTALMICA 10ML;2016;2019;3;20.35;14.85;-27.03;11.41;-34.52;✅ Boa gestão — ficou abaixo do IPCA
AGULHA DESCARTÁVEL PARA BIOPSIA DE MAMA;2020;2024;3;122.0;102.0;-16.39;27.7;-34.53;✅ Boa gestão — ficou abaixo do IPCA
LACTULOSE 667MG  XPE 120ML;2016;2019;3;6.77;4.94;-27.05;11.41;-34.54;✅ Boa gestão — ficou abaixo do IPCA
M. BENZ/2213 1976;2020;2023;3;71.5;57.0;-20.28;21.81;-34.55;✅ Boa gestão — ficou abaixo do IPCA
GRAFITE DE 0,7 MM;2015;2017;3;5.36;3.83;-28.48;9.43;-34.64;✅ Boa gestão — ficou abaixo do IPCA
BATATA DOCE;2016;2025;9;3.33;3.37;1.28;55.04;-34.66;✅ Boa gestão — ficou abaixo do IPCA
VAL PNEU. CONTROLE DE PONTAS;2022;2025;4;178.07;133.0;-25.31;14.35;-34.68;✅ Boa gestão — ficou abaixo do IPCA
CABECA ARO MRS-400 DABI ATLANTE;2021;2025;5;188.68;149.0;-21.03;20.97;-34.72;✅ Boa gestão — ficou abaixo do IPCA
VALV. DE SUCÇÃO (AGUA) COM 2 SAIDAS OLSEN;2022;2025;4;155.4;116.0;-25.36;14.35;-34.73;✅ Boa gestão — ficou abaixo do IPCA
FIAT PALIO WK TREKK 1.6 2014;2020;2024;3;30.0;25.0;-16.67;27.7;-34.74;✅ Boa gestão — ficou abaixo do IPCA
HONDA XR 250 TORNADO 2005;2020;2024;3;30.0;25.0;-16.67;27.7;-34.74;✅ Boa gestão — ficou abaixo do IPCA
FORD	FORD TRANSIT 350L TA 2011;2020;2024;3;30.0;25.0;-16.67;27.7;-34.74;✅ Boa gestão — ficou abaixo do IPCA
CONECTOR CABLO FLAT 10 VIAS  CADEIRA DABI/SAEVO/GNATUS  (3 PEÇAS);2022;2025;4;18.8;14.0;-25.54;14.35;-34.87;✅ Boa gestão — ficou abaixo do IPCA
COUVE MANTEIGA - NAS ESCOLAS;2021;2024;3;14.11;10.65;-24.52;16.03;-34.94;✅ Boa gestão — ficou abaixo do IPCA
CJ. PRESSOSTATO 134º C;2022;2025;3;329.42;245.0;-25.63;14.35;-34.96;✅ Boa gestão — ficou abaixo do IPCA
EXTRATOR DE GRAMPO DE METAL;2015;2017;3;9.77;6.95;-28.86;9.43;-35.01;✅ Boa gestão — ficou abaixo do IPCA
CIMENTO DENTÁRIO REPARADOR (MTA) AGREGADO TRIÓXIDO MINERAL;2020;2025;5;145.9;126.23;-13.48;33.14;-35.02;✅ Boa gestão — ficou abaixo do IPCA
RESISTENCIA TIPO W AISI 316 1600W AHMC5 220V;2021;2025;5;328.71;258.4;-21.39;20.97;-35.02;✅ Boa gestão — ficou abaixo do IPCA
SABÃO EM PÓ 1KG;2020;2024;3;5.55;4.6;-17.12;27.7;-35.04;✅ Boa gestão — ficou abaixo do IPCA
CONFECÇÃO DE ADESIVO 100X115CM, 4X0 CORES, VINIL BRANCO BRILHO, REFILE CORTE RETO, AUTO COLANTE COM IMPRESSÃO;2017;2022;3;88.85;76.0;-14.46;31.69;-35.04;✅ Boa gestão — ficou abaixo do IPCA
FÓRCEPS 18R;2021;2025;4;67.2;52.79;-21.44;20.97;-35.07;✅ Boa gestão — ficou abaixo do IPCA
CAPACITOR 380V 45 MF;2015;2021;6;25.64;22.67;-11.57;36.22;-35.09;✅ Boa gestão — ficou abaixo do IPCA
MÁSCARA FACIAL PETIT ROSA;2022;2024;3;60.33;42.95;-28.81;9.68;-35.09;✅ Boa gestão — ficou abaixo do IPCA
MINI INCUBADORA BIOLÓGICA;2015;2023;7;155.0;151.64;-2.17;50.77;-35.11;✅ Boa gestão — ficou abaixo do IPCA
"CANO COBRE ¾;";2016;2021;5;30.0;24.94;-16.87;28.16;-35.12;✅ Boa gestão — ficou abaixo do IPCA
BORRACHA ADAPTADOR CANULA SUGADOR SALIVA;2022;2025;4;14.84;11.0;-25.88;14.35;-35.15;✅ Boa gestão — ficou abaixo do IPCA
MÁSCARA FACIAL PETIT AZUL;2022;2024;3;60.33;42.9;-28.89;9.68;-35.16;✅ Boa gestão — ficou abaixo do IPCA
SUGADOR CIRÚRGICO DESCARTÁVEL CAIXA C/ 40 UNIDADES;2015;2025;6;33.0;35.24;6.79;64.79;-35.21;✅ Boa gestão — ficou abaixo do IPCA
CARTUCHO HP C9362A (92 A PRETO HP 1510 HP 5440);2018;2023;6;86.0;74.0;-13.95;32.8;-35.21;✅ Boa gestão — ficou abaixo do IPCA
CONTROLADOR DIGITAL ADT STERMAX;2022;2025;4;667.83;494.2;-26.0;14.35;-35.29;✅ Boa gestão — ficou abaixo do IPCA
DISPOSITIVO PARA INFUSÃO ENDOVENOSA, N°23 (APELIDO SCALP).;2021;2024;3;0.23;0.18;-21.74;16.03;-35.29;✅ Boa gestão — ficou abaixo do IPCA
BOLETIM DE ATENDIMENTO MÉDICO 24HS;2016;2020;4;2.98;2.24;-24.83;16.45;-35.36;✅ Boa gestão — ficou abaixo do IPCA
LIMAS ROTATÓRIAS PARA RETRATAMENTO #30/09 19MM, #25/08 18MM,;2020;2024;4;103.0;85.0;-17.48;27.7;-35.38;✅ Boa gestão — ficou abaixo do IPCA
FILTRO SOLAR, FATOR 30, FRASCO COM 120ML OU 125ML;2017;2020;3;8.66;6.33;-26.91;13.1;-35.4;✅ Boa gestão — ficou abaixo do IPCA
QUADRO BRANCO CONFECCIONADO EM MDF DIMENSÕES 90X60CM.;2019;2024;3;49.9;42.99;-13.85;33.47;-35.45;✅ Boa gestão — ficou abaixo do IPCA
LEVODOPA 250 MG + CARBIDOPA 25 MG;2018;2020;3;0.7;0.49;-30.5;9.02;-35.48;✅ Boa gestão — ficou abaixo do IPCA
CABO MANGA PLENA/ QUADRA 12/21;2022;2025;4;88.1;65.0;-26.22;14.35;-35.49;✅ Boa gestão — ficou abaixo do IPCA
CENTRO DISTRIB. FERRO P/ 20 DISJUNTORES C/ BARRAM.;2015;2021;6;120.0;105.44;-12.13;36.22;-35.5;✅ Boa gestão — ficou abaixo do IPCA
PROTETOR 1000X20;2016;2025;8;35.0;35.0;0.0;55.04;-35.5;✅ Boa gestão — ficou abaixo do IPCA
ARCO OSTBY ADULTO;2018;2025;6;7.99;7.48;-6.38;45.15;-35.51;✅ Boa gestão — ficou abaixo do IPCA
SABÃO EM PÓ EMBALAGEM DE 1KG;2018;2021;3;6.2;4.8;-22.58;19.99;-35.53;✅ Boa gestão — ficou abaixo do IPCA
CURVA ELETRODUTO PVC ANTI-CHAMA 1.1/2 X 90º PRETA;2015;2021;6;3.99;3.5;-12.28;36.22;-35.59;✅ Boa gestão — ficou abaixo do IPCA
SONDA ENDOTRAQUEAL EM PVC COM BALÃO Nº5,5;2018;2024;5;3.47;3.11;-10.37;39.22;-35.62;✅ Boa gestão — ficou abaixo do IPCA
FICHA DE PROCEDIMENTO E-SUS;2018;2020;3;3.79;2.66;-29.82;9.02;-35.63;✅ Boa gestão — ficou abaixo do IPCA
SUPORTE SPLIT 7/12000BTUS.;2015;2017;3;38.0;26.76;-29.58;9.43;-35.66;✅ Boa gestão — ficou abaixo do IPCA
BROCA DE ALTA ROTAÇÃO CARBIDE ESFÉRICA N° 6;2018;2025;5;5.24;4.9;-6.49;45.15;-35.71;✅ Boa gestão — ficou abaixo do IPCA
CJ. PRESSOSTATO 121º C;2022;2025;4;326.51;240.0;-26.5;14.35;-35.72;✅ Boa gestão — ficou abaixo do IPCA
TONER PRETO HP COLOR LASERJET PRO MFP M180FW ORIGINAL;2019;2024;5;350.0;300.0;-14.29;33.47;-35.78;✅ Boa gestão — ficou abaixo do IPCA
LUMINÁRIA EMERGÊNCIA COM SISTEMA DE RECARGA EMBUTIDO;2015;2017;3;32.75;23.0;-29.77;9.43;-35.82;✅ Boa gestão — ficou abaixo do IPCA
GUARNIÇÃO SILICONE 9,0X11MM;2018;2023;6;65.28;55.63;-14.78;32.8;-35.83;✅ Boa gestão — ficou abaixo do IPCA
SELO MECANICO BF41;2022;2025;4;61.35;45.0;-26.65;14.35;-35.85;✅ Boa gestão — ficou abaixo do IPCA
TONER SAMSUNG  SCX4521/1610/2010;2018;2023;6;270.0;230.0;-14.81;32.8;-35.85;✅ Boa gestão — ficou abaixo do IPCA
EVIDENCIADOR DE PLACA;2020;2024;4;5.07;4.16;-17.95;27.7;-35.85;✅ Boa gestão — ficou abaixo do IPCA
GRAXA 80GR;2017;2019;3;16.19;11.23;-30.64;8.22;-35.9;✅ Boa gestão — ficou abaixo do IPCA
BATATA INGLESA C/ ENTREGA NAS UNIDADES ESCOLARES;2015;2018;3;3.45;2.51;-27.25;13.53;-35.94;✅ Boa gestão — ficou abaixo do IPCA
COLAGENASE 0,6 UI + CLORANFENICOL 0,1UI POMADA 30 G;2016;2019;3;8.4;5.99;-28.69;11.41;-35.95;✅ Boa gestão — ficou abaixo do IPCA
"FITA PVC 100MM BRANCA;";2016;2019;4;5.0;3.57;-28.6;11.41;-35.96;✅ Boa gestão — ficou abaixo do IPCA
RANITIDINA 50MG/2ML;2015;2018;3;0.5;0.37;-26.35;13.53;-36.0;✅ Boa gestão — ficou abaixo do IPCA
ESTOJO ENDODONTICO 48 FUROS 20X10X5CM;2020;2024;4;137.0;111.88;-18.34;27.7;-36.06;✅ Boa gestão — ficou abaixo do IPCA
LEITE INTEGRAL  UHT;2022;2025;3;4.91;3.6;-26.68;14.35;-36.07;✅ Boa gestão — ficou abaixo do IPCA
STOP DE SILICONE CURSOR;2019;2024;5;16.23;13.84;-14.73;33.47;-36.11;✅ Boa gestão — ficou abaixo do IPCA
TECLADO MEMBRANA QUADRA 21 AZUL;2020;2025;5;94.12;80.0;-15.0;33.14;-36.15;✅ Boa gestão — ficou abaixo do IPCA
ATADURAS DE CREPOM 20CM;2019;2024;4;1.11;0.95;-14.41;33.47;-36.17;✅ Boa gestão — ficou abaixo do IPCA
CURVA DE AÇO GALVANIZADO A FOGO 2,  90°, NBR 5598;2015;2020;5;32.39;25.57;-21.06;23.77;-36.21;✅ Boa gestão — ficou abaixo do IPCA
ROLAMENTO 6202 ZZC;2022;2025;4;60.37;44.0;-27.11;14.35;-36.26;✅ Boa gestão — ficou abaixo do IPCA
ROLAMENTO 6203 - 2RS1/ C3 SKF;2022;2025;4;60.37;44.0;-27.11;14.35;-36.26;✅ Boa gestão — ficou abaixo do IPCA
MÁSCARA N95 PFF2 DESCARTÁVEL PARA PROTEÇÃO CONTRA TUBERCULOS;2015;2019;3;2.15;1.62;-24.65;18.42;-36.28;✅ Boa gestão — ficou abaixo do IPCA
SIRENE 220V ALCANCE 300MTS;2019;2022;3;175.89;136.38;-22.46;21.69;-36.28;✅ Boa gestão — ficou abaixo do IPCA
BROCA HASTE LONGA CARBIDE Nº 702;2018;2021;4;7.16;5.48;-23.46;19.99;-36.29;✅ Boa gestão — ficou abaixo do IPCA
ONDANSETRONA 8MG CPR;2016;2019;3;1.9;1.35;-28.91;11.41;-36.31;✅ Boa gestão — ficou abaixo do IPCA
APARELHO C/ HEADSET COMPACTO;2018;2021;4;233.0;178.0;-23.61;19.99;-36.33;✅ Boa gestão — ficou abaixo do IPCA
SINVASTATINA 40 MG;2015;2018;3;0.11;0.08;-24.77;13.53;-36.36;✅ Boa gestão — ficou abaixo do IPCA
CARVEDILOL 25 MG CPR, EM BLISTER.;2019;2024;5;0.13;0.11;-12.38;33.47;-36.36;✅ Boa gestão — ficou abaixo do IPCA
SEPARADOR DE DETRITOS B.V;2022;2025;4;55.4;40.3;-27.26;14.35;-36.37;✅ Boa gestão — ficou abaixo do IPCA
AREIA LAVADA FINA (BRANCA E LIMPA) PARA PARQUES - INCLUSO FRETE;2022;2025;4;53.0;38.5;-27.36;14.35;-36.47;✅ Boa gestão — ficou abaixo do IPCA
ELEMENTO FILTRANTE CARVÃO ATIVADO 10X2.1/2X5;2016;2022;7;87.42;75.3;-13.86;35.58;-36.47;✅ Boa gestão — ficou abaixo do IPCA
TUBO ELETR. S/ROSCA CZ 3/4;2016;2020;3;13.2;9.77;-25.98;16.45;-36.47;✅ Boa gestão — ficou abaixo do IPCA
REATOR ELETRONICO 2X40/36W;2015;2017;3;18.7;13.0;-30.48;9.43;-36.47;✅ Boa gestão — ficou abaixo do IPCA
ESCOVA DENTAL ADULTO MACIA;2018;2025;4;30.9;28.5;-7.77;45.15;-36.48;✅ Boa gestão — ficou abaixo do IPCA
KIMONO DE JUDÔ;2021;2024;4;270.0;198.95;-26.31;16.03;-36.5;✅ Boa gestão — ficou abaixo do IPCA
PRATO DESCARTÁVEL MÉDIO 18;2020;2024;3;3.39;2.75;-18.88;27.7;-36.5;✅ Boa gestão — ficou abaixo do IPCA
PENEIRA FILTRO SUCTOR;2022;2025;4;42.3;30.7;-27.43;14.35;-36.52;✅ Boa gestão — ficou abaixo do IPCA
PINO  ANTI VACUO DIGITALE;2022;2025;4;43.55;31.6;-27.44;14.35;-36.53;✅ Boa gestão — ficou abaixo do IPCA
PRANCHA DE CEDRO BRUFA;2015;2018;4;2970.0;2140.0;-27.95;13.53;-36.53;✅ Boa gestão — ficou abaixo do IPCA
AFASTADOR LABIAL EXPANDEX - INFANTIL;2019;2025;6;7.97;7.04;-11.67;39.16;-36.55;✅ Boa gestão — ficou abaixo do IPCA
GRAMPEADOR PARA MADEIRA DE PRESSÃO;2020;2023;3;43.1;33.3;-22.74;21.81;-36.56;✅ Boa gestão — ficou abaixo do IPCA
SABÃO EM PÓ .;2015;2021;4;7.11;6.15;-13.5;36.22;-36.57;✅ Boa gestão — ficou abaixo do IPCA
ZOLPIDEM 10MG CPR;2016;2020;4;0.44;0.32;-26.88;16.45;-36.59;✅ Boa gestão — ficou abaixo do IPCA
SELO SEGURANÇA PARA PORTA, CRISTÓFOLI;2018;2023;6;19.0;16.0;-15.79;32.8;-36.62;✅ Boa gestão — ficou abaixo do IPCA
PÁS ADESIVAS ADULTO PARA DESFIBRILADOR AUTOMÁTICO;2021;2023;3;513.5;360.0;-29.89;10.68;-36.66;✅ Boa gestão — ficou abaixo do IPCA
LIVRO ATA PAUTADO COM 100 FOLHAS.;2019;2021;3;8.64;6.3;-27.08;15.03;-36.71;✅ Boa gestão — ficou abaixo do IPCA
BENZILPENICILINA BENZATINA 1.200.000 UI.;2019;2024;5;8.2;6.92;-15.6;33.47;-36.71;✅ Boa gestão — ficou abaixo do IPCA
RALO GNATUS BACIA UNIDADE AGUA;2022;2025;4;12.86;9.3;-27.68;14.35;-36.77;✅ Boa gestão — ficou abaixo do IPCA
CJ. TERMINAL TRIPLO BORDEN GN32 GNATUS;2016;2018;3;94.92;64.0;-32.57;6.81;-36.88;✅ Boa gestão — ficou abaixo do IPCA
EUGENOL.;2018;2024;3;10.0;8.79;-12.1;39.22;-36.89;✅ Boa gestão — ficou abaixo do IPCA
HIDROCORTISONA 100MG;2015;2018;3;2.9;2.08;-28.28;13.53;-36.9;✅ Boa gestão — ficou abaixo do IPCA
MÃO-FRANCESA REFORÇADA 10CM;2018;2021;3;5.69;4.3;-24.43;19.99;-36.93;✅ Boa gestão — ficou abaixo do IPCA
ÁGUA MINERAL SEM GÁS, 500 ML EM GARRAFA FARDO COM 12 UNI;2021;2023;3;16.48;11.5;-30.22;10.68;-36.94;✅ Boa gestão — ficou abaixo do IPCA
RESISTENCIA AUTOCLAVE 30/40 - 220V - 1400W STERMAX;2021;2025;4;168.82;128.7;-23.76;20.97;-36.98;✅ Boa gestão — ficou abaixo do IPCA
CIRCUITO ELETRONICO LED LOGO VT CLASS;2022;2025;4;43.6;31.4;-27.98;14.35;-37.02;✅ Boa gestão — ficou abaixo do IPCA
SERVIÇOS DE AUXILIAR DE PEDREIRO;2016;2020;3;18.06;13.24;-26.69;16.45;-37.02;✅ Boa gestão — ficou abaixo do IPCA
CARBAMAZEPINA 20MG/ML (2 %) - SUSPENSÃO ORAL, FRASCO 100ML.;2019;2024;5;9.4;7.9;-15.96;33.47;-37.03;✅ Boa gestão — ficou abaixo do IPCA
CHAPA DE ALUMÍNIO COMPOSTO (ACM) PARA CONFECÇÃO DE PLACAS DE;2021;2025;5;418.5;318.5;-23.89;20.97;-37.09;✅ Boa gestão — ficou abaixo do IPCA
CAPACETE DE SKATE;2022;2024;3;86.99;59.99;-31.04;9.68;-37.13;✅ Boa gestão — ficou abaixo do IPCA
ATADURAS DE CREPOM 15CM;2019;2024;4;0.83;0.69;-16.87;33.47;-37.14;✅ Boa gestão — ficou abaixo do IPCA
AIPIM SEM CASCA C/ ENTREGA NA CENTRAL DE MERENDA;2015;2018;3;3.5;2.5;-28.57;13.53;-37.14;✅ Boa gestão — ficou abaixo do IPCA
KIT VÁLVULA PARA NEBULIZADOR OLIDEF;2019;2023;5;65.0;52.0;-20.0;27.32;-37.17;✅ Boa gestão — ficou abaixo do IPCA
ROLAMENTO 6204 DDU NSK;2022;2025;4;62.85;45.1;-28.24;14.35;-37.24;✅ Boa gestão — ficou abaixo do IPCA
PRATO GIRATORIO;2015;2019;5;16.91;12.56;-25.72;18.42;-37.26;✅ Boa gestão — ficou abaixo do IPCA
CONTATOR WEG TRIP. CWM 12 10 220V 60HZ;2022;2025;4;221.61;158.8;-28.34;14.35;-37.33;✅ Boa gestão — ficou abaixo do IPCA
GUILHOTINA SELADORA PLUS;2016;2025;8;44.49;43.2;-2.9;55.04;-37.36;✅ Boa gestão — ficou abaixo do IPCA
CIMENTO RESINOSO ENDODÔNTICO PARA OBTURAÇÃO DE CANAIS RADICU;2020;2024;4;271.45;217.0;-20.06;27.7;-37.4;✅ Boa gestão — ficou abaixo do IPCA
PNEU NOVO 205/75/16;2016;2020;4;708.0;516.0;-27.12;16.45;-37.41;✅ Boa gestão — ficou abaixo do IPCA
PUNCH DERMATOLÓGICO ESTÉRIL DESCARTÁVEL 5MM;2020;2024;4;73.76;58.94;-20.09;27.7;-37.42;✅ Boa gestão — ficou abaixo do IPCA
REPOLHO ROXO C/ ENTREGA NAS UNIDADES ESCOLARES;2015;2018;3;2.59;1.84;-28.96;13.53;-37.45;✅ Boa gestão — ficou abaixo do IPCA
CARVEDILOL 12,5 MG CPR, EM BLISTER.;2019;2024;5;0.1;0.08;-14.84;33.47;-37.5;✅ Boa gestão — ficou abaixo do IPCA
LAMOTRIGINA 50MG;2016;2020;3;0.26;0.18;-29.34;16.45;-37.5;✅ Boa gestão — ficou abaixo do IPCA
BRANCO BANCHISA POLIURETANO 3,6L;2015;2021;4;233.74;199.0;-14.86;36.22;-37.5;✅ Boa gestão — ficou abaixo do IPCA
ADAPTADOR FLANGE SOLDÁVEL 25X3/4;2015;2018;4;8.95;6.35;-29.05;13.53;-37.54;✅ Boa gestão — ficou abaixo do IPCA
APARADOR DE SOCO;2022;2024;3;146.0;100.0;-31.51;9.68;-37.55;✅ Boa gestão — ficou abaixo do IPCA
AVENTAL DE SEGURANÇA CONFECCIONADO EM PVC;2020;2024;3;8.01;6.38;-20.35;27.7;-37.56;✅ Boa gestão — ficou abaixo do IPCA
RÉGUA DE FOX COM ARCO;2015;2024;8;64.46;63.61;-1.32;58.06;-37.57;✅ Boa gestão — ficou abaixo do IPCA
ALIMENTO NUTRICIONALMENTE COMPLETO PARA NUTRIÇÃO ENTERAL OU;2016;2020;4;38.65;28.1;-27.3;16.45;-37.58;✅ Boa gestão — ficou abaixo do IPCA
CUBA INOX REDONDA. AUTOCLAVÁVEL;2019;2024;3;24.0;20.0;-16.67;33.47;-37.59;✅ Boa gestão — ficou abaixo do IPCA
KIT CÂNULA DE GUEDEL;2020;2022;3;27.45;19.95;-27.32;16.43;-37.6;✅ Boa gestão — ficou abaixo do IPCA
PNEU NOVO 175/70 R13;2021;2025;4;355.0;268.0;-24.51;20.97;-37.6;✅ Boa gestão — ficou abaixo do IPCA
PUNCH DERMATOLÓGICO ESTÉRIL DESCARTÁVEL 6MM;2020;2024;4;73.76;58.72;-20.38;27.7;-37.65;✅ Boa gestão — ficou abaixo do IPCA
LUVA VAQUETA;2015;2019;4;17.23;12.7;-26.26;18.42;-37.72;✅ Boa gestão — ficou abaixo do IPCA
ARMÁRIO COM 2 PORTAS;2015;2018;3;402.38;284.5;-29.3;13.53;-37.72;✅ Boa gestão — ficou abaixo do IPCA
CABO AÇO GALV. A. FIBRA 3/16;2015;2021;6;2.49;2.11;-15.26;36.22;-37.75;✅ Boa gestão — ficou abaixo do IPCA
CLORIDRATO DORZOLAMIDA 2% SOL OFTALMICA 5ML;2016;2019;3;14.9;10.33;-30.66;11.41;-37.8;✅ Boa gestão — ficou abaixo do IPCA
SERINGA 20ML, SEM AGULHA;2015;2021;5;0.74;0.62;-16.22;36.22;-37.84;✅ Boa gestão — ficou abaixo do IPCA
FILTRO HIDRAULICO;2018;2020;3;285.15;193.2;-32.25;9.02;-37.85;✅ Boa gestão — ficou abaixo do IPCA
RETESTE DO CILINDRO CO2 06 KG;2015;2023;7;35.0;32.79;-6.31;50.77;-37.86;✅ Boa gestão — ficou abaixo do IPCA
LUVA DE AÇO GALVANIZADO A FOGO 2, NBR 5598;2015;2020;4;12.2;9.38;-23.11;23.77;-37.87;✅ Boa gestão — ficou abaixo do IPCA
ESCOVA PARA VASO SANITÁRIO;2016;2021;4;6.4;5.1;-20.31;28.16;-37.87;✅ Boa gestão — ficou abaixo do IPCA
RESTAURADOR PROVISÓRIO TIPO CIMPAT, ROSA E/OU BRANCO;2018;2021;3;8.72;6.5;-25.46;19.99;-37.89;✅ Boa gestão — ficou abaixo do IPCA
CONFECÇÃO DE CRACHÁS EM CARTÃO DE PVC, 4 X 1 CORES, COM DADO;2015;2024;3;4.22;4.14;-1.9;58.06;-37.91;✅ Boa gestão — ficou abaixo do IPCA
CHAPA ALUMINIO 20CM;2015;2021;6;14.8;12.5;-15.54;36.22;-37.97;✅ Boa gestão — ficou abaixo do IPCA
CIRCUITO ELETRONICO DE POTENCIA VCF - CLASS;2021;2025;5;573.0;430.0;-24.96;20.97;-37.97;✅ Boa gestão — ficou abaixo do IPCA
TURBINA COMPLETA KAVO 605 E. TORQUE PB;2022;2025;4;277.01;196.4;-29.1;14.35;-38.0;✅ Boa gestão — ficou abaixo do IPCA
LIMAS ROTATÓRIAS #40 04.25MM PARA TRATAMENTO DE CANAL;2020;2025;5;103.0;85.0;-17.48;33.14;-38.02;✅ Boa gestão — ficou abaixo do IPCA
AZEITONA;2018;2023;4;6.95;5.72;-17.7;32.8;-38.07;✅ Boa gestão — ficou abaixo do IPCA
LUVA NITRÍLICA AZUL NÃO ESTÉRIL P/ PROCEDIMENTO TAMANHO G;2015;2018;4;19.89;13.97;-29.76;13.53;-38.11;✅ Boa gestão — ficou abaixo do IPCA
ROLAMENTO BARDEN STAY DABI;2022;2025;4;84.09;59.5;-29.24;14.35;-38.11;✅ Boa gestão — ficou abaixo do IPCA
QUADRO BRANCO CONFECCIONADO EM MDF 120X90CM.;2019;2024;3;75.0;61.94;-17.41;33.47;-38.12;✅ Boa gestão — ficou abaixo do IPCA
RETESTE DO CILINDRO AP 10L;2015;2023;7;35.0;32.64;-6.74;50.77;-38.14;✅ Boa gestão — ficou abaixo do IPCA
PUNCH DERMATOLÓGICO ESTÉRIL DESCARTÁVEL 3MM;2020;2024;4;73.76;58.27;-21.0;27.7;-38.14;✅ Boa gestão — ficou abaixo do IPCA
ADAPTADOR 1 1/2;2015;2023;7;28.0;26.09;-6.82;50.77;-38.21;✅ Boa gestão — ficou abaixo do IPCA
TRANSDUTOR PARA DETECTOR FETAL MS101, SIGMED;2018;2023;6;256.0;210.0;-17.97;32.8;-38.23;✅ Boa gestão — ficou abaixo do IPCA
PINÇA CLINICA ODONTOLÓGICA P/ALGODÃO;2020;2024;4;8.9;7.01;-21.24;27.7;-38.25;✅ Boa gestão — ficou abaixo do IPCA
DESCOLADOR CIRURGICO MOLT Nº 09;2015;2024;8;14.73;14.36;-2.5;58.06;-38.28;✅ Boa gestão — ficou abaixo do IPCA
LÂMPADA 6V 4,5A REFERÊNCIA BT366 PARA LÂMPADA DE FENDA;2020;2023;4;289.1;217.3;-24.84;21.81;-38.3;✅ Boa gestão — ficou abaixo do IPCA
PLACA DE COMANDO PADRÃO  MODELOS COM RESERVATÓRIO DA LINHA T;2018;2021;4;1683.52;1246.03;-25.99;19.99;-38.32;✅ Boa gestão — ficou abaixo do IPCA
GRAMPEADOR PROFISSIONAL 28 CM P/ 100 FL;2021;2023;3;56.4;38.47;-31.79;10.68;-38.36;✅ Boa gestão — ficou abaixo do IPCA
BANDEIRA OFICIAL DE CRICIÚMA (1,80M X 2,57M);2020;2024;5;216.0;170.0;-21.3;27.7;-38.37;✅ Boa gestão — ficou abaixo do IPCA
FILTRO COMBUSTIVEL;2015;2019;5;11.62;8.48;-27.02;18.42;-38.38;✅ Boa gestão — ficou abaixo do IPCA
RETESTE DO CILINDRO CO2 04 KG;2015;2021;6;35.0;29.37;-16.09;36.22;-38.4;✅ Boa gestão — ficou abaixo do IPCA
RETESTE DO CILINDRO  PQS 12 KG;2015;2021;6;35.0;29.37;-16.09;36.22;-38.4;✅ Boa gestão — ficou abaixo do IPCA
ALBENDAZOL 400MG CPR;2016;2020;4;0.41;0.3;-27.93;16.45;-38.46;✅ Boa gestão — ficou abaixo do IPCA
"CALCADOR PAIVA KIT COM 4 UNIDADE (Nº1; 2; 3; 4)";2019;2024;3;34.76;28.54;-17.89;33.47;-38.47;✅ Boa gestão — ficou abaixo do IPCA
FLUMAZENIL 0,1MG/ML, INJETÁVEL, AMPOLA 5ML.;2019;2024;5;6.4;5.25;-17.97;33.47;-38.52;✅ Boa gestão — ficou abaixo do IPCA
KIT CIRCUITO PLACA LED NOVA VITALE NV BIV;2022;2025;4;256.21;180.0;-29.75;14.35;-38.56;✅ Boa gestão — ficou abaixo do IPCA
CONDENSADOR DE GUTAPERCHA MCSPADDEN #35;2021;2024;3;129.98;92.67;-28.7;16.03;-38.56;✅ Boa gestão — ficou abaixo do IPCA
CAFE EXTRA FORTE;2015;2020;6;9.68;7.36;-23.97;23.77;-38.58;✅ Boa gestão — ficou abaixo do IPCA
PROJETO ELÉTRICO + COMUNICAÇÃO (TELEFONE + REDE LÓGICA);2019;2024;3;5.5;4.5;-18.18;33.47;-38.58;✅ Boa gestão — ficou abaixo do IPCA
SERVIÇOS DE ELETRECISTA;2016;2020;3;32.5;23.24;-28.49;16.45;-38.59;✅ Boa gestão — ficou abaixo do IPCA
ÁLCOOL GEL 70 %;2017;2021;5;8.9;6.8;-23.6;24.48;-38.62;✅ Boa gestão — ficou abaixo do IPCA
TOMADA 2P + TERRA NBR;2016;2021;6;11.45;9.0;-21.4;28.16;-38.65;✅ Boa gestão — ficou abaixo do IPCA
S/C BY-PASS JET SONIC;2020;2025;5;146.64;119.7;-18.37;33.14;-38.69;✅ Boa gestão — ficou abaixo do IPCA
AGULHA GENGIVAL LONGA DESCARTÁVEL;2021;2025;4;34.0;25.22;-25.82;20.97;-38.7;✅ Boa gestão — ficou abaixo do IPCA
BOLINHO;2018;2023;4;2.58;2.1;-18.6;32.8;-38.77;✅ Boa gestão — ficou abaixo do IPCA
PEN DRIVE DE 8 GB, USB 2.0;2015;2024;9;15.5;15.0;-3.23;58.06;-38.77;✅ Boa gestão — ficou abaixo do IPCA
COMPRESSA CIRÚRGICA;2019;2023;5;77.0;60.0;-22.08;27.32;-38.79;✅ Boa gestão — ficou abaixo do IPCA
DISPOSITIVO PARA INFUSÃO ENDOVENOSA, N°27 (APELIDO SCALP).;2021;2024;3;0.25;0.18;-28.0;16.03;-38.89;✅ Boa gestão — ficou abaixo do IPCA
DISPOSITIVO PARA INFUSÃO ENDOVENOSA, N°25 (APELIDO SCALP).;2021;2024;3;0.24;0.18;-25.0;16.03;-38.89;✅ Boa gestão — ficou abaixo do IPCA
MONTAGEM DE DIVISÓRIAS E PERFIS METÁLICOS;2021;2024;3;31.89;22.6;-29.13;16.03;-38.91;✅ Boa gestão — ficou abaixo do IPCA
CABO FLEXÍVEL 4,0MM FORMADO POR FIO DE COBRE.;2015;2017;3;1.49;1.0;-32.89;9.43;-38.93;✅ Boa gestão — ficou abaixo do IPCA
PROJETOR CORPO DE ALUMÍNIO  RX7S PARA LÂMPADA 150W;2015;2021;6;38.47;31.95;-16.95;36.22;-39.04;✅ Boa gestão — ficou abaixo do IPCA
TOMATE C/ ENTREGA NAS UNIDADES ESCOLARES;2015;2018;3;4.3;2.98;-30.7;13.53;-39.07;✅ Boa gestão — ficou abaixo do IPCA
CARNE MOÍDA DE MÚSCULO, CONGELADA -;2023;2025;3;32.73;21.8;-33.39;9.3;-39.08;✅ Boa gestão — ficou abaixo do IPCA
REDE OFICIAL DE VOLEIBOL DE QUADRA;2021;2024;4;283.0;200.0;-29.33;16.03;-39.1;✅ Boa gestão — ficou abaixo do IPCA
PUNCH DERMATOLÓGICO ESTÉRIL DESCARTÁVEL 4MM;2020;2024;4;73.76;57.34;-22.27;27.7;-39.13;✅ Boa gestão — ficou abaixo do IPCA
LUVA DE AÇO GALVANIZADO A FOGO 1.1/4, NBR 5598;2015;2020;5;6.67;5.02;-24.74;23.77;-39.13;✅ Boa gestão — ficou abaixo do IPCA
ESTOPA DE LIMPEZA TIPO PASTELÃO;2015;2018;3;75.91;52.4;-30.97;13.53;-39.19;✅ Boa gestão — ficou abaixo do IPCA
PORTA PAPEL HIGIÊNICO ROLÃO ATÉ 400MTS;2017;2024;3;21.84;19.17;-12.23;44.44;-39.23;✅ Boa gestão — ficou abaixo do IPCA
CRONÔMETRO;2022;2024;3;36.0;24.0;-33.33;9.68;-39.24;✅ Boa gestão — ficou abaixo do IPCA
RESTAURADOR PROVISÓRIO IRM;2020;2025;5;21.81;17.63;-19.17;33.14;-39.27;✅ Boa gestão — ficou abaixo do IPCA
LANCETA DO PROFISSIONAL DE SAÚDE;2015;2020;5;0.28;0.21;-24.73;23.77;-39.29;✅ Boa gestão — ficou abaixo do IPCA
PINÇA BACKHAUS 10CM;2019;2025;7;38.0;32.06;-15.63;39.16;-39.36;✅ Boa gestão — ficou abaixo do IPCA
TABUA DE EUCALIPTO BENEFICIADA;2015;2017;3;1400.0;928.0;-33.71;9.43;-39.43;✅ Boa gestão — ficou abaixo do IPCA
TRANSMISSÃO COMPLETA;2017;2019;3;398.67;261.33;-34.45;8.22;-39.43;✅ Boa gestão — ficou abaixo do IPCA
PNEU NOVO 205/70/15;2016;2020;4;587.0;414.0;-29.47;16.45;-39.43;✅ Boa gestão — ficou abaixo do IPCA
CAPACITOR 380V 40 MF.;2015;2018;4;28.5;19.59;-31.26;13.53;-39.44;✅ Boa gestão — ficou abaixo do IPCA
CAPACITOR;2015;2017;3;75.0;49.68;-33.76;9.43;-39.47;✅ Boa gestão — ficou abaixo do IPCA
AGULHA GENGIVAL EXTRA CURTA DESCARTAVEL.;2020;2025;5;30.9;24.9;-19.42;33.14;-39.49;✅ Boa gestão — ficou abaixo do IPCA
CAPACITOR 380V 55 MF;2015;2021;6;27.52;22.67;-17.61;36.22;-39.52;✅ Boa gestão — ficou abaixo do IPCA
LUVAS PLÁSTICAS;2018;2023;4;9.9;7.94;-19.8;32.8;-39.56;✅ Boa gestão — ficou abaixo do IPCA
PNEU NOVO 235/75 R15;2017;2025;7;643.0;585.0;-9.02;50.59;-39.58;✅ Boa gestão — ficou abaixo do IPCA
ELEMENTO FILTRANTE POLIPROPILENO LISO 10X2.1/2X5;2016;2022;7;72.7;59.5;-18.16;35.58;-39.63;✅ Boa gestão — ficou abaixo do IPCA
ACIDO FÓLICO 0,2MG/ML SOL ORAL 30ML;2016;2019;3;5.49;3.7;-32.6;11.41;-39.65;✅ Boa gestão — ficou abaixo do IPCA
ESCORREDOR DE MACARRÃO;2018;2023;3;85.0;68.12;-19.86;32.8;-39.66;✅ Boa gestão — ficou abaixo do IPCA
ESPÁTULA PLÁSTICA PARA ALGINATO;2015;2025;8;1.51;1.5;-0.66;64.79;-39.74;✅ Boa gestão — ficou abaixo do IPCA
BALDE COM ESPREMEDOR GIRATÓRIO;2018;2020;3;115.7;76.0;-34.31;9.02;-39.75;✅ Boa gestão — ficou abaixo do IPCA
CABO CANETA MARATHON CHAMPION/ BELTEC LB3000;2022;2025;4;87.1;60.0;-31.12;14.35;-39.76;✅ Boa gestão — ficou abaixo do IPCA
ESCOVA DE ROBSON RETA.;2018;2025;5;1.0;0.88;-12.0;45.15;-39.77;✅ Boa gestão — ficou abaixo do IPCA
BASE C/ CAPA PARA RODIZIO CINZA MOCHO;2021;2025;5;157.9;115.0;-27.17;20.97;-39.79;✅ Boa gestão — ficou abaixo do IPCA
SENSOR TEMPERATURA  DIGITALE;2022;2025;4;110.8;76.2;-31.23;14.35;-39.86;✅ Boa gestão — ficou abaixo do IPCA
PNEU NOVO 31X10,5 R15;2021;2025;3;1031.0;750.0;-27.26;20.97;-39.87;✅ Boa gestão — ficou abaixo do IPCA
ALICATE ORTODÔNTICO SACA BANDA 347;2019;2025;7;84.14;70.34;-16.4;39.16;-39.93;✅ Boa gestão — ficou abaixo do IPCA
FOLDER 297X21CM 2 DOBRAS COLORIDO, BRILHO;2019;2022;3;0.12;0.08;-33.33;21.69;-40.0;✅ Boa gestão — ficou abaixo do IPCA
OLANZAPINA 5MG CPR;2016;2019;3;0.37;0.25;-32.43;11.41;-40.0;✅ Boa gestão — ficou abaixo do IPCA
CABO FLEXIVEL 2,5 (AZUL);2015;2017;3;0.8;0.53;-33.75;9.43;-40.0;✅ Boa gestão — ficou abaixo do IPCA
DICLOFENACO SÓDICO 50MG CPR, EM BLISTER.;2019;2024;5;0.06;0.05;-18.81;33.47;-40.0;✅ Boa gestão — ficou abaixo do IPCA
FINASTERIDA 5 MG CPR, EM BLISTER.;2019;2024;5;0.3;0.23;-23.37;33.47;-40.0;✅ Boa gestão — ficou abaixo do IPCA
CLORIDRATO DE CICLOBENZAPRINA 10MG CPR;2016;2020;4;0.16;0.11;-33.23;16.45;-40.0;✅ Boa gestão — ficou abaixo do IPCA
CABO FLEXIVEL 2,5 (PRETO);2015;2017;3;0.8;0.53;-33.75;9.43;-40.0;✅ Boa gestão — ficou abaixo do IPCA
SELO DE SEGURANÇA COM ANTI VACUO STERMAX;2022;2025;4;36.6;25.1;-31.42;14.35;-40.04;✅ Boa gestão — ficou abaixo do IPCA
MARCAÇÃO DE QUADRA DE VÔLEI DE PRAIA/AREIA;2022;2024;3;85.0;55.89;-34.25;9.68;-40.05;✅ Boa gestão — ficou abaixo do IPCA
BOBINA SOLENOIDE THERMOVAL 24V 8W  PROFI SCHUSTER/GNATUS/SAEVO;2022;2025;4;211.71;145.0;-31.51;14.35;-40.11;✅ Boa gestão — ficou abaixo do IPCA
TRAVOPROSTA 0,04% SOL OFT 2,5ML;2016;2019;3;17.99;11.99;-33.35;11.41;-40.22;✅ Boa gestão — ficou abaixo do IPCA
COMPASSO WILLIS-JON;2019;2025;6;26.65;22.17;-16.81;39.16;-40.22;✅ Boa gestão — ficou abaixo do IPCA
FRESA DE TUNGSTÊNIO CORTE CRUZADO REGULAR;2021;2025;4;39.73;28.73;-27.69;20.97;-40.25;✅ Boa gestão — ficou abaixo do IPCA
GM SPIN 1.8L AT PREMIER FLEX 2020 - 2022;2021;2025;5;27.0;19.5;-27.78;20.97;-40.31;✅ Boa gestão — ficou abaixo do IPCA
BROCA DE BAIXA ROTAÇÃO CARBIDE N° 8.;2018;2025;4;7.2;6.23;-13.47;45.15;-40.38;✅ Boa gestão — ficou abaixo do IPCA
PLACA DE REDE PCI GIGABIT;2017;2020;3;54.0;36.4;-32.59;13.1;-40.41;✅ Boa gestão — ficou abaixo do IPCA
DESINFETANTE HOSPITALAR DE NÍVEL INTERMEDIÁRIO;2021;2024;3;199.0;137.57;-30.87;16.03;-40.42;✅ Boa gestão — ficou abaixo do IPCA
SUPORTE PARA 2 PILHAS AA COM FIO;2019;2023;5;5.15;3.9;-24.27;27.32;-40.46;✅ Boa gestão — ficou abaixo do IPCA
CABO FLEXÍVEL 1,5MM FORMADO POR FIO DE COBRE.;2015;2017;3;0.54;0.35;-35.19;9.43;-40.74;✅ Boa gestão — ficou abaixo do IPCA
PIPOCA DOCE;2018;2023;3;1.78;1.4;-21.35;32.8;-40.76;✅ Boa gestão — ficou abaixo do IPCA
"FILTRO DO PÓ AR COND;";2015;2018;4;19.0;12.77;-32.79;13.53;-40.79;✅ Boa gestão — ficou abaixo do IPCA
PLACA BASICA CONSULTORIO  GNATUS G1;2022;2025;4;761.73;515.6;-32.31;14.35;-40.81;✅ Boa gestão — ficou abaixo do IPCA
CAIXA DE ARQUIVO MORTO POLIONDA;2015;2023;8;4.09;3.65;-10.76;50.77;-40.83;✅ Boa gestão — ficou abaixo do IPCA
PASTA SUSPENSA;2015;2020;5;64.06;46.9;-26.79;23.77;-40.86;✅ Boa gestão — ficou abaixo do IPCA
FIO ABSORVÍVEL DE CATGUT SIMPLES AMARELO Nº. 4-0;2017;2020;3;103.2;68.99;-33.15;13.1;-40.9;✅ Boa gestão — ficou abaixo do IPCA
MINI BAND NÍVEL FORTE;2022;2024;3;14.8;9.59;-35.2;9.68;-40.9;✅ Boa gestão — ficou abaixo do IPCA
PONTA IRRIGADORA;2015;2019;4;21.48;15.0;-30.17;18.42;-41.01;✅ Boa gestão — ficou abaixo do IPCA
M. BENZ 416 CDI SPRINTER FURGÃO 2021;2021;2025;5;23.27;16.6;-28.67;20.97;-41.05;✅ Boa gestão — ficou abaixo do IPCA
FIO ABSORVÍVEL DE CATGUT SIMPLES AMARELO Nº. 2-0;2017;2020;3;102.0;67.99;-33.34;13.1;-41.07;✅ Boa gestão — ficou abaixo do IPCA
PNEU 215/65/R16;2015;2024;3;478.0;445.0;-6.9;58.06;-41.1;✅ Boa gestão — ficou abaixo do IPCA
FILTRO REG + FILRO COALESC. + FILTRO CARVÃO ATIVADO 1/2;2022;2025;4;505.07;340.0;-32.68;14.35;-41.13;✅ Boa gestão — ficou abaixo do IPCA
PLACAS DE TATAME 1X1 DE 40MM CORES DIVERSAS;2019;2024;3;113.9;89.5;-21.42;33.47;-41.13;✅ Boa gestão — ficou abaixo do IPCA
RACK DE 19 7U X 450 MM PAREDE;2018;2021;4;680.0;480.0;-29.41;19.99;-41.17;✅ Boa gestão — ficou abaixo do IPCA
PANTOPRAZOL 20MG CPR;2016;2019;3;0.18;0.12;-33.89;11.41;-41.18;✅ Boa gestão — ficou abaixo do IPCA
PROTETOR 17,5X25;2016;2025;6;165.0;150.0;-9.09;55.04;-41.37;✅ Boa gestão — ficou abaixo do IPCA
DESINCRUSTANTE CONCENTRADO 5LT;2021;2024;3;136.5;92.75;-32.05;16.03;-41.44;✅ Boa gestão — ficou abaixo do IPCA
ATADURAS DE CREPOM 8CM;2019;2024;4;0.48;0.38;-20.83;33.47;-41.46;✅ Boa gestão — ficou abaixo do IPCA
FRESA DE TUNGSTÊNIO CORTE CRUZADO GROSSO;2021;2025;4;39.73;28.12;-29.22;20.97;-41.52;✅ Boa gestão — ficou abaixo do IPCA
PNEU 185/65/R14;2015;2024;3;290.0;268.0;-7.59;58.06;-41.53;✅ Boa gestão — ficou abaixo do IPCA
CABO FLEXIVEL 1,5 (PRETO);2015;2017;3;0.65;0.42;-35.38;9.43;-41.54;✅ Boa gestão — ficou abaixo do IPCA
REFIL PARA VASSOURA TIPO MOP ÚMIDO;2018;2021;3;14.99;10.5;-29.95;19.99;-41.59;✅ Boa gestão — ficou abaixo do IPCA
CLOBAZAN 20MG CPR;2016;2019;3;0.89;0.58;-34.72;11.41;-41.67;✅ Boa gestão — ficou abaixo do IPCA
TRANSDUTOR PARA DETECTOR FETAL DF-4000, MEDPEJ;2018;2023;6;275.0;212.8;-22.62;32.8;-41.73;✅ Boa gestão — ficou abaixo do IPCA
PROTECAO;2015;2019;5;56.44;38.86;-31.15;18.42;-41.85;✅ Boa gestão — ficou abaixo do IPCA
REFIL ENDOMETRIC, REFIL DE TAMBOREL PARA APOIO DE LIMAS ENDO;2020;2024;4;12.62;9.37;-25.75;27.7;-41.86;✅ Boa gestão — ficou abaixo do IPCA
LIMAS ROTATÓRIAS 16.02 25MM;2020;2025;5;103.0;79.69;-22.63;33.14;-41.89;✅ Boa gestão — ficou abaixo do IPCA
FRESA DE TUNGSTÊNIO CORTE CRUZADO FINO;2021;2025;4;39.73;27.88;-29.83;20.97;-42.0;✅ Boa gestão — ficou abaixo do IPCA
IMPRESSORA 3D;2019;2024;3;3244.0;2510.0;-22.63;33.47;-42.03;✅ Boa gestão — ficou abaixo do IPCA
LEVOFLOXACINO 500MG CPR;2016;2020;4;0.73;0.5;-31.64;16.45;-42.03;✅ Boa gestão — ficou abaixo do IPCA
ELÁSTICO INTRAORAL LÁTEX 5/16 - MÉDIO;2019;2024;5;14.9;11.52;-22.68;33.47;-42.05;✅ Boa gestão — ficou abaixo do IPCA
MANGUEIRA SUGADOR;2016;2023;4;15.82;13.0;-17.83;41.85;-42.07;✅ Boa gestão — ficou abaixo do IPCA
INDICADOR BIOLOGICO CLEAN TEST CAIXA /10 INDICA;2022;2025;4;57.4;38.0;-33.8;14.35;-42.1;✅ Boa gestão — ficou abaixo do IPCA
LIMAS ROTATÓRIAS 17.08 19MM;2020;2025;5;103.0;79.4;-22.91;33.14;-42.11;✅ Boa gestão — ficou abaixo do IPCA
ATADURA DE CREPOM 20CM;2019;2023;5;1.35;1.0;-25.93;27.32;-42.11;✅ Boa gestão — ficou abaixo do IPCA
ESCOVA DE POLIMENTO MSHS78W-1;2017;2019;3;19.0;11.9;-37.37;8.22;-42.11;✅ Boa gestão — ficou abaixo do IPCA
ESCAVADEIRA XCMG XE215BR;2021;2025;4;25.0;17.5;-30.0;20.97;-42.13;✅ Boa gestão — ficou abaixo do IPCA
BROCA DE BAIXA ROTAÇÃO CARBIDE N° 6;2015;2025;8;6.26;5.96;-4.79;64.79;-42.17;✅ Boa gestão — ficou abaixo do IPCA
MOLA AÉREA P/ PORTA;2015;2017;3;71.0;44.9;-36.76;9.43;-42.21;✅ Boa gestão — ficou abaixo do IPCA
PONTA DE ULTRASON Nº 1;2015;2018;3;107.35;70.41;-34.41;13.53;-42.23;✅ Boa gestão — ficou abaixo do IPCA
CABO PP 2 X 1,5MM PRETO;2015;2017;3;1.87;1.18;-36.63;9.43;-42.25;✅ Boa gestão — ficou abaixo do IPCA
CABO DE ECG 5 VIAS COMPATÍVEL COM MONITOR DIXTAL;2017;2023;7;565.72;450.0;-20.46;37.78;-42.27;✅ Boa gestão — ficou abaixo do IPCA
LUVA DE AÇO GALVANIZADO A FOGO 1.1/2, NBR 5598;2015;2020;5;8.89;6.35;-28.57;23.77;-42.29;✅ Boa gestão — ficou abaixo do IPCA
CINTA DUPLA PARA OMBRO;2015;2019;5;108.03;73.82;-31.67;18.42;-42.29;✅ Boa gestão — ficou abaixo do IPCA
ATORVASTATINA 20MG CPR;2016;2019;3;0.28;0.18;-34.64;11.41;-42.31;✅ Boa gestão — ficou abaixo do IPCA
APARELHO TELEFONICO SEM FIO.;2015;2023;6;138.0;120.0;-13.04;50.77;-42.33;✅ Boa gestão — ficou abaixo do IPCA
MACARRÃO;2015;2025;8;2.95;2.8;-5.08;64.79;-42.37;✅ Boa gestão — ficou abaixo do IPCA
BATERIA RECARREGÁVEL DESFIBRILADOR;2021;2023;3;1755.0;1119.0;-36.24;10.68;-42.39;✅ Boa gestão — ficou abaixo do IPCA
BATEDEIRA PLANETARIA;2016;2025;4;467.0;417.0;-10.71;55.04;-42.41;✅ Boa gestão — ficou abaixo do IPCA
FIO DE AÇO CRNI DURO ELÁSTICO REDONDO. 0,60MM 0,24;2019;2024;3;14.95;11.47;-23.28;33.47;-42.47;✅ Boa gestão — ficou abaixo do IPCA
CONFECÇÃO DE BANNERS TAM. 1,20X0,90, EM LONA COM ACABAMENTO.;2020;2024;4;60.0;44.08;-26.53;27.7;-42.47;✅ Boa gestão — ficou abaixo do IPCA
DISJUNTOR TERMOMAGNÉTICO TRIFÁSICO CERTIFICADO CONFORME NORM;2015;2017;3;58.1;36.57;-37.06;9.43;-42.48;✅ Boa gestão — ficou abaixo do IPCA
CABECA E TUBOS CANETA SUPREMA MICRODENT;2018;2025;4;133.0;111.0;-16.54;45.15;-42.5;✅ Boa gestão — ficou abaixo do IPCA
JOGO DE PINHÕES;2015;2019;5;168.98;115.05;-31.92;18.42;-42.51;✅ Boa gestão — ficou abaixo do IPCA
ALMOÇO;2016;2025;7;29.96;26.66;-11.01;55.04;-42.59;✅ Boa gestão — ficou abaixo do IPCA
PASTA DEFESA DE AUTUAÇÃO;2018;2021;3;1.3;0.9;-30.77;19.99;-42.61;✅ Boa gestão — ficou abaixo do IPCA
FIAT DOBLO (17 -20 ) ESSENCE 7L E 1.8 8V FLEX 2017 - 2020;2020;2022;3;70.5;47.01;-33.32;16.43;-42.74;✅ Boa gestão — ficou abaixo do IPCA
GM SPIN 1.8L MT LTZ 8V ECONO.FLEX (2015-2019);2020;2022;3;70.5;47.0;-33.33;16.43;-42.74;✅ Boa gestão — ficou abaixo do IPCA
IONÔMERO DE VIDRO R FOTOPOLIMERIZAVEL;2015;2020;4;113.0;80.0;-29.2;23.77;-42.8;✅ Boa gestão — ficou abaixo do IPCA
CURETA DE LUCAS Nº 85;2019;2025;7;8.91;7.09;-20.43;39.16;-42.82;✅ Boa gestão — ficou abaixo do IPCA
VASSOURA EXTENSÍVEL COM ENTRADA PARA ÁGUA;2021;2024;3;131.62;87.3;-33.67;16.03;-42.84;✅ Boa gestão — ficou abaixo do IPCA
OLANZAPINA 10MG CPR;2016;2019;3;0.6;0.38;-36.6;11.41;-42.86;✅ Boa gestão — ficou abaixo do IPCA
FLANELA PARA LIMPEZA;2015;2020;5;1.54;1.09;-29.22;23.77;-42.86;✅ Boa gestão — ficou abaixo do IPCA
DIAZEPAM 5MG CPR.;2019;2023;3;0.08;0.07;-15.19;27.32;-42.86;✅ Boa gestão — ficou abaixo do IPCA
METOCLOPRAMIDA, CLORIDRATO 10MG CPR, EM BLISTER.;2019;2024;5;0.08;0.06;-26.43;33.47;-42.86;✅ Boa gestão — ficou abaixo do IPCA
LORATADINA 10MG CPR, EM BLISTER.;2019;2024;5;0.09;0.06;-27.39;33.47;-42.86;✅ Boa gestão — ficou abaixo do IPCA
ESTETOSCÓPIO ADULTO DUO SONIC;2019;2024;4;52.5;40.0;-23.81;33.47;-42.91;✅ Boa gestão — ficou abaixo do IPCA
LIMA FLEX-FILE 1ª SÉRIE Nº 15 DE 21 MM;2019;2024;3;21.0;16.0;-23.81;33.47;-42.92;✅ Boa gestão — ficou abaixo do IPCA
MEIA MASCULINA;2016;2025;3;7.8;6.9;-11.54;55.04;-42.92;✅ Boa gestão — ficou abaixo do IPCA
ÁCIDO FÓLICO 0,2MG/ML, SOLUÇÃO ORAL, FRASCO 30ML.;2019;2024;5;3.7;2.81;-24.05;33.47;-42.95;✅ Boa gestão — ficou abaixo do IPCA
ABRAÇADEIRA DE CUPILHA 5 X 13;2022;2025;4;7.67;5.0;-34.81;14.35;-43.05;✅ Boa gestão — ficou abaixo do IPCA
CABO FLEXIVEL 1,5 (AZUL);2015;2017;3;0.65;0.41;-36.92;9.43;-43.08;✅ Boa gestão — ficou abaixo do IPCA
PANO MULTIUSO COM 300 MTS;2021;2024;3;134.8;89.0;-33.98;16.03;-43.1;✅ Boa gestão — ficou abaixo do IPCA
SACO PARA COLETA DE RESÍDUOS SÓLIDOS INFECTANTES100 LITROS;2015;2022;3;48.0;39.36;-18.0;44.11;-43.1;✅ Boa gestão — ficou abaixo do IPCA
MONITOR GRANDE;2020;2024;3;1650.0;1199.0;-27.33;27.7;-43.1;✅ Boa gestão — ficou abaixo do IPCA
MÁSCARA DE OXIGÊNIO COM BOLSA RESERVATÓRIO E DE NÃO REINALAÇ;2018;2022;3;8.4;6.07;-27.74;26.94;-43.11;✅ Boa gestão — ficou abaixo do IPCA
PNEU NOVO 265/70 R16;2017;2025;7;759.0;650.0;-14.36;50.59;-43.13;✅ Boa gestão — ficou abaixo do IPCA
CANETA ESFEROGRÁFICA NA COR PRETA;2015;2024;5;35.5;31.89;-10.17;58.06;-43.15;✅ Boa gestão — ficou abaixo do IPCA
CABO HDMI 10MT;2016;2022;5;69.0;53.0;-23.19;35.58;-43.35;✅ Boa gestão — ficou abaixo do IPCA
REPOLHO ROXO C/ ENTREGA NA CENTRAL DE MERENDA;2015;2018;3;2.49;1.6;-35.74;13.53;-43.37;✅ Boa gestão — ficou abaixo do IPCA
CAPACITOR 380V 35 MF;2015;2021;6;24.5;18.89;-22.91;36.22;-43.4;✅ Boa gestão — ficou abaixo do IPCA
CABECA C/ REFRIGERACAO C.A. DENTSCLER;2018;2025;6;121.5;99.8;-17.86;45.15;-43.41;✅ Boa gestão — ficou abaixo do IPCA
GLICLAZIDA 30 MG;2016;2019;3;0.24;0.15;-37.5;11.41;-43.48;✅ Boa gestão — ficou abaixo do IPCA
BROCA DE ALTA ROTAÇÃO CARBIDE ESFÉRICA N° ¼.;2015;2025;7;6.0;5.58;-7.0;64.79;-43.5;✅ Boa gestão — ficou abaixo do IPCA
VW SAVEIRO ROBUST CAB. SIMPLES 1.6 8V FLEX 2018-2019;2020;2022;3;70.5;46.34;-34.27;16.43;-43.55;✅ Boa gestão — ficou abaixo do IPCA
BUDESONIDA 32MCG AEROSSOL NASAL;2016;2020;4;12.1;7.95;-34.3;16.45;-43.59;✅ Boa gestão — ficou abaixo do IPCA
SELADORA TÉRMICA DIGITAL;2016;2025;6;1030.0;900.0;-12.62;55.04;-43.64;✅ Boa gestão — ficou abaixo do IPCA
TAPIOCA;2016;2018;3;9.7;5.83;-39.9;6.81;-43.7;✅ Boa gestão — ficou abaixo do IPCA
SABONETE EM BARRA DE 13 GRAMAS;2015;2023;3;0.48;0.4;-16.67;50.77;-43.75;✅ Boa gestão — ficou abaixo do IPCA
TINTA UNIVERSAL PARA MARCADORES DE QUADRO BRANCO;2019;2023;3;64.59;46.25;-28.39;27.32;-43.75;✅ Boa gestão — ficou abaixo do IPCA
SERINGA HIPODÉRMICA 5ML COM AGULHA LUER LOCK 25X7 22G;2020;2023;3;0.6;0.41;-31.67;21.81;-43.75;✅ Boa gestão — ficou abaixo do IPCA
CABO DE ALUMÍNIO PARA USO EM RODOS E VASSOURAS;2018;2021;3;20.0;13.5;-32.5;19.99;-43.76;✅ Boa gestão — ficou abaixo do IPCA
FIO ABSORVÍVEL DE CATGUT SIMPLES AMARELO Nº. 3-0;2017;2020;3;103.2;65.59;-36.44;13.1;-43.81;✅ Boa gestão — ficou abaixo do IPCA
CARBURADOR C1S-S3E;2015;2019;5;179.08;119.16;-33.46;18.42;-43.81;✅ Boa gestão — ficou abaixo do IPCA
REDE DE TRAVES DE FUTSAL;2021;2024;4;284.0;185.0;-34.86;16.03;-43.86;✅ Boa gestão — ficou abaixo do IPCA
VW VOYAGE 1.6L MB5 2018 - 2019;2020;2022;3;70.5;46.0;-34.75;16.43;-43.95;✅ Boa gestão — ficou abaixo do IPCA
ACICLOVIR 200MG;2016;2020;4;0.26;0.17;-36.6;16.45;-44.0;✅ Boa gestão — ficou abaixo do IPCA
ARMARIO PARA ORGANIZAÇÃO DE CHAVES;2020;2024;4;133.0;94.99;-28.58;27.7;-44.07;✅ Boa gestão — ficou abaixo do IPCA
BISCOITO SALGADO;2015;2023;6;2.7;2.27;-15.93;50.77;-44.07;✅ Boa gestão — ficou abaixo do IPCA
CEBOLA DE CABEÇA C/ ENTREGA NAS UNIDADES ESCOLARES;2015;2018;3;3.35;2.12;-36.72;13.53;-44.18;✅ Boa gestão — ficou abaixo do IPCA
ROSUVASTATINA 10MG CPR;2016;2020;4;0.46;0.3;-34.86;16.45;-44.19;✅ Boa gestão — ficou abaixo do IPCA
BANDEIRA OFICIAL DO BRASIL (0,90M X 1,28M);2020;2023;4;78.0;53.0;-32.05;21.81;-44.22;✅ Boa gestão — ficou abaixo do IPCA
TERBUTALINA 0,5MG/ML INJ;2016;2019;3;1.75;1.08;-38.08;11.41;-44.24;✅ Boa gestão — ficou abaixo do IPCA
RECEPTÁCULO PORCELANA E-40 REFORÇADO PARA ILUMINAÇÃO PÚBLICA;2015;2023;7;8.34;7.0;-16.07;50.77;-44.36;✅ Boa gestão — ficou abaixo do IPCA
CILINDRO C/ PISTÃO Æ 038 MM;2015;2019;4;341.25;224.75;-34.14;18.42;-44.38;✅ Boa gestão — ficou abaixo do IPCA
ESPATULA 7;2019;2025;6;9.36;7.23;-22.76;39.16;-44.43;✅ Boa gestão — ficou abaixo do IPCA
LEVOTIROXINA 25MCG CPR;2016;2020;4;0.09;0.07;-28.49;16.45;-44.44;✅ Boa gestão — ficou abaixo do IPCA
RISPERIDONA 1MG CPR, EM BLISTER.;2019;2024;5;0.11;0.08;-29.45;33.47;-44.44;✅ Boa gestão — ficou abaixo do IPCA
CURETA MACCALL 17-18 EM AÇO INOX;2018;2025;4;31.24;25.18;-19.4;45.15;-44.48;✅ Boa gestão — ficou abaixo do IPCA
ROLAMENTO ESF. ACO INOX CARGA RADIAL (C.A);2016;2025;3;74.16;63.8;-13.97;55.04;-44.5;✅ Boa gestão — ficou abaixo do IPCA
QUADRO BRANCO DIMENSÕES 90X60CM;2015;2017;3;47.3;28.73;-39.26;9.43;-44.5;✅ Boa gestão — ficou abaixo do IPCA
TRENA COM FITA EM FIBRA DE VIDRO COMPRIMENTO DE 50M,COM TRAV;2015;2018;4;79.3;49.94;-37.02;13.53;-44.52;✅ Boa gestão — ficou abaixo do IPCA
CÂMARA DE AR 20,5X25;2016;2025;6;465.0;400.0;-13.98;55.04;-44.52;✅ Boa gestão — ficou abaixo do IPCA
ROLDANA PARA PORTA DE CORRER - MODELO 1125;2021;2024;3;25.1;16.14;-35.69;16.03;-44.57;✅ Boa gestão — ficou abaixo do IPCA
ROLAMENTO CONTRA ANGULO DABI;2016;2021;5;74.16;52.63;-29.03;28.16;-44.62;✅ Boa gestão — ficou abaixo do IPCA
CUNHAS DE MADEIRA INTERDENTAL ANATÔMICAS, EM 4 TAMANHOS;2017;2021;3;8.71;6.0;-31.11;24.48;-44.72;✅ Boa gestão — ficou abaixo do IPCA
ABRAÇADEIRAS;2015;2021;5;0.38;0.28;-26.32;36.22;-44.74;✅ Boa gestão — ficou abaixo do IPCA
NORADRENALINA 1MG/ML INJ 4ML;2016;2019;3;3.25;2.0;-38.46;11.41;-44.77;✅ Boa gestão — ficou abaixo do IPCA
CEFTRIAXONA 1G INTRAMUSCULAR (IM) INJETÁVEL.;2021;2024;3;7.2;4.62;-35.88;16.03;-44.8;✅ Boa gestão — ficou abaixo do IPCA
LOCALIZADOR APICAL ELETRÔNICO;2015;2025;9;1650.0;1499.99;-9.09;64.79;-44.83;✅ Boa gestão — ficou abaixo do IPCA
AÇÚCAR MASCAVO;2015;2024;6;7.94;6.9;-13.1;58.06;-44.96;✅ Boa gestão — ficou abaixo do IPCA
PRANCHETA EUCATEX PRENDEDOR PLÁSTICO;2021;2024;3;8.0;5.1;-36.25;16.03;-44.97;✅ Boa gestão — ficou abaixo do IPCA
NORETISTERONA 0,35MG CPR;2016;2020;4;0.21;0.14;-33.97;16.45;-45.0;✅ Boa gestão — ficou abaixo do IPCA
OTOSCOPIO COM ILUMINAÇÃO HALÓGENA POR FIBRA ÓTICA;2017;2022;3;700.0;506.62;-27.63;31.69;-45.04;✅ Boa gestão — ficou abaixo do IPCA
REFIL ENDOMETRIC;2015;2025;4;13.16;11.92;-9.42;64.79;-45.06;✅ Boa gestão — ficou abaixo do IPCA
DIRETRIZ CURRICULAR DA EDUCAÇÃO INFANTIL.;2019;2022;3;41.5;27.72;-33.2;21.69;-45.09;✅ Boa gestão — ficou abaixo do IPCA
CONEXAO;2015;2019;5;58.14;37.68;-35.19;18.42;-45.27;✅ Boa gestão — ficou abaixo do IPCA
FENITOINA 100MG CPR, EM BLISTER.;2019;2023;4;0.12;0.09;-28.0;27.32;-45.45;✅ Boa gestão — ficou abaixo do IPCA
BASCULANTE ALUMINIO C/ VIDRO;2018;2021;3;234.0;153.0;-34.62;19.99;-45.5;✅ Boa gestão — ficou abaixo do IPCA
CABO FLEXÍVEL 6,0MM FORMADO POR FIO DE COBRE.;2015;2017;3;2.46;1.47;-40.24;9.43;-45.53;✅ Boa gestão — ficou abaixo do IPCA
HIDROXIDO DE ALUMÍNIO 61,5MG/ML SOL ORAL 150 ML;2016;2020;4;3.75;2.38;-36.53;16.45;-45.61;✅ Boa gestão — ficou abaixo do IPCA
PROTETOR 1400X24;2016;2025;8;89.0;75.0;-15.73;55.04;-45.65;✅ Boa gestão — ficou abaixo do IPCA
RAQUETE DE TÊNIS DE MESA;2021;2025;4;28.97;19.01;-34.38;20.97;-45.75;✅ Boa gestão — ficou abaixo do IPCA
PATCH PANEL 24 PORTAS;2020;2025;3;757.98;547.36;-27.79;33.14;-45.76;✅ Boa gestão — ficou abaixo do IPCA
ELÁSTICO INTRAORAL LÁTEX 1/4 - MÉDIO;2019;2025;6;14.9;11.24;-24.56;39.16;-45.79;✅ Boa gestão — ficou abaixo do IPCA
CARBONATO DE LÍTIO 300MG CPR, EM BLISTER.;2019;2024;5;0.28;0.2;-29.52;33.47;-45.83;✅ Boa gestão — ficou abaixo do IPCA
ALENDRONATO SÓDICO 70MG CPR;2016;2020;4;0.26;0.17;-34.51;16.45;-45.83;✅ Boa gestão — ficou abaixo do IPCA
TRENA COM FITA EM FIBRA DE VIDRO COMPRIMENTO DE 30M,COM TRAV;2015;2018;4;59.5;36.59;-38.5;13.53;-45.83;✅ Boa gestão — ficou abaixo do IPCA
METOPROLOL, SUCCINATO 100MG;2016;2019;4;1.3;0.78;-40.0;11.41;-45.9;✅ Boa gestão — ficou abaixo do IPCA
DISCO DIAMANTADO 4 SEGMENTADO SECO;2016;2019;3;16.9;10.19;-39.7;11.41;-45.91;✅ Boa gestão — ficou abaixo do IPCA
CIPROFIBRATO 100MG CPR;2016;2019;3;0.4;0.24;-39.39;11.41;-45.95;✅ Boa gestão — ficou abaixo do IPCA
BANDEIRA OFICIAL DE SANTA CATARINA (1,80M X 2,57M);2020;2024;5;216.0;149.0;-31.02;27.7;-45.98;✅ Boa gestão — ficou abaixo do IPCA
PNEU NOVO 205/55 R16;2017;2025;6;375.0;305.0;-18.67;50.59;-45.99;✅ Boa gestão — ficou abaixo do IPCA
CABO DE ALUMINIO PARA SUPORTE DE MOP ÚMIDO;2015;2021;5;22.3;16.4;-26.46;36.22;-46.01;✅ Boa gestão — ficou abaixo do IPCA
PONTA DE ULTRASON Nº 2;2015;2018;3;115.0;70.41;-38.77;13.53;-46.07;✅ Boa gestão — ficou abaixo do IPCA
FIO TELEFÔNICO FE100 (DROP);2015;2018;3;1.3;0.8;-38.46;13.53;-46.15;✅ Boa gestão — ficou abaixo do IPCA
MONTELUCASTE 10MG CPR;2016;2019;3;0.55;0.33;-40.0;11.41;-46.15;✅ Boa gestão — ficou abaixo do IPCA
PNEU NOVO 185/70 R14;2016;2025;8;332.0;277.0;-16.57;55.04;-46.19;✅ Boa gestão — ficou abaixo do IPCA
TAMBOREL ENDOMETRIC.;2015;2024;3;13.16;11.19;-14.97;58.06;-46.2;✅ Boa gestão — ficou abaixo do IPCA
PNEU NOVO 12,5/80-18 DIANTEIRO 12 LONAS;2016;2025;5;1680.0;1400.0;-16.67;55.04;-46.25;✅ Boa gestão — ficou abaixo do IPCA
CONTRA ÂNGULO ODONTOLÓGICO PARA ENDODONTIA;2015;2019;4;1350.0;859.0;-36.37;18.42;-46.27;✅ Boa gestão — ficou abaixo do IPCA
SAIDAS DE EMERGENCIA;2015;2023;7;80.0;64.75;-19.06;50.77;-46.31;✅ Boa gestão — ficou abaixo do IPCA
MASCARA RESPIRATÓRIA;2015;2017;3;2.33;1.37;-41.2;9.43;-46.35;✅ Boa gestão — ficou abaixo do IPCA
ANEL DE PROTECAO;2015;2019;5;27.69;17.58;-36.51;18.42;-46.37;✅ Boa gestão — ficou abaixo do IPCA
CABO FLAT CABLE 10 VIASX28 AWG (METRO) CADEIRA DABI/SAEVO/GNATUS;2022;2025;4;24.49;15.0;-38.75;14.35;-46.44;✅ Boa gestão — ficou abaixo do IPCA
VIDRO 4MM MINIBOREAL COLOCADO;2015;2017;3;69.99;41.0;-41.42;9.43;-46.46;✅ Boa gestão — ficou abaixo do IPCA
MOTOR VENTILADOR;2015;2019;4;295.0;187.0;-36.61;18.42;-46.47;✅ Boa gestão — ficou abaixo do IPCA
PNEU NOVO 23.1X26;2021;2024;3;6445.0;4000.0;-37.94;16.03;-46.51;✅ Boa gestão — ficou abaixo do IPCA
KIT DE PROTEÇÃO ESPORTIVO;2022;2024;3;75.0;43.99;-41.35;9.68;-46.52;✅ Boa gestão — ficou abaixo do IPCA
CANETA ESFEROGRÁFICA NA COR VERMELHA;2015;2024;6;35.5;30.0;-15.49;58.06;-46.54;✅ Boa gestão — ficou abaixo do IPCA
DOCE DE FRUTAS;2017;2021;5;11.0;7.3;-33.64;24.48;-46.67;✅ Boa gestão — ficou abaixo do IPCA
PASTA PROFILÁTICA COM GRANULAÇÃO MÉDIA COM FLÚOR;2015;2025;8;4.97;4.37;-12.07;64.79;-46.68;✅ Boa gestão — ficou abaixo do IPCA
FLAMULA EM VELUDO EM FORMATO TRIANGULO;2022;2025;4;329.0;200.0;-39.21;14.35;-46.84;✅ Boa gestão — ficou abaixo do IPCA
LÂMPADA MACRO 1019 PARA LÂMPADA DE FENDA;2018;2023;6;312.0;220.0;-29.49;32.8;-46.9;✅ Boa gestão — ficou abaixo do IPCA
BOLA DE VOLEIBOL.;2019;2025;3;101.55;75.0;-26.14;39.16;-46.93;✅ Boa gestão — ficou abaixo do IPCA
CAMISETA ESPORTIVA;2021;2024;4;19.65;12.09;-38.47;16.03;-46.99;✅ Boa gestão — ficou abaixo do IPCA
CENTRO DISTRIB. FERRO P/ 24 DISJUNTORES C/ BARRAM.;2015;2021;6;180.0;129.94;-27.81;36.22;-47.01;✅ Boa gestão — ficou abaixo do IPCA
APARELHO NEBULIZADOR PORTATIL;2017;2024;3;114.98;88.0;-23.46;44.44;-47.01;✅ Boa gestão — ficou abaixo do IPCA
LEVODOPA + BENZERAZIDA 200MG+50MG CPR;2016;2019;3;1.42;0.84;-40.85;11.41;-47.01;✅ Boa gestão — ficou abaixo do IPCA
PAPEL TOALHA INTERFOLHADO NA COR BRANCA;2016;2021;3;10.8;7.33;-32.13;28.16;-47.05;✅ Boa gestão — ficou abaixo do IPCA
"CANO COBRE 5/8;";2016;2021;5;25.0;16.94;-32.24;28.16;-47.11;✅ Boa gestão — ficou abaixo do IPCA
REGISTRO LONGO DE AGUA COMPLETO OLSEN;2016;2025;8;88.99;72.8;-18.19;55.04;-47.23;✅ Boa gestão — ficou abaixo do IPCA
ELETRODO PARA TENS/FES QUADRADRO 5X5CM;2021;2024;3;26.9;16.44;-38.88;16.03;-47.34;✅ Boa gestão — ficou abaixo do IPCA
LÂMPADA 2,5V- REF. 01200 P/ OFTALMOSCÓPIO DA WELCH ALLYN;2019;2023;5;462.5;310.0;-32.97;27.32;-47.36;✅ Boa gestão — ficou abaixo do IPCA
FENITOÍNA 100 MG;2016;2020;4;0.2;0.12;-39.85;16.45;-47.37;✅ Boa gestão — ficou abaixo do IPCA
GLIMEPIRIDA 4MG CPR;2016;2019;3;0.2;0.12;-41.87;11.41;-47.37;✅ Boa gestão — ficou abaixo do IPCA
CEBOLA DE CABEÇA C/ ENTREGA NA CENTRAL DE MERENDA;2015;2018;3;3.1;1.85;-40.32;13.53;-47.42;✅ Boa gestão — ficou abaixo do IPCA
PNEU NOVO 185/65 R14;2021;2025;4;425.0;270.0;-36.47;20.97;-47.49;✅ Boa gestão — ficou abaixo do IPCA
LANSOPRAZOL 30MG CPR;2016;2019;3;0.42;0.25;-41.1;11.41;-47.5;✅ Boa gestão — ficou abaixo do IPCA
TAMPA DO CABEÇOTE PARA NEBULIZADOR OLIDEF / INALAMED;2020;2023;4;234.75;150.0;-36.1;21.81;-47.55;✅ Boa gestão — ficou abaixo do IPCA
CONE 75CM PRETO/AMARELO;2015;2019;3;38.33;23.8;-37.91;18.42;-47.56;✅ Boa gestão — ficou abaixo do IPCA
SELADORA TERMICA DIGITAL, DE MESA;2017;2021;3;950.0;620.0;-34.74;24.48;-47.57;✅ Boa gestão — ficou abaixo do IPCA
PANTOPRAZOL 40MG CPR;2016;2020;4;0.22;0.14;-36.36;16.45;-47.62;✅ Boa gestão — ficou abaixo do IPCA
REANIMADOR MANUAL NEONATAL;2019;2023;5;168.99;112.5;-33.43;27.32;-47.71;✅ Boa gestão — ficou abaixo do IPCA
ESPELHO DE MÃO COM CABO;2018;2025;7;21.0;15.94;-24.1;45.15;-47.73;✅ Boa gestão — ficou abaixo do IPCA
PRANCHA DE EUCALIPTO BRUTA;2015;2017;3;1400.0;800.0;-42.86;9.43;-47.78;✅ Boa gestão — ficou abaixo do IPCA
FILTRO DO SUGADOR OLSEN;2016;2025;8;59.32;48.0;-19.08;55.04;-47.81;✅ Boa gestão — ficou abaixo do IPCA
TOMATE C/ ENTREGA NA CENTRAL DE MERENDA;2015;2018;3;3.89;2.3;-40.87;13.53;-47.81;✅ Boa gestão — ficou abaixo do IPCA
NOTEBOOK BÁSICO;2022;2025;3;5190.0;3095.0;-40.37;14.35;-47.85;✅ Boa gestão — ficou abaixo do IPCA
ROLAMENTO ESF. AÇO INOX CARGA RADIAL (A.R);2016;2025;5;79.1;63.9;-19.22;55.04;-47.89;✅ Boa gestão — ficou abaixo do IPCA
LUMINARIA DE EMERGENCIA COM SISTEMA DE RECARGA EMBUTIDO;2018;2021;3;32.5;20.3;-37.54;19.99;-47.95;✅ Boa gestão — ficou abaixo do IPCA
BLOCO ILUMINAÇÃO AUTONOMO EMERGENCIA LED 2 FAROIS 2000 LUMEN;2016;2018;3;319.2;177.0;-44.55;6.81;-48.09;✅ Boa gestão — ficou abaixo do IPCA
DOXAZOSINA 4MG CPR;2016;2019;3;0.31;0.18;-42.58;11.41;-48.28;✅ Boa gestão — ficou abaixo do IPCA
ÓLEO DE GIRASSOL.;2015;2018;3;5.03;2.95;-41.35;13.53;-48.31;✅ Boa gestão — ficou abaixo do IPCA
MAÇO DE FÓSFORO;2020;2024;4;2.59;1.7;-34.36;27.7;-48.33;✅ Boa gestão — ficou abaixo do IPCA
BORRACHA SILICONE 280G - BRANCO;2015;2017;3;12.0;6.79;-43.42;9.43;-48.33;✅ Boa gestão — ficou abaixo do IPCA
GM S-10 LTZ FD4A 2020;2021;2025;5;34.44;21.5;-37.57;20.97;-48.38;✅ Boa gestão — ficou abaixo do IPCA
PARAFUSO DE FECHAMENTO;2015;2019;5;12.79;7.82;-38.86;18.42;-48.4;✅ Boa gestão — ficou abaixo do IPCA
CABO PP;2017;2021;4;7.42;4.76;-35.85;24.48;-48.45;✅ Boa gestão — ficou abaixo do IPCA
MEMANTINA 10MG CPR;2016;2020;4;0.37;0.22;-40.38;16.45;-48.57;✅ Boa gestão — ficou abaixo do IPCA
RESINA FOTOPOLIMERIZAVEL COR A3. ESMALTE;2015;2018;3;34.28;20.0;-41.66;13.53;-48.6;✅ Boa gestão — ficou abaixo do IPCA
RESINA FOTOPOLIMERIZAVEL COR A2 ESMALTE;2015;2018;3;34.28;20.0;-41.66;13.53;-48.6;✅ Boa gestão — ficou abaixo do IPCA
RESINA FOTOPOLIMERIZAVEL COR A3,5 ESMALTE;2015;2018;3;34.28;20.0;-41.66;13.53;-48.6;✅ Boa gestão — ficou abaixo do IPCA
CABO VGA MONITOR/PROJETOR 20MT;2016;2020;4;112.0;67.0;-40.18;16.45;-48.63;✅ Boa gestão — ficou abaixo do IPCA
LIMAS ROTATÓRIAS SRF-SEQUENCE - 25MM;2020;2024;4;140.0;91.6;-34.57;27.7;-48.77;✅ Boa gestão — ficou abaixo do IPCA
AMIODARONA 200MG CPR, EM BLISTER.;2019;2024;5;0.49;0.33;-32.4;33.47;-48.78;✅ Boa gestão — ficou abaixo do IPCA
PNEU NOVO 175/70 R14;2016;2025;8;334.0;265.0;-20.66;55.04;-48.82;✅ Boa gestão — ficou abaixo do IPCA
ÁGUA OXIGENADA A 10%;2015;2019;3;6.35;3.85;-39.37;18.42;-48.82;✅ Boa gestão — ficou abaixo do IPCA
ROLAMENTO DE ESFERAS 6001-Z;2015;2019;5;34.99;21.18;-39.47;18.42;-48.87;✅ Boa gestão — ficou abaixo do IPCA
RESISTENCIA TUBULAR RETA 220V VT CLASS;2022;2025;4;165.21;96.6;-41.53;14.35;-48.87;✅ Boa gestão — ficou abaixo do IPCA
ESPONJA DE FIBRA SINTÉTICA  100MMX75MMX42MM;2021;2024;3;1.22;0.73;-40.16;16.03;-48.89;✅ Boa gestão — ficou abaixo do IPCA
ALICATE;2016;2020;3;216.66;128.8;-40.55;16.45;-48.95;✅ Boa gestão — ficou abaixo do IPCA
CORDA DE PULAR;2022;2024;3;25.9;14.49;-44.05;9.68;-48.97;✅ Boa gestão — ficou abaixo do IPCA
APARELHO TELEFÔNICO COM FIO;2015;2024;7;31.0;25.0;-19.35;58.06;-48.97;✅ Boa gestão — ficou abaixo do IPCA
SENSOR TEMP VITALE VF;2022;2025;4;128.6;75.0;-41.68;14.35;-49.0;✅ Boa gestão — ficou abaixo do IPCA
ALTO FALANTE 8 OHMS - 5W;2019;2023;5;18.5;12.0;-35.14;27.32;-49.04;✅ Boa gestão — ficou abaixo do IPCA
FIAT PULSE AUDACE TF200 2023;2023;2025;3;36.83;20.5;-44.34;9.3;-49.07;✅ Boa gestão — ficou abaixo do IPCA
TABUA DE ANGELIM BENEFICIADA;2015;2017;3;4400.0;2450.0;-44.32;9.43;-49.12;✅ Boa gestão — ficou abaixo do IPCA
ARRUELA DE PRESSÃO 15X60X3;2015;2019;5;21.67;13.04;-39.82;18.42;-49.19;✅ Boa gestão — ficou abaixo do IPCA
ELÁSTICO INTRAORAL LÁTEX 3/16 - MÉDIO;2019;2025;6;14.9;10.52;-29.4;39.16;-49.28;✅ Boa gestão — ficou abaixo do IPCA
TURBINA ARO MS-350/MSL-350-PB;2016;2025;6;284.76;223.9;-21.37;55.04;-49.29;✅ Boa gestão — ficou abaixo do IPCA
ADRENALINA 1/1000 SOL. INJ. 1 ML (EPINEFRINA);2016;2019;3;3.13;1.77;-43.45;11.41;-49.32;✅ Boa gestão — ficou abaixo do IPCA
PNEU NOVO 225/50 R17;2021;2025;4;637.0;390.0;-38.78;20.97;-49.39;✅ Boa gestão — ficou abaixo do IPCA
CABO HDMI 5MT;2019;2022;3;48.0;29.54;-38.46;21.69;-49.42;✅ Boa gestão — ficou abaixo do IPCA
CAPACITOR 380V 40 MF;2015;2021;6;27.52;18.89;-31.35;36.22;-49.59;✅ Boa gestão — ficou abaixo do IPCA
PREGABALINA 150MG;2016;2019;3;1.35;0.76;-43.7;11.41;-49.61;✅ Boa gestão — ficou abaixo do IPCA
PNEU NOVO 20,5X25 RADIAL L3 20 LONAS;2019;2025;3;6788.0;4757.0;-29.92;39.16;-49.64;✅ Boa gestão — ficou abaixo do IPCA
"CANO ESPONJOSO ¾;";2016;2021;3;3.0;1.94;-35.33;28.16;-49.65;✅ Boa gestão — ficou abaixo do IPCA
MÁSCARA DE OXIGÊNIO COM RESERVATÓRIO E DE NÃO REINALAÇÃO INF;2015;2022;3;8.7;6.3;-27.59;44.11;-49.77;✅ Boa gestão — ficou abaixo do IPCA
BISCOITO MAISENA  DE CHOCOLATE - SEM LEITE;2020;2024;5;14.5;9.3;-35.86;27.7;-49.83;✅ Boa gestão — ficou abaixo do IPCA
ESPÁTULA LECRON;2015;2025;7;7.96;6.57;-17.46;64.79;-49.87;✅ Boa gestão — ficou abaixo do IPCA
TERMÔMETRO CLÍNICO DIGITAL DE TESTA SEM CONTATO;2019;2021;3;163.0;93.9;-42.39;15.03;-49.92;✅ Boa gestão — ficou abaixo do IPCA
CLOMIPRAMINA 10MG CPR;2016;2020;4;0.53;0.32;-40.57;16.45;-50.0;✅ Boa gestão — ficou abaixo do IPCA
ENALAPRIL, MALEATO 5MG CPR, EM BLISTER.;2019;2024;5;0.05;0.04;-21.04;33.47;-50.0;✅ Boa gestão — ficou abaixo do IPCA
SERINGA DESCARTÁVEL 20ML COM AGULHA LUERLOCK 25X7 22G;2020;2025;5;0.59;0.39;-33.9;33.14;-50.0;✅ Boa gestão — ficou abaixo do IPCA
GLIBENCLAMIDA 5 MG;2016;2020;5;0.02;0.02;6.59;16.45;-50.0;✅ Boa gestão — ficou abaixo do IPCA
CAPTOPRIL 25MG CPR, EM BLISTER.;2019;2024;5;0.02;0.02;-0.48;33.47;-50.0;✅ Boa gestão — ficou abaixo do IPCA
LOSARTANA 50MG CPR REVESTIDO, EM BLISTER.;2019;2024;5;0.05;0.03;-40.2;33.47;-50.0;✅ Boa gestão — ficou abaixo do IPCA
CARBONATO DE CALCIO + VIT D 500MG+400UI CPR (BLISTER DE NO M;2016;2019;3;0.19;0.11;-44.59;11.41;-50.0;✅ Boa gestão — ficou abaixo do IPCA
ATADURA DE CREPOM 8 CM;2019;2022;3;0.57;0.34;-40.35;21.69;-50.0;✅ Boa gestão — ficou abaixo do IPCA
DIPIRONA 500MG;2015;2018;3;0.12;0.07;-43.33;13.53;-50.0;✅ Boa gestão — ficou abaixo do IPCA
HIDROCLOROTIAZIDA 25MG;2015;2020;5;0.02;0.01;-22.58;23.77;-50.0;✅ Boa gestão — ficou abaixo do IPCA
ANLODIPINO, BESILATO 5MG;2016;2018;3;0.04;0.02;-49.38;6.81;-50.0;✅ Boa gestão — ficou abaixo do IPCA
TRAMADOL, CLORIDRATO 50MG/ML 1ML;2015;2018;4;0.9;0.51;-43.07;13.53;-50.0;✅ Boa gestão — ficou abaixo do IPCA
TONER HP LASERJET PRO MFP M 521 DN ORIGINAL;2019;2024;5;727.0;485.0;-33.29;33.47;-50.02;✅ Boa gestão — ficou abaixo do IPCA
DESMONTAGEM DE DIVISÓRIAS E PERFIS METÁLICOS;2021;2024;3;21.05;12.17;-42.19;16.03;-50.18;✅ Boa gestão — ficou abaixo do IPCA
FECHO QUADRA 21 BRANCO;2020;2025;5;98.09;65.0;-33.73;33.14;-50.23;✅ Boa gestão — ficou abaixo do IPCA
KIA BONGO UK2500 HD 2021 - 2022;2023;2025;3;31.0;16.85;-45.65;9.3;-50.27;✅ Boa gestão — ficou abaixo do IPCA
CURETA DENTINA (ESCAVADOR), Nº 05 PEQUENA;2015;2025;8;7.2;5.9;-18.06;64.79;-50.28;✅ Boa gestão — ficou abaixo do IPCA
LUVA NITRÍLICA AZUL;2019;2023;5;19.47;12.32;-36.72;27.32;-50.3;✅ Boa gestão — ficou abaixo do IPCA
VIDRO CANELADO 4 MM COLOCADO;2015;2017;3;74.99;40.75;-45.66;9.43;-50.34;✅ Boa gestão — ficou abaixo do IPCA
BALDE MULTIUSO 20L REFORÇADO;2021;2024;3;23.4;13.48;-42.39;16.03;-50.35;✅ Boa gestão — ficou abaixo do IPCA
ESTANTE 4 PRATELEIRAS - MED. APRO. 900X1786X450MM;2020;2023;3;910.0;550.0;-39.56;21.81;-50.38;✅ Boa gestão — ficou abaixo do IPCA
VASSOURA DE NYLON;2015;2023;6;14.61;10.9;-25.39;50.77;-50.51;✅ Boa gestão — ficou abaixo do IPCA
BANNER 90X120CM 4X0 CORES EM LONA FRONT LIGHT 440GR. COLOCAÇ;2019;2024;3;66.9;44.08;-34.11;33.47;-50.63;✅ Boa gestão — ficou abaixo do IPCA
ESTILETE RECARREGÁVEL;2015;2017;3;2.88;1.55;-46.18;9.43;-50.69;✅ Boa gestão — ficou abaixo do IPCA
TABUA DE CEDRO BENEFICIADA;2015;2017;3;4200.0;2260.0;-46.19;9.43;-50.83;✅ Boa gestão — ficou abaixo do IPCA
CLARITROMICINA 500MG COMPRIMIDO, EM BLISTER.;2019;2023;4;2.75;1.72;-37.27;27.32;-50.86;✅ Boa gestão — ficou abaixo do IPCA
METFORMINA 750MG CPR;2016;2019;3;0.59;0.32;-45.39;11.41;-50.91;✅ Boa gestão — ficou abaixo do IPCA
BROCA DE GATES GLIDDEN Nº1 DE 25 MM;2019;2025;6;7.3;4.98;-31.78;39.16;-50.97;✅ Boa gestão — ficou abaixo do IPCA
RÉGUA ESCRITÓRIO;2015;2020;5;0.86;0.52;-39.3;23.77;-50.97;✅ Boa gestão — ficou abaixo do IPCA
M. BENZ 515 CDI SPRINTER TCA AMB 2019 – 2021;2021;2025;4;28.0;16.6;-40.71;20.97;-51.01;✅ Boa gestão — ficou abaixo do IPCA
SACO PLÁSTICO DE LIXO DOMESTICO DE POLIETILENO,100 LITROS;2019;2024;4;39.5;25.77;-34.76;33.47;-51.12;✅ Boa gestão — ficou abaixo do IPCA
BUDESONIDA 50MCG AEROSSOL NASAL;2016;2018;3;18.0;9.39;-47.83;6.81;-51.15;✅ Boa gestão — ficou abaixo do IPCA
BROCA DE GATES GLIDDEN Nº3 DE 25 MM;2019;2025;6;7.5;5.1;-32.0;39.16;-51.18;✅ Boa gestão — ficou abaixo do IPCA
FIAT FIORINO ENDURANCE FURGÃO 2021;2023;2025;3;40.35;21.5;-46.72;9.3;-51.24;✅ Boa gestão — ficou abaixo do IPCA
SELANTE FOTOPOLIMERIZÁVEL;2015;2019;3;23.8;13.7;-42.44;18.42;-51.39;✅ Boa gestão — ficou abaixo do IPCA
ALENDRONATO DE SÓDIO 70MG;2015;2018;4;0.35;0.2;-43.55;13.53;-51.43;✅ Boa gestão — ficou abaixo do IPCA
METOPROLOL, SUCCINATO 25MG;2016;2020;5;0.37;0.22;-41.62;16.45;-51.43;✅ Boa gestão — ficou abaixo do IPCA
PROPATILNITRATO 10MG CPR;2016;2019;3;0.38;0.2;-46.79;11.41;-51.43;✅ Boa gestão — ficou abaixo do IPCA
LAMPADA DE EMERGENCIA 2X8;2015;2023;7;35.0;25.64;-26.75;50.77;-51.43;✅ Boa gestão — ficou abaixo do IPCA
BROCA ZEKRYA LONGA TAMANHO 28MM;2020;2025;5;14.45;9.35;-35.29;33.14;-51.43;✅ Boa gestão — ficou abaixo do IPCA
CELULA DE CARGA SLP-30 KG;2018;2020;3;340.0;180.0;-47.06;9.02;-51.44;✅ Boa gestão — ficou abaixo do IPCA
FIAT SCUDO CARGO TD 2023;2023;2025;3;30.62;16.25;-46.94;9.3;-51.46;✅ Boa gestão — ficou abaixo do IPCA
PNEU NOVO 195/55 R15;2021;2025;5;495.0;290.0;-41.41;20.97;-51.57;✅ Boa gestão — ficou abaixo do IPCA
TONER SAMSUNG  MLT-D204L/XAZ PTO 5K;2018;2023;6;420.0;270.0;-35.71;32.8;-51.59;✅ Boa gestão — ficou abaixo do IPCA
DESODORIZADOR DE AMBIENTES 360 ML.;2015;2021;5;9.1;5.99;-34.18;36.22;-51.65;✅ Boa gestão — ficou abaixo do IPCA
TONER HP LASERJET M1132 E M1212 MFP COMPATÍVEL;2019;2024;5;31.0;20.0;-35.48;33.47;-51.68;✅ Boa gestão — ficou abaixo do IPCA
FRESA DE TUNGSTÊNIO Nº 9361;2015;2020;5;87.0;52.0;-40.23;23.77;-51.71;✅ Boa gestão — ficou abaixo do IPCA
FRESA DE TUNGSTÊNIO Nº 9372;2015;2020;5;87.0;52.0;-40.23;23.77;-51.71;✅ Boa gestão — ficou abaixo do IPCA
BARREIRA GENGIVAL TIPO TOPDAM - FOTOPOLIMERIZÁVEL;2020;2025;5;10.0;6.43;-35.7;33.14;-51.73;✅ Boa gestão — ficou abaixo do IPCA
TESOURA DE PONTA ARREDONDADA;2015;2023;7;1.99;1.45;-27.14;50.77;-51.76;✅ Boa gestão — ficou abaixo do IPCA
COLCHONETE;2016;2025;4;49.5;37.0;-25.25;55.04;-51.79;✅ Boa gestão — ficou abaixo do IPCA
TINTA PARA CARIMBO;2015;2024;9;5.26;4.0;-23.91;58.06;-51.87;✅ Boa gestão — ficou abaixo do IPCA
LARINGE ELETRONICA;2015;2021;3;3400.0;2225.0;-34.56;36.22;-51.96;✅ Boa gestão — ficou abaixo do IPCA
PORCA DE SEG COM COLAR M12X 15;2015;2019;5;15.98;9.08;-43.18;18.42;-52.0;✅ Boa gestão — ficou abaixo do IPCA
SELANTE FOTOPOLIMERIZÁVEL, COM LIBERAÇÃO FLÚOR;2020;2025;5;14.48;9.25;-36.12;33.14;-52.05;✅ Boa gestão — ficou abaixo do IPCA
ALAVANCA SELDIN RETA;2020;2025;5;29.6;18.88;-36.22;33.14;-52.09;✅ Boa gestão — ficou abaixo do IPCA
IVECO TECTOR 17-280 (NACIONAL) 2020;2023;2025;3;30.71;16.08;-47.66;9.3;-52.11;✅ Boa gestão — ficou abaixo do IPCA
ETIQUETA IDENTIFICAÇÃO PONTO REDE;2018;2021;4;0.5;0.29;-42.0;19.99;-52.27;✅ Boa gestão — ficou abaixo do IPCA
CAPACITOR 380V 25 MF;2015;2021;6;21.87;14.17;-35.21;36.22;-52.45;✅ Boa gestão — ficou abaixo do IPCA
ESCOVA DE NYLON C/ CABO EM L;2015;2018;3;9.55;5.15;-46.07;13.53;-52.46;✅ Boa gestão — ficou abaixo do IPCA
FITA ADESIVA BRANCA;2015;2023;4;5.01;3.59;-28.34;50.77;-52.5;✅ Boa gestão — ficou abaixo do IPCA
RISPERIDONA 1MG;2015;2018;3;0.2;0.11;-46.29;13.53;-52.5;✅ Boa gestão — ficou abaixo do IPCA
FIAT LINEA ESSENCE 1.8 2012 - CIRETRAN;2022;2024;3;48.0;25.0;-47.92;9.68;-52.51;✅ Boa gestão — ficou abaixo do IPCA
COLA BASTÃO 40 GR;2015;2017;3;2.57;1.33;-48.25;9.43;-52.53;✅ Boa gestão — ficou abaixo do IPCA
INDICADOR BIOLÓGICO;2018;2023;5;31.69;19.98;-36.95;32.8;-52.53;✅ Boa gestão — ficou abaixo do IPCA
ELÁSTICO INTRAORAL LÁTEX 1/8 - MÉDIO;2019;2025;6;14.9;9.84;-33.96;39.16;-52.54;✅ Boa gestão — ficou abaixo do IPCA
PLUGUE PORCELANA MONO. 30A;2015;2021;6;10.5;6.78;-35.43;36.22;-52.57;✅ Boa gestão — ficou abaixo do IPCA
APAGADOR PARA QUADRO BRANCO;2015;2017;3;3.55;1.84;-48.21;9.43;-52.71;✅ Boa gestão — ficou abaixo do IPCA
BOLA DE FUTSAL INFANTIL PARA TREINAMENTO;2021;2024;4;98.5;53.97;-45.21;16.03;-52.77;✅ Boa gestão — ficou abaixo do IPCA
TRATOR DE ESTEIRA JOHN DEERE 750J;2021;2025;5;25.0;14.25;-43.0;20.97;-52.86;✅ Boa gestão — ficou abaixo do IPCA
PORTA-MATRIZ, TIPO TOFLEMIRE ADULTO, EM AÇO INOX;2019;2025;6;27.8;18.21;-34.5;39.16;-52.94;✅ Boa gestão — ficou abaixo do IPCA
CARTUCHO HP C657D 19ML COLOR;2018;2021;4;254.8;143.88;-43.53;19.99;-52.94;✅ Boa gestão — ficou abaixo do IPCA
PORTA-MATRIZ, TIPO TOFLEMIRE INFANTIL, EM AÇO INOX;2019;2025;6;27.8;18.21;-34.5;39.16;-52.94;✅ Boa gestão — ficou abaixo do IPCA
SWITCH 24 PORTAS POE;2020;2024;3;2995.0;1800.0;-39.9;27.7;-52.94;✅ Boa gestão — ficou abaixo do IPCA
EDTA GEL 24%. EMBALAGEM COM 2 SERINGAS COM 3G DE GEL CADA.;2018;2025;7;22.12;15.09;-31.78;45.15;-52.98;✅ Boa gestão — ficou abaixo do IPCA
TONER  CF 410 PRETO (COMPATÍVEL);2020;2024;4;60.0;35.99;-40.02;27.7;-53.03;✅ Boa gestão — ficou abaixo do IPCA
ESPÁTULA PARA RESINA COM CALCADOR N° 3;2020;2025;5;51.43;32.15;-37.49;33.14;-53.04;✅ Boa gestão — ficou abaixo do IPCA
FIAT PALIO FASE II 4P FIRE 1.0MPI FIRE FLEX 8V 2015;2020;2023;4;70.5;40.34;-42.79;21.81;-53.04;✅ Boa gestão — ficou abaixo do IPCA
INSULINA GLARGINA 100UI/ML (LANTUS) 10ML;2016;2019;3;307.0;160.59;-47.69;11.41;-53.05;✅ Boa gestão — ficou abaixo do IPCA
SUPORTE DE TV.;2016;2020;3;130.0;71.0;-45.38;16.45;-53.1;✅ Boa gestão — ficou abaixo do IPCA
GAIOLA DE AGULHAS 10X14X13;2015;2019;5;29.81;16.53;-44.55;18.42;-53.17;✅ Boa gestão — ficou abaixo do IPCA
FIAT DOBLO (09 - 10) HLX 1.8 8V FLEX 2010;2020;2023;4;70.5;40.2;-42.98;21.81;-53.2;✅ Boa gestão — ficou abaixo do IPCA
LIMPEZA DE AR SPLIT 9/24.000 BTUS SEM RETIRADA DO APARELHO;2018;2022;5;142.5;84.62;-40.62;26.94;-53.22;✅ Boa gestão — ficou abaixo do IPCA
METILFENIDATO, CLORIDRATO 10MG CPR;2016;2019;3;0.91;0.47;-47.96;11.41;-53.49;✅ Boa gestão — ficou abaixo do IPCA
BROCA ZEKRYA TAMANHO 23MM;2018;2021;4;19.33;10.78;-44.23;19.99;-53.55;✅ Boa gestão — ficou abaixo do IPCA
LIMA TIPO K 2ª SÉRIE (45-80 DE 31 MM).;2020;2025;5;14.56;8.99;-38.26;33.14;-53.57;✅ Boa gestão — ficou abaixo do IPCA
LIMA TIPO K #08 DE 25 MM.;2020;2025;5;14.56;8.99;-38.26;33.14;-53.57;✅ Boa gestão — ficou abaixo do IPCA
LIMA TIPO K  #08 DE 21 MM;2020;2025;5;14.56;8.99;-38.26;33.14;-53.57;✅ Boa gestão — ficou abaixo do IPCA
LIMA TIPO K 2ª SÉRIE (45-80 DE 21 MM).;2020;2025;5;14.56;8.99;-38.26;33.14;-53.57;✅ Boa gestão — ficou abaixo do IPCA
LIMA TIPO K #10 DE 31 MM;2020;2025;5;14.56;9.0;-38.19;33.14;-53.57;✅ Boa gestão — ficou abaixo do IPCA
LIMA TIPO K #10 DE 25 MM;2020;2025;5;14.55;8.99;-38.21;33.14;-53.57;✅ Boa gestão — ficou abaixo do IPCA
LIMA TIPO K #08 DE 31 MM.;2020;2025;5;14.55;8.99;-38.21;33.14;-53.57;✅ Boa gestão — ficou abaixo do IPCA
LIMA TIPO K 2ª SÉRIE (45-80 DE 25 MM).;2020;2025;5;14.56;8.99;-38.26;33.14;-53.57;✅ Boa gestão — ficou abaixo do IPCA
LIMA TIPO K #10 DE 21 MM.;2020;2025;5;14.56;8.99;-38.26;33.14;-53.57;✅ Boa gestão — ficou abaixo do IPCA
PLACA DE IDENTIFICAÇÃO INTERNA PARA OS AMBIENTES DA UBS;2015;2023;3;40.0;28.0;-30.0;50.77;-53.58;✅ Boa gestão — ficou abaixo do IPCA
ADOÇANTE À BASE DE STÉVIA;2018;2023;4;12.45;7.68;-38.31;32.8;-53.6;✅ Boa gestão — ficou abaixo do IPCA
CÉLULA DE CARGA PARA BALANÇA DIGITAL ATÉ 250KG;2016;2023;7;694.76;456.3;-34.32;41.85;-53.7;✅ Boa gestão — ficou abaixo do IPCA
CHEVROLET TRAILBLAZER (2017 A 2020) PREMIER 2.8 TURBO DIESEL;2020;2022;3;35.0;18.87;-46.09;16.43;-53.71;✅ Boa gestão — ficou abaixo do IPCA
FLUMAZENIL 0,1MG/ML INJETÁVEL 5ML;2015;2018;3;16.94;8.9;-47.46;13.53;-53.72;✅ Boa gestão — ficou abaixo do IPCA
BANDEIRA OFICIAL DO BRASIL (5,85M X 8,36M);2020;2022;3;2079.0;1118.0;-46.22;16.43;-53.81;✅ Boa gestão — ficou abaixo do IPCA
SUCO DE FRUTA LÍQUIDO;2016;2021;4;2.47;1.46;-40.89;28.16;-53.88;✅ Boa gestão — ficou abaixo do IPCA
MARGARINA FOLHADA;2018;2021;3;21.7;11.94;-44.98;19.99;-54.11;✅ Boa gestão — ficou abaixo do IPCA
KIT DE VANES (ALETAS SPLIT  07 A 60.000BTUS);2016;2020;4;72.67;38.77;-46.65;16.45;-54.19;✅ Boa gestão — ficou abaixo do IPCA
BEBIDA SABOR MORANGO;2018;2024;7;15.52;9.9;-36.21;39.22;-54.21;✅ Boa gestão — ficou abaixo do IPCA
PROCESSO SELETIVO;2019;2024;3;158567.14;96900.0;-38.89;33.47;-54.22;✅ Boa gestão — ficou abaixo do IPCA
LIMAS ROTATÓRIAS #50 02.25MM;2020;2025;5;140.0;85.0;-39.29;33.14;-54.4;✅ Boa gestão — ficou abaixo do IPCA
PNEU NOVO 175/65 R14;2021;2025;4;385.0;212.0;-44.94;20.97;-54.48;✅ Boa gestão — ficou abaixo do IPCA
TONER  CF 411  CIANO (COMPATÍVEL);2020;2024;4;62.0;35.99;-41.95;27.7;-54.54;✅ Boa gestão — ficou abaixo do IPCA
TONER HP Q2612A HP12A PRETO;2018;2023;6;530.0;320.0;-39.62;32.8;-54.54;✅ Boa gestão — ficou abaixo do IPCA
TONER  CF 412  YELLO   (COMPATÍVEL);2020;2024;4;62.0;35.99;-41.95;27.7;-54.54;✅ Boa gestão — ficou abaixo do IPCA
GÁS R22 (CARGA) ACIMA DE 18.000 BTUS ATÉ 60.000 BTUS;2016;2020;4;185.33;97.8;-47.23;16.45;-54.68;✅ Boa gestão — ficou abaixo do IPCA
CABO VGA MONITOR/PROJETOR 10MT;2016;2020;4;55.0;29.0;-47.27;16.45;-54.72;✅ Boa gestão — ficou abaixo do IPCA
FIAT DUCATO VAN MINIBUS 2.3 MULTIJET ECONOMY 16V 2014 – 2021;2023;2025;3;35.92;17.75;-50.59;9.3;-54.8;✅ Boa gestão — ficou abaixo do IPCA
SAPATO MASCULINO, FECHADO EM COURO;2023;2025;3;155.98;77.0;-50.63;9.3;-54.83;✅ Boa gestão — ficou abaixo do IPCA
TONER  CF 413  MAGENTA  (COMPATÍVEL);2020;2024;4;62.9;35.99;-42.78;27.7;-55.19;✅ Boa gestão — ficou abaixo do IPCA
ALAVANCA APICAL RETA;2019;2025;6;30.32;18.88;-37.73;39.16;-55.23;✅ Boa gestão — ficou abaixo do IPCA
SALBUTAMOL 0,4MG/ML;2015;2018;3;2.1;1.07;-48.93;13.53;-55.24;✅ Boa gestão — ficou abaixo do IPCA
PNEU NOVO 1400X24 BOR. 16 LONAS;2016;2025;6;3225.0;2236.5;-30.65;55.04;-55.27;✅ Boa gestão — ficou abaixo do IPCA
FILTRO DO PÓ AR COND.;2015;2020;5;14.48;8.0;-44.74;23.77;-55.32;✅ Boa gestão — ficou abaixo do IPCA
SINDESMOTOMO;2015;2025;5;8.45;6.21;-26.51;64.79;-55.38;✅ Boa gestão — ficou abaixo do IPCA
REABASTECEDOR DE PINCEL PARA QUADRO BRANCO;2015;2019;4;3.99;2.11;-47.12;18.42;-55.39;✅ Boa gestão — ficou abaixo do IPCA
PNEU NOVO 195/60 R15;2017;2025;7;365.0;245.0;-32.88;50.59;-55.43;✅ Boa gestão — ficou abaixo do IPCA
BROCA DE BAIXA ROTAÇÃO CARBIDE N° 4;2015;2021;5;6.26;3.8;-39.3;36.22;-55.43;✅ Boa gestão — ficou abaixo do IPCA
BROCA DE BAIXA ROTAÇÃO CARBIDE N° 8;2015;2021;5;6.26;3.8;-39.3;36.22;-55.43;✅ Boa gestão — ficou abaixo do IPCA
LUVA CIRURGICA LÁTEX, ESTERELIZADA, TAMANHO 7,0;2020;2023;3;1.7;0.92;-45.88;21.81;-55.47;✅ Boa gestão — ficou abaixo do IPCA
ALAVANCA APICAL CURVA DIREITA;2020;2025;5;30.88;18.29;-40.77;33.14;-55.51;✅ Boa gestão — ficou abaixo do IPCA
ALAVANCA APICAL CURVA ESQUERDA;2020;2025;5;30.88;18.29;-40.77;33.14;-55.51;✅ Boa gestão — ficou abaixo do IPCA
LAMPADA LED TUBOLAR T8 10W 6500K - BRANCA;2018;2021;3;15.0;8.0;-46.67;19.99;-55.56;✅ Boa gestão — ficou abaixo do IPCA
DOXAZOSINA 2 MG CPR, EM BLISTER.;2019;2024;5;0.1;0.07;-35.33;33.47;-55.56;✅ Boa gestão — ficou abaixo do IPCA
PAPEL TOALHA INTERFOLHADO;2015;2022;7;19.38;12.39;-36.07;44.11;-55.62;✅ Boa gestão — ficou abaixo do IPCA
FITA ADESIVA EM PAPEL CREPADO;2016;2023;7;8.21;5.16;-37.15;41.85;-55.7;✅ Boa gestão — ficou abaixo do IPCA
SACOS PARA BOLA;2021;2024;4;39.0;19.98;-48.77;16.03;-55.85;✅ Boa gestão — ficou abaixo do IPCA
PLACA ELETRÔN. AR CONSUL.;2015;2017;3;256.5;123.9;-51.7;9.43;-55.86;✅ Boa gestão — ficou abaixo do IPCA
CONTROLE REMOTO UNIV. AR SPLIT;2015;2022;7;74.44;47.34;-36.41;44.11;-55.87;✅ Boa gestão — ficou abaixo do IPCA
COUVE FOLHA;2015;2025;9;4.65;3.38;-27.34;64.79;-55.87;✅ Boa gestão — ficou abaixo do IPCA
ESPÁTULA DE INSERÇÃO DUPLA P/ RESINA N° 1;2020;2025;5;54.73;32.15;-41.26;33.14;-55.88;✅ Boa gestão — ficou abaixo do IPCA
MÁSCARA FACIAL DE OXIGÊNIO VENTURI/ADULTO, NÃO ESTÉRIL (KIT;2015;2022;6;11.91;7.56;-36.52;44.11;-55.92;✅ Boa gestão — ficou abaixo do IPCA
LOCAÇÃO DE IMÓVEL;2017;2019;3;5245.79;2500.0;-52.34;8.22;-55.96;✅ Boa gestão — ficou abaixo do IPCA
REANIMADOR MANUAL ADULTO;2019;2024;6;169.0;98.9;-41.48;33.47;-56.16;✅ Boa gestão — ficou abaixo do IPCA
CAPACITOR 380V 30 MF;2015;2021;6;23.75;14.17;-40.34;36.22;-56.21;✅ Boa gestão — ficou abaixo do IPCA
CAPACITOR 380V 20 MF;2015;2021;6;23.75;14.17;-40.34;36.22;-56.21;✅ Boa gestão — ficou abaixo do IPCA
BMW F850CC GS GASOLINA 2022;2022;2025;4;20.0;10.0;-50.0;14.35;-56.27;✅ Boa gestão — ficou abaixo do IPCA
HONDA XRE 300 FLEX 300CC FLEX 2022;2022;2025;4;20.0;10.0;-50.0;14.35;-56.27;✅ Boa gestão — ficou abaixo do IPCA
ACIDO VALPRÓICO 250 MG CAPS;2016;2020;4;0.24;0.13;-47.74;16.45;-56.52;✅ Boa gestão — ficou abaixo do IPCA
CABO FLEXÍVEL 10,0MM FORMADO POR FIO DE COBRE.;2015;2017;3;4.63;2.2;-52.48;9.43;-56.59;✅ Boa gestão — ficou abaixo do IPCA
RISPERIDONA 2MG;2015;2018;3;0.22;0.11;-49.78;13.53;-56.82;✅ Boa gestão — ficou abaixo do IPCA
LIMPA VIDROS;2016;2023;5;8.0;4.9;-38.75;41.85;-56.84;✅ Boa gestão — ficou abaixo do IPCA
CORRETIVO EM FITA DE 5MM X 5.5 MTS;2016;2019;3;4.93;2.37;-51.93;11.41;-56.9;✅ Boa gestão — ficou abaixo do IPCA
LUVA NITRILICA NÃO ESTÉRIL, TAMANHO M;2021;2024;3;76.0;38.0;-50.0;16.03;-56.91;✅ Boa gestão — ficou abaixo do IPCA
HONDA NXR 160 BROS	2017;2021;2025;5;25.0;13.0;-48.0;20.97;-57.0;✅ Boa gestão — ficou abaixo do IPCA
CANO COBRE ½;2015;2022;8;37.65;23.32;-38.05;44.11;-57.03;✅ Boa gestão — ficou abaixo do IPCA
PNEU NOVO 185 R14 8 LONAS;2016;2025;8;422.0;281.0;-33.41;55.04;-57.05;✅ Boa gestão — ficou abaixo do IPCA
ROLAMENTO DE ESFERAS 6001;2015;2019;5;37.46;19.0;-49.28;18.42;-57.18;✅ Boa gestão — ficou abaixo do IPCA
PNEU NOVO 195/75 R16;2016;2022;5;722.0;419.0;-41.97;35.58;-57.2;✅ Boa gestão — ficou abaixo do IPCA
FILTRO PARA NEBULIZADOR NEVONI;2019;2023;5;4.6;2.5;-45.65;27.32;-57.22;✅ Boa gestão — ficou abaixo do IPCA
BOLA DE HANDEBOL H1L;2021;2024;4;332.7;165.0;-50.41;16.03;-57.26;✅ Boa gestão — ficou abaixo do IPCA
GRAMPO PARA ISOLAMENTO Nº202;2019;2024;5;12.92;7.36;-43.03;33.47;-57.29;✅ Boa gestão — ficou abaixo do IPCA
PEN DRIVE DE 16 GB, USB 2.0;2015;2024;9;26.8;18.08;-32.54;58.06;-57.31;✅ Boa gestão — ficou abaixo do IPCA
CD-R REGRAVAVEL 24 X MIDIA PRATA 700 MB 80 MIM,SEM CAPA.;2016;2021;4;2.02;1.1;-45.54;28.16;-57.37;✅ Boa gestão — ficou abaixo do IPCA
BROCA ZEKRYA LONGA.TAMANHO 28MM;2015;2019;4;30.56;15.41;-49.57;18.42;-57.43;✅ Boa gestão — ficou abaixo do IPCA
REANIMADOR MANUAL INFANTIL;2018;2023;6;199.0;112.5;-43.47;32.8;-57.43;✅ Boa gestão — ficou abaixo do IPCA
CALCULADORA 12 DIGITOS;2021;2024;3;29.0;14.3;-50.69;16.03;-57.49;✅ Boa gestão — ficou abaixo do IPCA
PEUGEOT BOXER M350 LH  2.3 126CV TB DIESEL 2015;2023;2025;3;35.19;16.35;-53.53;9.3;-57.49;✅ Boa gestão — ficou abaixo do IPCA
PUXADOR PARA JANELA DE VIDRO - MODELO 1650;2021;2024;3;72.81;35.66;-51.02;16.03;-57.79;✅ Boa gestão — ficou abaixo do IPCA
LAPISEIRA CARGA 0,7MM;2015;2017;3;4.89;2.25;-53.99;9.43;-57.87;✅ Boa gestão — ficou abaixo do IPCA
LAPISEIRA CARGA 0,5MM;2015;2017;3;4.89;2.25;-53.99;9.43;-57.87;✅ Boa gestão — ficou abaixo do IPCA
PALHETA DO MICRO MOTOR DABI;2016;2021;3;13.35;7.2;-46.07;28.16;-57.88;✅ Boa gestão — ficou abaixo do IPCA
CABO FLEXÍVEL 2,5MM FORMADO POR FIO DE COBRE.;2015;2017;3;0.88;0.4;-54.55;9.43;-57.95;✅ Boa gestão — ficou abaixo do IPCA
LUVA NITRILICA NÃO ESTÉRIL, TAMANHO G;2021;2024;3;76.0;37.0;-51.32;16.03;-58.04;✅ Boa gestão — ficou abaixo do IPCA
CURVA ELETRODUTO PVC ANTI-CHAMA 1  X 180º PRETA;2015;2021;6;4.13;2.36;-42.86;36.22;-58.11;✅ Boa gestão — ficou abaixo do IPCA
PNEU NOVO 205/60 R15;2021;2025;4;585.0;295.0;-49.57;20.97;-58.31;✅ Boa gestão — ficou abaixo do IPCA
FIAT PALIO NOVO ESSENCE 1.6 16V FLEX 2013;2018;2021;3;20.0;10.0;-50.0;19.99;-58.34;✅ Boa gestão — ficou abaixo do IPCA
CHEVROLET BLAZER ADVANTAGE 2.4 FLEXPOWER 4X2 2010;2018;2021;3;20.0;10.0;-50.0;19.99;-58.34;✅ Boa gestão — ficou abaixo do IPCA
NISSAN FRONTIER XE CD 2.5 TURBO DIESEL 4X2 2009;2018;2021;3;20.0;10.0;-50.0;19.99;-58.34;✅ Boa gestão — ficou abaixo do IPCA
PEUGEOT BOXER (2006 A 2017) FURGÃO LONGO 350 LH 2.8 TURBO DI;2018;2021;3;20.0;10.0;-50.0;19.99;-58.34;✅ Boa gestão — ficou abaixo do IPCA
FIAT DOBLÔ (2010 A 2016) ELX 1.4 8V FLEX 2010;2018;2021;3;20.0;10.0;-50.0;19.99;-58.34;✅ Boa gestão — ficou abaixo do IPCA
FIAT PALIO NOVO ESSENCE 1.6 16V FLEX 2012;2018;2021;3;20.0;10.0;-50.0;19.99;-58.34;✅ Boa gestão — ficou abaixo do IPCA
RENAULT DUSTER DYNAMIQUE 2.0 16V FLEX 2014;2018;2021;3;20.0;10.0;-50.0;19.99;-58.34;✅ Boa gestão — ficou abaixo do IPCA
BOTONS EM LATÃO NOBRE;2018;2021;4;12.0;6.0;-50.0;19.99;-58.37;✅ Boa gestão — ficou abaixo do IPCA
BORRACHA (AMARRADILHA);2015;2017;3;3.49;1.59;-54.44;9.43;-58.45;✅ Boa gestão — ficou abaixo do IPCA
BOLA DE HANDEBOL H2;2021;2024;4;356.0;171.58;-51.8;16.03;-58.46;✅ Boa gestão — ficou abaixo do IPCA
RENAULT MASTER EURO AMB FURGÃO 2017;2021;2025;5;22.94;11.5;-49.87;20.97;-58.54;✅ Boa gestão — ficou abaixo do IPCA
TONER CIANO HP COLOR LASERJET PRO MFP M177FW COMPATÍVEL;2019;2024;5;46.1;25.5;-44.69;33.47;-58.57;✅ Boa gestão — ficou abaixo do IPCA
TONER AMARELO HP COLOR LASERJET PRO MFP M177FW COMPATÍVEL;2019;2024;5;46.1;25.5;-44.69;33.47;-58.57;✅ Boa gestão — ficou abaixo do IPCA
MIDAZOLAM, MALEATO 5MG/ML INJETÁVEL, AMPOLA 10ML.;2021;2024;3;6.0;2.88;-51.99;16.03;-58.64;✅ Boa gestão — ficou abaixo do IPCA
HONDA BIZ 125 EX 2015;2018;2025;6;25.0;15.0;-40.0;45.15;-58.67;✅ Boa gestão — ficou abaixo do IPCA
PROPAFENONA 300MG CPR;2016;2019;3;0.83;0.38;-54.22;11.41;-58.97;✅ Boa gestão — ficou abaixo do IPCA
FOTOPOLIMERIZADOR SEM FIO COM BATERIA REMOVÍVEL;2016;2021;5;905.0;475.0;-47.51;28.16;-59.05;✅ Boa gestão — ficou abaixo do IPCA
RETENTOR 12X20X5;2015;2019;4;19.02;9.14;-51.95;18.42;-59.41;✅ Boa gestão — ficou abaixo do IPCA
FARINHA DE CEREAIS.;2015;2024;4;13.7;8.78;-35.91;58.06;-59.49;✅ Boa gestão — ficou abaixo do IPCA
GEOTÊXTIL NÃO TECIDO AGULHADO DE FILAMENTOS CONTÍNUOS 100% P;2019;2021;3;10.4;4.84;-53.46;15.03;-59.57;✅ Boa gestão — ficou abaixo do IPCA
PLUGUE PORCELANA TRIF. 30A;2015;2021;6;15.99;8.78;-45.09;36.22;-59.66;✅ Boa gestão — ficou abaixo do IPCA
REDE DE TRAVES PARA FUTEBOL DE CAMPO;2021;2024;4;535.0;250.0;-53.27;16.03;-59.73;✅ Boa gestão — ficou abaixo do IPCA
BANDEIRA OFICIAL DE SANTA CATARINA (0,90M X 1,28M);2020;2024;5;78.0;40.0;-48.72;27.7;-59.84;✅ Boa gestão — ficou abaixo do IPCA
ETIQUETA ADESIVA BOLINHA 1,1CM;2021;2024;3;9.29;4.31;-53.61;16.03;-59.97;✅ Boa gestão — ficou abaixo do IPCA
LEVOTIROXINA 75MCG CPR;2016;2020;4;0.22;0.09;-56.09;16.45;-60.0;✅ Boa gestão — ficou abaixo do IPCA
IVERMECTINA 6MG COMPRIMIDO;2016;2020;4;0.37;0.17;-54.59;16.45;-60.0;✅ Boa gestão — ficou abaixo do IPCA
SINVASTATINA 40 MG CPR, EM BLISTER.;2019;2024;5;0.24;0.12;-49.79;33.47;-60.0;✅ Boa gestão — ficou abaixo do IPCA
JOGO DE PEÇAS DE XADREZ OFICIAL;2022;2024;3;80.0;34.99;-56.26;9.68;-60.12;✅ Boa gestão — ficou abaixo do IPCA
REDE OFICIAL DE VOLEIBOL DE PRAIA/AREIA;2022;2024;3;271.0;118.5;-56.27;9.68;-60.13;✅ Boa gestão — ficou abaixo do IPCA
PRATOS DE VIDRO;2016;2019;3;6.07;2.69;-55.68;11.41;-60.25;✅ Boa gestão — ficou abaixo do IPCA
PNEU NOVO 195/65 R15;2021;2025;4;510.0;245.0;-51.96;20.97;-60.29;✅ Boa gestão — ficou abaixo do IPCA
BECLOMETASONA 250MCG/ML - 200 DOSES;2015;2023;3;31.8;19.0;-40.25;50.77;-60.38;✅ Boa gestão — ficou abaixo do IPCA
SENSOR DE TEMPERATURA FRIO.;2015;2018;4;47.5;21.29;-55.18;13.53;-60.53;✅ Boa gestão — ficou abaixo do IPCA
SENSOR TEMP. AQUECIMENTO.;2015;2018;4;47.5;21.29;-55.18;13.53;-60.53;✅ Boa gestão — ficou abaixo do IPCA
BARRA DE CEREAL;2018;2023;5;3.3;1.72;-47.73;32.8;-60.65;✅ Boa gestão — ficou abaixo do IPCA
RESTAURADOR PROVISÓRIO TIPO CIMPAT;2015;2025;5;14.42;9.35;-35.16;64.79;-60.68;✅ Boa gestão — ficou abaixo do IPCA
JOGO DE JUNTAS DE VEDAÇÃO;2015;2019;5;20.93;9.7;-53.66;18.42;-60.87;✅ Boa gestão — ficou abaixo do IPCA
FONTE PARA NOTE BOOK UNIVERSAL;2015;2022;3;120.0;67.54;-43.72;44.11;-60.94;✅ Boa gestão — ficou abaixo do IPCA
BROCA DE ALTA ROTAÇÃO DIAMANTADA 1047;2017;2025;7;3.64;2.15;-40.93;50.59;-60.96;✅ Boa gestão — ficou abaixo do IPCA
ELETRODUTO FLEXIVEL CORRUGADO, DIÂMETRO INTERNO NO MINIMO 25;2015;2017;3;1.18;0.5;-57.63;9.43;-61.02;✅ Boa gestão — ficou abaixo do IPCA
SINAN- VIOLÊNCIA DOMÉSTICA SEXUAL E/OU OUTRAS DROGAS VIOLÊNC;2016;2023;6;14.5;8.0;-44.83;41.85;-61.07;✅ Boa gestão — ficou abaixo do IPCA
ABRIDOR DE BOCA ABRITEC - INFANTIL;2018;2025;6;6.6;3.73;-43.48;45.15;-61.1;✅ Boa gestão — ficou abaixo do IPCA
ESCOVA DE NYLON OVAL;2015;2021;5;4.73;2.5;-47.15;36.22;-61.1;✅ Boa gestão — ficou abaixo do IPCA
BLOCO MONIFOLDER 220V THERMOVAL;2016;2025;7;498.33;300.0;-39.8;55.04;-61.17;✅ Boa gestão — ficou abaixo do IPCA
MARCADOR PARA QUADRO BRANCO;2015;2017;3;2.56;1.08;-57.76;9.43;-61.28;✅ Boa gestão — ficou abaixo do IPCA
CALIBRADOR DE BOLA TIPO CANETA;2022;2024;3;40.0;16.98;-57.55;9.68;-61.31;✅ Boa gestão — ficou abaixo do IPCA
SONDA MILIMETRADA CAROLINA DO NORTE Nº 15;2019;2025;6;37.91;20.4;-46.19;39.16;-61.32;✅ Boa gestão — ficou abaixo do IPCA
TÁBUA PINUS SECA BENEFICIADA;2015;2017;3;790.0;334.0;-57.72;9.43;-61.36;✅ Boa gestão — ficou abaixo do IPCA
FOLHAS DE PAPEL CARBONO;2015;2019;4;39.36;18.0;-54.27;18.42;-61.39;✅ Boa gestão — ficou abaixo do IPCA
QUADRO BRANCO;2015;2018;3;88.0;38.5;-56.25;13.53;-61.47;✅ Boa gestão — ficou abaixo do IPCA
BOLA DE FUTSAL ADULTO;2021;2024;4;335.0;149.0;-55.52;16.03;-61.67;✅ Boa gestão — ficou abaixo do IPCA
NEBIVOLOL 5MG CPR;2016;2019;3;1.08;0.46;-57.59;11.41;-61.76;✅ Boa gestão — ficou abaixo do IPCA
COMPRESSOR PARA SPLIT 7000 BTUS;2015;2020;6;361.46;171.0;-52.69;23.77;-61.78;✅ Boa gestão — ficou abaixo do IPCA
MÁSCARA FACIAL ADULTO;2019;2023;5;12.8;6.23;-51.33;27.32;-61.79;✅ Boa gestão — ficou abaixo do IPCA
TOUCA DE NATAÇÃO;2021;2024;4;29.3;13.0;-55.63;16.03;-61.79;✅ Boa gestão — ficou abaixo do IPCA
BROCA DE BAIXA ROTAÇÃO CARBIDE N° 2;2015;2024;7;6.26;3.77;-39.78;58.06;-61.82;✅ Boa gestão — ficou abaixo do IPCA
RECEPTÁCULO PORCELANA E-27 REFORÇADO PARA ILUMINAÇÃO PÚBLICA;2017;2023;6;3.04;1.6;-47.37;37.78;-61.87;✅ Boa gestão — ficou abaixo do IPCA
COLAR CERVICAL REGULÁVEL INFANTIL;2021;2023;3;118.56;50.0;-57.83;10.68;-61.9;✅ Boa gestão — ficou abaixo do IPCA
EQUIPO TIPO MICROGOTAS PARA SOLUÇÃO PARENTAL - 60 MGTS/ML;2017;2024;3;2.99;1.65;-44.82;44.44;-61.9;✅ Boa gestão — ficou abaixo do IPCA
CAPACITOR 380V 15 MF;2015;2021;6;21.87;11.34;-48.15;36.22;-61.96;✅ Boa gestão — ficou abaixo do IPCA
POLPA DE AMEIXA;2018;2023;5;61.0;30.74;-49.61;32.8;-62.05;✅ Boa gestão — ficou abaixo do IPCA
LIMA SELDIN PARA OSSO NUMERO 12;2020;2025;5;44.9;22.64;-49.58;33.14;-62.13;✅ Boa gestão — ficou abaixo do IPCA
FLUMAZENIL 0,1MG/ML INJ 5ML;2016;2019;3;14.21;5.95;-58.13;11.41;-62.45;✅ Boa gestão — ficou abaixo do IPCA
BROCA DE BAIXA ROTAÇÃO CARBIDE N° 4.;2018;2024;3;7.2;3.76;-47.78;39.22;-62.46;✅ Boa gestão — ficou abaixo do IPCA
PANFLETO 15X21CM PAPEL COUCHE COLORIDO 4X4;2019;2022;3;0.19;0.08;-57.89;21.69;-62.5;✅ Boa gestão — ficou abaixo do IPCA
SACO PLÁSTICO TRANSPARENTE NA MEDIDA 35X45CM;2017;2024;4;127.0;68.6;-45.98;44.44;-62.61;✅ Boa gestão — ficou abaixo do IPCA
RENAULT MASTER ROTANAMB FURGÃO 2.5 16V DIESEL 2016;2021;2025;5;25.44;11.5;-54.79;20.97;-62.62;✅ Boa gestão — ficou abaixo do IPCA
TONER HP LASERJET M1132 E M1212 MFP ORIGINAL;2019;2024;5;277.0;138.0;-50.18;33.47;-62.67;✅ Boa gestão — ficou abaixo do IPCA
ESPESSANTE A BASE DE AMIDO DE MILHO MODIFICADO OU MALTODEXTR;2018;2020;3;82.35;33.5;-59.32;9.02;-62.68;✅ Boa gestão — ficou abaixo do IPCA
TUBO DE AÇO 2” X 3,5M X 2MM E ACESSÓRIOS PARA FIXAÇÃO;2021;2025;5;388.0;174.92;-54.92;20.97;-62.73;✅ Boa gestão — ficou abaixo do IPCA
BROCA HASTE LONGA  LL CARBIDE - Nº2;2015;2024;6;14.0;8.23;-41.21;58.06;-62.79;✅ Boa gestão — ficou abaixo do IPCA
PINCEL CHATO - NUMERO 8;2015;2023;7;1.35;0.75;-44.44;50.77;-62.96;✅ Boa gestão — ficou abaixo do IPCA
PILHAS ALCALINAS AAA;2015;2020;4;5.9;2.7;-54.24;23.77;-63.05;✅ Boa gestão — ficou abaixo do IPCA
BROCA DE ALTA ROTAÇÃO CARBIDE ESFÉRICA N° 8.;2015;2024;3;6.0;3.5;-41.67;58.06;-63.17;✅ Boa gestão — ficou abaixo do IPCA
CURVA ELETRODUTO PVC ANTI-CHAMA  1.1/2 X 180º PRETA;2015;2021;6;4.7;2.36;-49.79;36.22;-63.19;✅ Boa gestão — ficou abaixo do IPCA
PAVIO PARA LAMPARINA;2015;2025;9;5.38;3.26;-39.41;64.79;-63.2;✅ Boa gestão — ficou abaixo do IPCA
GM ONIX PLUS 10TMT LT1 2022;2022;2025;4;46.34;19.5;-57.92;14.35;-63.21;✅ Boa gestão — ficou abaixo do IPCA
PEUGEOT BOXER BUSIN L3 2021;2021;2025;5;25.91;11.5;-55.61;20.97;-63.29;✅ Boa gestão — ficou abaixo do IPCA
ESPARADRAPO;2019;2022;4;9.0;4.0;-55.56;21.69;-63.42;✅ Boa gestão — ficou abaixo do IPCA
HALOPERIDOL, DECANOATO 70,52MG/ML 1ML;2015;2023;3;6.89;3.8;-44.85;50.77;-63.43;✅ Boa gestão — ficou abaixo do IPCA
HÉLICE AR COND. 7000BTUS;2015;2020;4;58.94;26.67;-54.74;23.77;-63.44;✅ Boa gestão — ficou abaixo do IPCA
HONDA BIZ 125 EX 2013;2021;2025;5;25.0;11.0;-56.0;20.97;-63.6;✅ Boa gestão — ficou abaixo do IPCA
YAMAHA XTZ 250 LANDER	2009;2021;2025;5;25.0;11.0;-56.0;20.97;-63.6;✅ Boa gestão — ficou abaixo do IPCA
TURBINA VENTILADOR 10/30000;2015;2020;5;47.5;21.34;-55.08;23.77;-63.71;✅ Boa gestão — ficou abaixo do IPCA
COLCHÃO PARA CAMA HOSPITALAR;2015;2022;6;450.0;235.0;-47.78;44.11;-63.76;✅ Boa gestão — ficou abaixo do IPCA
CÂNULA DE TRAQUEOSTOMIA DE SILICONE COM BALONETE NÚMERO 5,5;2018;2022;4;43.49;20.0;-54.01;26.94;-63.77;✅ Boa gestão — ficou abaixo do IPCA
MÁSCARA FACIAL INFANTIL;2019;2023;5;12.85;5.92;-53.93;27.32;-63.78;✅ Boa gestão — ficou abaixo do IPCA
HONDA NXR 150 BROS ESD	2010;2021;2024;4;25.0;10.5;-58.0;16.03;-63.81;✅ Boa gestão — ficou abaixo do IPCA
HONDA CG 150 TITAN ESD MIX	2009;2021;2024;3;25.0;10.5;-58.0;16.03;-63.81;✅ Boa gestão — ficou abaixo do IPCA
PLACAR DE MESA;2021;2024;4;238.4;99.99;-58.06;16.03;-63.85;✅ Boa gestão — ficou abaixo do IPCA
GAS R410 A (CARGA);2019;2021;3;210.56;87.18;-58.6;15.03;-64.01;✅ Boa gestão — ficou abaixo do IPCA
LIXADEIRA ORBITAL PARA USO PROFISSIONAL DE NO MÍNIMO 250W, COM COLETOR DE PÓ E 1/4'' DE LIXA, 220V;2022;2025;3;577.0;237.0;-58.93;14.35;-64.08;✅ Boa gestão — ficou abaixo do IPCA
BROCA DE GATES GLIDDEN Nº2 DE 32 MM;2015;2025;9;8.75;5.18;-40.8;64.79;-64.11;✅ Boa gestão — ficou abaixo do IPCA
BROCA DE GATES GLIDDEN Nº3 DE 32 MM;2015;2025;9;8.75;5.17;-40.91;64.79;-64.11;✅ Boa gestão — ficou abaixo do IPCA
CÂNULA DE TRAQUEOSTOMIA DE SILICONE COM BALONETE NÚMERO 5,0;2018;2021;3;43.49;18.7;-57.0;19.99;-64.16;✅ Boa gestão — ficou abaixo do IPCA
HONDA XR 250 TORNADO 2004;2018;2025;6;25.0;13.0;-48.0;45.15;-64.17;✅ Boa gestão — ficou abaixo do IPCA
HONDA NXR 160 BROS ESDD 2017;2018;2025;6;25.0;13.0;-48.0;45.15;-64.17;✅ Boa gestão — ficou abaixo do IPCA
LANCETA DO PACIENTE - REFIL;2015;2020;5;0.28;0.12;-57.35;23.77;-64.29;✅ Boa gestão — ficou abaixo do IPCA
PLACA ELETRONICA;2019;2022;4;532.06;231.06;-56.57;21.69;-64.31;✅ Boa gestão — ficou abaixo do IPCA
PRANCHETA;2016;2023;3;7.6;3.85;-49.34;41.85;-64.34;✅ Boa gestão — ficou abaixo do IPCA
CHAVE CONTACTORA CWM 09;2015;2024;8;60.53;33.78;-44.19;58.06;-64.7;✅ Boa gestão — ficou abaixo do IPCA
BALDE PLÁSTICO COM TAMPA E ALÇA 10 LITROS;2020;2024;4;15.5;6.99;-54.9;27.7;-64.7;✅ Boa gestão — ficou abaixo do IPCA
CHAVE CONTACTORA CWM 10;2015;2024;8;60.53;33.77;-44.21;58.06;-64.7;✅ Boa gestão — ficou abaixo do IPCA
TAMPA DO TANQUE;2015;2019;5;50.73;21.18;-58.25;18.42;-64.73;✅ Boa gestão — ficou abaixo do IPCA
BANDEIRA OFICIAL DO BRASIL (5,85M X8,36M), DE 13 PANO;2018;2024;3;2000.0;980.0;-51.0;39.22;-64.8;✅ Boa gestão — ficou abaixo do IPCA
ACRILICO AUTOPOLIMERIZAVEL PO COR ROSA;2019;2024;3;69.5;32.62;-53.06;33.47;-64.83;✅ Boa gestão — ficou abaixo do IPCA
ABRIDOR DE BOCA ABRITEC - ADULTO;2018;2024;5;6.6;3.22;-51.21;39.22;-64.89;✅ Boa gestão — ficou abaixo do IPCA
KIT P/ QUEIMADURA;2018;2022;5;83.0;36.89;-55.55;26.94;-64.98;✅ Boa gestão — ficou abaixo do IPCA
CAPACITOR 380V 35 UF;2021;2024;3;20.78;8.42;-59.47;16.03;-65.05;✅ Boa gestão — ficou abaixo do IPCA
BLOCO AUTÔNOMO LED 2X55;2015;2023;7;320.0;168.47;-47.35;50.77;-65.08;✅ Boa gestão — ficou abaixo do IPCA
TRAZODONA 50MG CPR;2016;2019;3;0.91;0.35;-61.54;11.41;-65.12;✅ Boa gestão — ficou abaixo do IPCA
PRESILHA PARA TRINCO 1521ª, USO EM JANELAS - MODELO 1805;2021;2024;3;36.33;14.7;-59.54;16.03;-65.13;✅ Boa gestão — ficou abaixo do IPCA
OXÍMETRO DE PULSO;2015;2018;3;480.0;190.0;-60.42;13.53;-65.13;✅ Boa gestão — ficou abaixo do IPCA
BOLA DE VOLEIBOL DE QUADRA PARA TREINAMENTO;2021;2024;4;395.5;159.99;-59.55;16.03;-65.14;✅ Boa gestão — ficou abaixo do IPCA
GÁS R22 (CARGA) 7.000BTUS A 18.000BTUS;2016;2020;4;87.67;35.57;-59.43;16.45;-65.16;✅ Boa gestão — ficou abaixo do IPCA
TUBO DE AÇO 2” X 3M X 2MM E ACESSÓRIOS PARA FIXAÇÃO;2021;2025;5;330.8;139.2;-57.92;20.97;-65.21;✅ Boa gestão — ficou abaixo do IPCA
PINTURAS DIVERSAS EM EXTINTORES.;2015;2023;7;20.0;10.46;-47.7;50.77;-65.3;✅ Boa gestão — ficou abaixo do IPCA
CIRCUITO QUADRA 21 CPU DISPLAY BIVOLTI;2016;2018;3;361.88;133.5;-63.11;6.81;-65.46;✅ Boa gestão — ficou abaixo do IPCA
ESPONJA PARA LAVAÇÃO DE VEÍCULOS;2015;2021;4;8.93;4.2;-52.97;36.22;-65.51;✅ Boa gestão — ficou abaixo do IPCA
TESOURA DOMÉSTICA;2015;2024;10;6.24;3.4;-45.54;58.06;-65.56;✅ Boa gestão — ficou abaixo do IPCA
FIAT DUCATO MAXICARGO 2021;2023;2025;3;30.62;11.5;-62.45;9.3;-65.64;✅ Boa gestão — ficou abaixo do IPCA
BOLA DE FUTEBOL DE CAMPO P.U.;2021;2024;4;107.7;42.89;-60.18;16.03;-65.67;✅ Boa gestão — ficou abaixo do IPCA
LIMA PROTAPER UNIVERSAL  SORTIDO SX-F3 25MM;2020;2025;5;170.0;77.67;-54.31;33.14;-65.69;✅ Boa gestão — ficou abaixo do IPCA
METOPROLOL, SUCCINATO 50MG;2015;2020;6;1.02;0.43;-57.55;23.77;-65.69;✅ Boa gestão — ficou abaixo do IPCA
BOMBA DE AR PARA BOLAS;2021;2025;5;39.5;16.4;-58.48;20.97;-65.69;✅ Boa gestão — ficou abaixo do IPCA
SACO PLÁSTICO DE LIXO 100 LITROS;2015;2021;3;37.0;17.29;-53.27;36.22;-65.7;✅ Boa gestão — ficou abaixo do IPCA
CALÇO INTEGRAL VALVULA S45 / S55;2022;2025;4;145.5;57.0;-60.83;14.35;-65.74;✅ Boa gestão — ficou abaixo do IPCA
GM S-10 CAB. DUPLA COLINA 2.8 TURBO DIESEL 4X4 2009;2023;2025;3;42.04;15.75;-62.54;9.3;-65.74;✅ Boa gestão — ficou abaixo do IPCA
RADICHE;2015;2023;7;7.9;4.07;-48.48;50.77;-65.82;✅ Boa gestão — ficou abaixo do IPCA
LIXA PARA UNHA;2015;2023;5;0.5;0.25;-50.0;50.77;-66.0;✅ Boa gestão — ficou abaixo do IPCA
PNEU NOVO 17,5X25 L3 16 LONAS;2016;2025;6;5230.0;2750.0;-47.42;55.04;-66.08;✅ Boa gestão — ficou abaixo do IPCA
LIMA FLEX-FILE Nº 15 DE 21 MM;2015;2025;7;25.53;14.25;-44.18;64.79;-66.12;✅ Boa gestão — ficou abaixo do IPCA
LIMA FLEX-FILE Nº 15 DE 31 MM;2015;2025;9;25.53;14.25;-44.18;64.79;-66.12;✅ Boa gestão — ficou abaixo do IPCA
BROCA DE GATES GLIDDEN Nº4 DE 32 MM;2015;2025;9;8.75;4.87;-44.34;64.79;-66.17;✅ Boa gestão — ficou abaixo do IPCA
BALANÇA 20 KG;2019;2023;3;619.0;266.0;-57.03;27.32;-66.25;✅ Boa gestão — ficou abaixo do IPCA
RESERVATÓRIO PLÁSTICO PARA SABONETEIRA DISPENSER;2020;2024;3;15.1;6.5;-56.95;27.7;-66.31;✅ Boa gestão — ficou abaixo do IPCA
LOURO, EM PÓ;2019;2025;3;117.0;54.8;-53.16;39.16;-66.35;✅ Boa gestão — ficou abaixo do IPCA
LÂMPADA 12V / 30W - REF. 64260;2019;2023;4;355.0;151.9;-57.21;27.32;-66.39;✅ Boa gestão — ficou abaixo do IPCA
CABEÇOTE DE ASPIRAÇÃO;2015;2019;5;18.71;7.44;-60.24;18.42;-66.44;✅ Boa gestão — ficou abaixo do IPCA
GRAMPO PARA ISOLAMENTO NºW8A;2019;2025;6;12.9;6.02;-53.33;39.16;-66.48;✅ Boa gestão — ficou abaixo do IPCA
CENTRO DISTRIB. FERRO P/ 12 DISJUNTORES C/ BARRAM;2015;2018;4;99.8;37.83;-62.1;13.53;-66.62;✅ Boa gestão — ficou abaixo do IPCA
PAPEL ISOLAMENTO 180X95 (ROLO);2015;2021;4;83.83;38.0;-54.67;36.22;-66.72;✅ Boa gestão — ficou abaixo do IPCA
ABAIXADOR DE LINGUA DESCARTÁVEL;2015;2023;7;10.2;5.1;-50.0;50.77;-66.86;✅ Boa gestão — ficou abaixo do IPCA
BROCA DE GATES GLIDDEN Nº1 DE 32 MM;2015;2025;8;8.75;4.78;-45.37;64.79;-66.86;✅ Boa gestão — ficou abaixo do IPCA
INSULINA GLARGINA 100UI/ML (LANTUS) REFIL 3ML;2016;2019;4;99.0;36.5;-63.13;11.41;-66.91;✅ Boa gestão — ficou abaixo do IPCA
MARCADOR PERMANENTE;2015;2024;5;2.12;1.1;-48.11;58.06;-66.98;✅ Boa gestão — ficou abaixo do IPCA
SACOS DE PAPEL 1KG KRAFT;2020;2024;3;64.29;27.0;-58.0;27.7;-67.12;✅ Boa gestão — ficou abaixo do IPCA
KIA BONGO K2500 LD 2009;2022;2025;4;46.33;17.35;-62.55;14.35;-67.27;✅ Boa gestão — ficou abaixo do IPCA
CETOPROFENO 150MG CPR;2016;2019;3;4.08;1.48;-63.73;11.41;-67.45;✅ Boa gestão — ficou abaixo do IPCA
CANO COBRE 5/8;2015;2024;9;42.58;21.88;-48.61;58.06;-67.49;✅ Boa gestão — ficou abaixo do IPCA
BROCA LÊNTULO 25MM N°35;2018;2025;7;45.2;21.32;-52.83;45.15;-67.5;✅ Boa gestão — ficou abaixo do IPCA
ALBENDAZOL 400MG COMPRIMIDO MASTIGÁVEL;2016;2018;3;0.82;0.29;-64.76;6.81;-67.53;✅ Boa gestão — ficou abaixo do IPCA
BROCA LÊNTULO 25MM N°25;2018;2025;7;45.2;21.19;-53.12;45.15;-67.7;✅ Boa gestão — ficou abaixo do IPCA
BROCA LÊNTULO 25MM N°40;2018;2025;7;45.2;21.17;-53.16;45.15;-67.72;✅ Boa gestão — ficou abaixo do IPCA
CANO COBRE ¾;2015;2024;9;43.0;21.88;-49.12;58.06;-67.82;✅ Boa gestão — ficou abaixo do IPCA
TONER MAGENTA HP COLOR LASERJET PRO MFP M177FW COMPATÍVEL;2019;2024;5;46.1;19.79;-57.07;33.47;-67.84;✅ Boa gestão — ficou abaixo do IPCA
TONER PRETO HP COLOR LASERJET PRO MFP M177FW COMPATÍVEL;2019;2024;5;46.1;19.78;-57.09;33.47;-67.87;✅ Boa gestão — ficou abaixo do IPCA
SABONETE BARRA;2015;2019;3;23.73;9.0;-62.07;18.42;-67.97;✅ Boa gestão — ficou abaixo do IPCA
COLA;2016;2021;5;15.7;6.45;-58.92;28.16;-67.98;✅ Boa gestão — ficou abaixo do IPCA
BUPIVACAÍNA 0,5 % SEM VASOCONSTRITOR FRASCO COM 20 ML (EMBAL;2018;2023;5;19.99;8.5;-57.49;32.8;-67.98;✅ Boa gestão — ficou abaixo do IPCA
CAIXA DE BOMBOM;2022;2024;3;41.19;14.41;-65.02;9.68;-68.09;✅ Boa gestão — ficou abaixo do IPCA
COLHER DE SERVIR;2016;2020;3;23.9;8.87;-62.89;16.45;-68.12;✅ Boa gestão — ficou abaixo do IPCA
CAPACITOR 380V 10 MF;2015;2021;6;21.87;9.45;-56.79;36.22;-68.27;✅ Boa gestão — ficou abaixo do IPCA
CONFECÇÃO DE CRACHÁ;2020;2023;3;1.01;0.39;-61.39;21.81;-68.29;✅ Boa gestão — ficou abaixo do IPCA
REDE DE TRAVES DE HANDEBOL;2021;2024;4;549.0;199.0;-63.75;16.03;-68.76;✅ Boa gestão — ficou abaixo do IPCA
MÁSCARA CIRÚRGICA DESCARTÁVEL;2018;2023;6;7.98;3.3;-58.62;32.8;-68.83;✅ Boa gestão — ficou abaixo do IPCA
MICROFONE SEM FIO DUPLO;2019;2023;3;985.0;390.0;-60.41;27.32;-68.9;✅ Boa gestão — ficou abaixo do IPCA
"SAPONÁCEO EM PÓ;";2015;2021;6;61.87;26.0;-57.98;36.22;-69.14;✅ Boa gestão — ficou abaixo do IPCA
LIMA RECIPROCANTE WAVEONE GLIDER 15-21MM.;2021;2025;4;161.2;60.0;-62.78;20.97;-69.23;✅ Boa gestão — ficou abaixo do IPCA
PNEU NOVO 19,5X24 12 LONAS TRASEIRO;2016;2025;6;4360.0;2075.0;-52.41;55.04;-69.3;✅ Boa gestão — ficou abaixo do IPCA
REBOQUE PRANCHA;2022;2025;4;46.67;16.32;-65.02;14.35;-69.41;✅ Boa gestão — ficou abaixo do IPCA
PEN DRIVE 64GB, USB 3.0;2019;2024;5;63.0;25.63;-59.32;33.47;-69.52;✅ Boa gestão — ficou abaixo do IPCA
RELE MONTI;2015;2019;4;50.01;18.0;-64.01;18.42;-69.61;✅ Boa gestão — ficou abaixo do IPCA
M. BENZ 516 CDI SPRINTER MICROONIBUS 2021;2022;2025;4;46.33;16.1;-65.25;14.35;-69.61;✅ Boa gestão — ficou abaixo do IPCA
REBOQUE GUERRA BAÚ;2022;2025;4;47.0;16.32;-65.27;14.35;-69.63;✅ Boa gestão — ficou abaixo do IPCA
FERMENTO BIOLOGICO;2015;2024;7;19.45;9.32;-52.08;58.06;-69.67;✅ Boa gestão — ficou abaixo do IPCA
HELICE DE AR CONDICIONADO 7000Á 24000 BTUS;2020;2024;3;84.64;32.76;-61.3;27.7;-69.69;✅ Boa gestão — ficou abaixo do IPCA
VW/NEOBUS THUNDER FR 2022;2022;2025;4;46.34;16.05;-65.36;14.35;-69.71;✅ Boa gestão — ficou abaixo do IPCA
INDICADOR BIOLÓGICO SENSÍVEL A GEOBACILLUS STEAROTHERMOPHILU;2015;2021;4;58.5;24.1;-58.8;36.22;-69.76;✅ Boa gestão — ficou abaixo do IPCA
CURETA MACCALL 17-18;2019;2021;3;35.94;12.49;-65.25;15.03;-69.79;✅ Boa gestão — ficou abaixo do IPCA
CANO ESPONJOSO ¾;2015;2024;9;2.55;1.21;-52.64;58.06;-69.86;✅ Boa gestão — ficou abaixo do IPCA
HONDA NXR 150 BROS ESD 2012;2018;2023;3;25.0;10.0;-60.0;32.8;-69.89;✅ Boa gestão — ficou abaixo do IPCA
PEN DRIVE 32GB;2015;2024;6;55.0;25.99;-52.75;58.06;-70.1;✅ Boa gestão — ficou abaixo do IPCA
CANO COBRE 3/8;2015;2024;9;43.0;20.31;-52.77;58.06;-70.12;✅ Boa gestão — ficou abaixo do IPCA
SSD 240GB A400.;2021;2024;3;380.0;131.0;-65.53;16.03;-70.29;✅ Boa gestão — ficou abaixo do IPCA
LIMA RECIPROCANTE WAVEONE GLIDER 15-31MM;2023;2025;3;185.0;60.0;-67.57;9.3;-70.33;✅ Boa gestão — ficou abaixo do IPCA
GRAMPO PARA ISOLAMENTO ABSOLUTO Nº202;2017;2025;3;11.9;5.29;-55.55;50.59;-70.47;✅ Boa gestão — ficou abaixo do IPCA
PEN DRIVE 128GB USB 3.0;2019;2024;5;138.0;54.29;-60.66;33.47;-70.52;✅ Boa gestão — ficou abaixo do IPCA
GRAMPO PARA ISOLAMENTO Nº211;2019;2025;6;12.9;5.29;-58.99;39.16;-70.52;✅ Boa gestão — ficou abaixo do IPCA
GRAMPO PARA ISOLAMENTO Nº212;2019;2025;6;12.9;5.29;-58.99;39.16;-70.52;✅ Boa gestão — ficou abaixo do IPCA
GRAMPO PARA ISOLAMENTO Nº210;2019;2025;6;12.9;5.29;-58.99;39.16;-70.52;✅ Boa gestão — ficou abaixo do IPCA
HYUNDAI HB20 S10 TA PLATIN 2022;2022;2025;4;46.0;15.5;-66.31;14.35;-70.53;✅ Boa gestão — ficou abaixo do IPCA
DIVALPROATO SODICO ER 500MG CPR;2016;2020;4;2.2;0.76;-65.45;16.45;-70.53;✅ Boa gestão — ficou abaixo do IPCA
GRAMPO PARA ISOLAMENTO Nº200;2019;2025;6;12.92;5.29;-59.06;39.16;-70.58;✅ Boa gestão — ficou abaixo do IPCA
GRAMPO PARA ISOLAMENTO Nº207;2019;2025;5;12.92;5.29;-59.06;39.16;-70.58;✅ Boa gestão — ficou abaixo do IPCA
GRAMPO PARA ISOLAMENTO Nº206;2019;2025;6;12.92;5.29;-59.06;39.16;-70.58;✅ Boa gestão — ficou abaixo do IPCA
GRAMPO PARA ISOLAMENTO Nº00;2019;2025;6;12.92;5.29;-59.06;39.16;-70.58;✅ Boa gestão — ficou abaixo do IPCA
GRAMPO PARA ISOLAMENTO Nº26;2019;2025;6;12.92;5.29;-59.06;39.16;-70.58;✅ Boa gestão — ficou abaixo do IPCA
PREGABALINA 75MG;2016;2019;3;1.08;0.36;-66.67;11.41;-70.59;✅ Boa gestão — ficou abaixo do IPCA
PNEU NOVO 12X16,5;2016;2025;5;1405.0;638.5;-54.56;55.04;-70.69;✅ Boa gestão — ficou abaixo do IPCA
LUVA LÁTEX NÃO ESTÉRIL,TAMANHO M;2021;2024;3;57.95;19.7;-66.01;16.03;-70.71;✅ Boa gestão — ficou abaixo do IPCA
LUVA LÁTEX NÃO ESTÉRIL,TAMANHO G;2021;2024;3;57.95;19.68;-66.04;16.03;-70.73;✅ Boa gestão — ficou abaixo do IPCA
NO-BREAK;2016;2024;5;1724.0;745.0;-56.79;48.71;-70.94;✅ Boa gestão — ficou abaixo do IPCA
COMPRESSOR PARA SPLIT 9000 BTUS;2015;2024;9;361.46;165.67;-54.17;58.06;-71.0;✅ Boa gestão — ficou abaixo do IPCA
BORRACHA DE VINIL PARA GRAFITE  DE APAGAR;2015;2024;6;1.52;0.69;-54.61;58.06;-71.05;✅ Boa gestão — ficou abaixo do IPCA
CÂNULA DE TRAQUEOSTOMIA DE SILICONE COM BALONETE NÚMERO 4,5;2018;2021;3;53.99;18.7;-65.36;19.99;-71.13;✅ Boa gestão — ficou abaixo do IPCA
BROCA HASTE LONGA LL CARBIDE - Nº4;2015;2021;5;14.0;5.48;-60.86;36.22;-71.29;✅ Boa gestão — ficou abaixo do IPCA
BROCA HASTE LONGA LL CARBIDE - Nº6;2015;2021;5;14.0;5.48;-60.86;36.22;-71.29;✅ Boa gestão — ficou abaixo do IPCA
BROCA Nº 3118 F;2015;2019;4;6.45;2.19;-66.05;18.42;-71.32;✅ Boa gestão — ficou abaixo do IPCA
BROCA Nº 3168 F;2015;2019;4;6.45;2.19;-66.05;18.42;-71.32;✅ Boa gestão — ficou abaixo do IPCA
BROCA Nº 1190 F;2015;2019;4;6.45;2.19;-66.05;18.42;-71.32;✅ Boa gestão — ficou abaixo do IPCA
CAIXA SISTEMA X 3X3;2015;2022;5;5.3;2.19;-58.72;44.11;-71.32;✅ Boa gestão — ficou abaixo do IPCA
APITO DE MESA;2022;2024;3;34.5;10.79;-68.72;9.68;-71.47;✅ Boa gestão — ficou abaixo do IPCA
APITO PROFISSIONAL;2020;2024;4;27.5;9.99;-63.67;27.7;-71.56;✅ Boa gestão — ficou abaixo do IPCA
PINÇA DIETRICH 16CM. MATERIAL EM AÇO INOX, AUTOCLAVÁVEL;2019;2024;3;98.75;37.0;-62.53;33.47;-71.93;✅ Boa gestão — ficou abaixo do IPCA
CAPACITOR 380V 8 MF;2015;2021;6;19.98;7.56;-62.17;36.22;-72.23;✅ Boa gestão — ficou abaixo do IPCA
CAPACITOR 380V 5 MF;2015;2021;6;19.98;7.56;-62.17;36.22;-72.23;✅ Boa gestão — ficou abaixo do IPCA
SABONETE LÍQUIDO.;2015;2021;4;52.71;19.9;-62.25;36.22;-72.28;✅ Boa gestão — ficou abaixo do IPCA
HONDA XRE 300 FLEX 300CC 2019;2021;2025;4;30.0;10.0;-66.67;20.97;-72.43;✅ Boa gestão — ficou abaixo do IPCA
HONDA XRE 300 FLEX 300CC 2015;2021;2025;4;30.0;10.0;-66.67;20.97;-72.43;✅ Boa gestão — ficou abaixo do IPCA
HONDA XRE 300 FLEX 300CC 2017;2021;2025;4;30.0;10.0;-66.67;20.97;-72.43;✅ Boa gestão — ficou abaixo do IPCA
NOREPINEFRINA 2MG/ML, INJETÁVEL, AMPOLA 4ML.;2021;2024;3;5.25;1.68;-68.0;16.03;-72.47;✅ Boa gestão — ficou abaixo do IPCA
VW VOYAGE 1.6L MB5 2019;2023;2025;3;40.08;12.0;-70.06;9.3;-72.62;✅ Boa gestão — ficou abaixo do IPCA
FIAT CRONOS DRIVE 2022;2023;2025;3;36.83;11.0;-70.14;9.3;-72.65;✅ Boa gestão — ficou abaixo do IPCA
BOLA DE FUTSAL;2019;2025;5;184.0;70.0;-61.96;39.16;-72.66;✅ Boa gestão — ficou abaixo do IPCA
GM SPIN 1.8L MT PREMIER FLEX 2021 – 2022;2022;2025;4;62.5;19.5;-68.8;14.35;-72.72;✅ Boa gestão — ficou abaixo do IPCA
FITA ADESIVA EM PAPEL KRAFT;2016;2024;4;12.25;4.93;-59.76;48.71;-72.94;✅ Boa gestão — ficou abaixo do IPCA
HYUNDAI HB20 S10 TM PLATIN 2022;2022;2025;4;47.01;14.5;-69.15;14.35;-73.02;✅ Boa gestão — ficou abaixo do IPCA
COMPRESSOR PARA SPLIT 12000 BTUS;2015;2024;9;417.07;176.4;-57.7;58.06;-73.24;✅ Boa gestão — ficou abaixo do IPCA
PEUGEOT BOXER EUROLAF 2021;2021;2025;5;35.55;11.5;-67.65;20.97;-73.25;✅ Boa gestão — ficou abaixo do IPCA
HYUNDAI HB20 1.0 2018 - CIRETRAN;2022;2024;3;48.0;14.0;-70.83;9.68;-73.4;✅ Boa gestão — ficou abaixo do IPCA
COADOR PINTURA;2015;2021;5;3.32;1.2;-63.8;36.22;-73.45;✅ Boa gestão — ficou abaixo do IPCA
VW/NEOBUS MINI TR ESCOLAR - 2020;2020;2024;5;96.0;32.5;-66.15;27.7;-73.49;✅ Boa gestão — ficou abaixo do IPCA
PEUGEOT PARTNER 1.6 2022;2022;2025;4;38.01;11.5;-69.74;14.35;-73.54;✅ Boa gestão — ficou abaixo do IPCA
OXÍMETRO DIGITAL PORTÁTIL PARA DEDO;2019;2023;4;149.0;50.0;-66.44;27.32;-73.64;✅ Boa gestão — ficou abaixo do IPCA
FIAT DOBLO ESSENCE 7L E 1.8 8V FLEX 2017 - 2020;2023;2025;3;39.94;11.5;-71.21;9.3;-73.65;✅ Boa gestão — ficou abaixo do IPCA
CANO ESPONJOSO 5/8;2015;2024;9;2.55;1.06;-58.51;58.06;-73.78;✅ Boa gestão — ficou abaixo do IPCA
COMPRESSOR PARA SPLIT 24000 BTUS;2015;2024;9;602.43;248.93;-58.68;58.06;-73.86;✅ Boa gestão — ficou abaixo do IPCA
CÂNULA DE TRAQUEOSTOMIA DE SILICONE COM BALONETE NÚMERO 4,0;2018;2022;4;53.99;17.81;-67.01;26.94;-74.01;✅ Boa gestão — ficou abaixo do IPCA
FIAT ARGO 1.0 FLEX 2021;2023;2025;3;40.58;11.5;-71.66;9.3;-74.07;✅ Boa gestão — ficou abaixo do IPCA
LIMPEZA COMPLETA DO AR SPLIT COM RETIRADA DO APARELHO;2019;2022;3;312.55;97.68;-68.75;21.69;-74.32;✅ Boa gestão — ficou abaixo do IPCA
PINCEL ATOMICO COM PONTAS FACETADAS;2015;2024;4;2.83;1.14;-59.72;58.06;-74.56;✅ Boa gestão — ficou abaixo do IPCA
NISSAN FRONTIER SV ATTACK AT. 4X4 2.5 TURBO-DIESEL 174CV 2015;2021;2025;5;35.84;11.0;-69.31;20.97;-74.61;✅ Boa gestão — ficou abaixo do IPCA
MARCADOR PARA QUADRO BRANCO.;2018;2024;6;3.32;1.15;-65.36;39.22;-75.03;✅ Boa gestão — ficou abaixo do IPCA
LIMA FLEX-FILE 1ª SÉRIE Nº 15 A 40 DE 31 MM;2015;2025;9;25.53;10.5;-58.87;64.79;-75.05;✅ Boa gestão — ficou abaixo do IPCA
LIMA FLEX-FILE 1ª SÉRIE Nº 15 A 40 DE 25 MM;2015;2025;9;25.53;10.5;-58.87;64.79;-75.05;✅ Boa gestão — ficou abaixo do IPCA
LIMA FLEX-FILE Nº 15 DE 25 MM;2015;2025;9;25.53;10.5;-58.87;64.79;-75.05;✅ Boa gestão — ficou abaixo do IPCA
LIMA FLEX-FILE Nº 20 DE 31 MM;2015;2025;9;25.53;10.5;-58.87;64.79;-75.05;✅ Boa gestão — ficou abaixo do IPCA
LIMA FLEX-FILE 1ª SÉRIE Nº 15 A 40 DE 21 MM;2015;2025;9;25.53;10.5;-58.87;64.79;-75.05;✅ Boa gestão — ficou abaixo do IPCA
LIMA FLEX-FILE Nº 20 DE 25 MM;2015;2025;9;25.53;10.5;-58.87;64.79;-75.05;✅ Boa gestão — ficou abaixo do IPCA
LIMA FLEX-FILE Nº 20 DE 21 MM;2015;2025;5;25.53;10.5;-58.87;64.79;-75.05;✅ Boa gestão — ficou abaixo do IPCA
HYUNDAI HD80 - 2019;2020;2024;5;96.0;30.5;-68.23;27.7;-75.12;✅ Boa gestão — ficou abaixo do IPCA
EMBALAGEM PLÁSTICA, RETANGULAR TRANSPARENTE 190 X 120 X 58 M;2020;2024;3;219.95;69.8;-68.27;27.7;-75.15;✅ Boa gestão — ficou abaixo do IPCA
MÁSCARA CIRÚRGICA TRIPLA;2021;2024;4;17.23;4.95;-71.26;16.03;-75.25;✅ Boa gestão — ficou abaixo do IPCA
CAPACITOR 380V 40 UF;2021;2024;3;21.36;6.13;-71.29;16.03;-75.25;✅ Boa gestão — ficou abaixo do IPCA
AVENTAL DESCARTÁVEL;2017;2020;3;13.71;3.8;-72.28;13.1;-75.5;✅ Boa gestão — ficou abaixo do IPCA
SENSOR DA PORTA AUTOCLAVE VITALE CLASS CHAVE FIM DE CURSO COM FIOS;2022;2025;4;64.34;18.0;-72.02;14.35;-75.54;✅ Boa gestão — ficou abaixo do IPCA
HYUNDAI HD80 2021 - 2022;2022;2025;4;58.5;16.32;-72.09;14.35;-75.6;✅ Boa gestão — ficou abaixo do IPCA
SENSOR DE TEMPERATURA FRIO;2015;2020;5;44.32;13.34;-69.9;23.77;-75.67;✅ Boa gestão — ficou abaixo do IPCA
SENSOR TEMP. AQUECIMENTO;2015;2020;5;44.32;13.34;-69.9;23.77;-75.67;✅ Boa gestão — ficou abaixo do IPCA
CAPACITOR 380V 3 MF;2015;2021;6;19.98;6.61;-66.93;36.22;-75.73;✅ Boa gestão — ficou abaixo do IPCA
PAPEL ISOLAMENTO 180X45 (ROLO);2015;2021;4;72.88;24.0;-67.07;36.22;-75.82;✅ Boa gestão — ficou abaixo do IPCA
CONECTOR RJ-45 PARA CABO UTP;2017;2022;3;0.64;0.2;-68.75;31.69;-75.86;✅ Boa gestão — ficou abaixo do IPCA
SSD 480 GB;2020;2024;3;649.9;199.5;-69.3;27.7;-75.96;✅ Boa gestão — ficou abaixo do IPCA
VW/26.390 CTC 6X4 2012;2022;2025;3;59.5;16.35;-72.52;14.35;-75.97;✅ Boa gestão — ficou abaixo do IPCA
MANTEIGA;2016;2020;3;26.24;7.29;-72.22;16.45;-76.14;✅ Boa gestão — ficou abaixo do IPCA
TAMPA PARA RALO DA CUSPIDEIRA BRANCO;2021;2024;4;86.4;23.8;-72.45;16.03;-76.26;✅ Boa gestão — ficou abaixo do IPCA
COMPRESSOR PARA SPLIT 18000 BTUS;2015;2024;9;546.83;203.21;-62.84;58.06;-76.49;✅ Boa gestão — ficou abaixo do IPCA
FITA ISOLANTE ELÉTRICA;2015;2021;6;16.3;5.22;-67.98;36.22;-76.5;✅ Boa gestão — ficou abaixo do IPCA
CINZEL MICRO OCHSENBEIN Nº 1;2015;2025;10;38.0;14.54;-61.74;64.79;-76.79;✅ Boa gestão — ficou abaixo do IPCA
CAPACITOR 380V 6 UF;2021;2024;3;12.53;3.36;-73.18;16.03;-76.84;✅ Boa gestão — ficou abaixo do IPCA
DETERGENTE DESENGRAXANTE DE  5LT COM DILUIÇÃO DE 1 LITRO DO;2018;2021;3;68.5;19.0;-72.26;19.99;-76.88;✅ Boa gestão — ficou abaixo do IPCA
ESTETOSCÓPIO PEDIÁTRICO DUO SONIC;2019;2024;3;52.5;16.0;-69.52;33.47;-77.17;✅ Boa gestão — ficou abaixo do IPCA
BROCA ENDO Z - 21 MM;2015;2024;8;30.56;10.99;-64.04;58.06;-77.26;✅ Boa gestão — ficou abaixo do IPCA
ÓLEO LUBRIFICANTE PARA SISTEMAS HIDRÁULICOS ISO VG68-DIN 515;2015;2021;6;1550.0;477.0;-69.23;36.22;-77.41;✅ Boa gestão — ficou abaixo do IPCA
FAIXA ELÁSTICA NÍVEL FORTE;2022;2024;3;57.0;13.99;-75.46;9.68;-77.62;✅ Boa gestão — ficou abaixo do IPCA
LIMA RECIPROCANTE WAVE ONE GOLD (35.06 -25MM) VERDE;2020;2025;5;185.0;55.0;-70.27;33.14;-77.67;✅ Boa gestão — ficou abaixo do IPCA
LIMA RECIPROCANTE WAVE ONE GOLD (25.07 - 21MM) VERMELHA;2020;2025;5;185.0;55.0;-70.27;33.14;-77.67;✅ Boa gestão — ficou abaixo do IPCA
LIMA RECIPROCANTE WAVE ONE GOLD (20.07 -25MM) AMARELA;2020;2025;5;185.15;55.0;-70.29;33.14;-77.69;✅ Boa gestão — ficou abaixo do IPCA
LIMA RECIPROCANTE WAVE ONE GOLD (35.06 - 21MM) VERDE;2020;2025;5;185.15;55.0;-70.29;33.14;-77.69;✅ Boa gestão — ficou abaixo do IPCA
LIMA RECIPROCANTE WAVE ONE GOLD (20.07 -21MM) AMARELA;2020;2025;5;185.15;55.0;-70.29;33.14;-77.69;✅ Boa gestão — ficou abaixo do IPCA
VW/NEOBUS MINI TR ESCOLAR 2020;2020;2025;4;71.5;21.15;-70.42;33.14;-77.79;✅ Boa gestão — ficou abaixo do IPCA
CAPACITOR 380V 4 MF;2015;2021;6;21.87;6.61;-69.78;36.22;-77.82;✅ Boa gestão — ficou abaixo do IPCA
RAQUETE DE TÊNIS DE MESA PARA INICIAÇÃO;2021;2024;4;83.9;21.53;-74.34;16.03;-77.89;✅ Boa gestão — ficou abaixo do IPCA
CAPACITOR 380V 55 UF;2021;2024;3;24.34;6.19;-74.56;16.03;-78.05;✅ Boa gestão — ficou abaixo do IPCA
PÁ DE LIXO PLÁSTICA.;2018;2021;4;9.52;2.5;-73.75;19.99;-78.07;✅ Boa gestão — ficou abaixo do IPCA
LIMA RECIPROCANTE WAVE ONE GOLD (25.07 - 25MM) VERMELHA;2020;2025;5;185.0;54.0;-70.81;33.14;-78.08;✅ Boa gestão — ficou abaixo do IPCA
BROCA Nº 3195 F;2015;2018;3;6.45;1.6;-75.19;13.53;-78.14;✅ Boa gestão — ficou abaixo do IPCA
GM MONTANA LS2 1.4 8V 2020;2020;2025;6;70.5;20.5;-70.92;33.14;-78.16;✅ Boa gestão — ficou abaixo do IPCA
PÁ DE PLÁSTICO PARA LIXO;2015;2021;4;9.88;2.9;-70.65;36.22;-78.44;✅ Boa gestão — ficou abaixo do IPCA
CLONAZEPAM 2,5MG/ML , 20ML, FRASCO DE VIDRO ÂMBAR 20ML.;2019;2021;3;6.3;1.55;-75.4;15.03;-78.57;✅ Boa gestão — ficou abaixo do IPCA
CAPACITOR 380V 45 UF;2021;2024;3;23.69;5.86;-75.26;16.03;-78.67;✅ Boa gestão — ficou abaixo do IPCA
ÓCULOS DE PROTEÇÃO DE PLÁSTICO;2015;2023;7;3.1;1.0;-67.74;50.77;-78.71;✅ Boa gestão — ficou abaixo do IPCA
COMPRESSOR DE AR;2016;2018;3;2735.0;617.5;-77.42;6.81;-78.86;✅ Boa gestão — ficou abaixo do IPCA
CANO ESPONJOSO ½;2015;2024;9;2.99;0.99;-66.83;58.06;-78.89;✅ Boa gestão — ficou abaixo do IPCA
COMPRESSOR PARA SPLIT 60000 BTUS;2015;2024;9;926.82;308.86;-66.68;58.06;-78.92;✅ Boa gestão — ficou abaixo do IPCA
RODO PLASTICO 40CM;2015;2024;5;23.39;7.8;-66.65;58.06;-78.92;✅ Boa gestão — ficou abaixo do IPCA
TONER MAGENTA HP COLOR LASERJET PRO MFP M180FW COMPATÍVEL;2019;2024;5;178.0;49.0;-72.47;33.47;-79.38;✅ Boa gestão — ficou abaixo do IPCA
MULTIUSO DE 5LTS COM DILUIÇÃO DE 1 LITRO DO PRODUTO PARA 40;2018;2021;3;69.15;17.0;-75.42;19.99;-79.51;✅ Boa gestão — ficou abaixo do IPCA
CANO ESPONJOSO 3/8;2015;2024;9;2.55;0.82;-67.91;58.06;-79.65;✅ Boa gestão — ficou abaixo do IPCA
APARELHO TELEFÔNICO CONVENCIONAL DE MESA, SEM FIO;2016;2024;3;239.0;72.0;-69.87;48.71;-79.74;✅ Boa gestão — ficou abaixo do IPCA
CONJUNTO APAG;2015;2021;6;1.8;0.49;-72.77;36.22;-80.0;✅ Boa gestão — ficou abaixo do IPCA
CARBONATO DE CÁLCIO 500+ VITAMINA D 400 UI;2015;2018;4;0.5;0.11;-77.51;13.53;-80.0;✅ Boa gestão — ficou abaixo do IPCA
CAPACITOR 380V 25 UF;2021;2024;3;17.4;4.03;-76.83;16.03;-80.03;✅ Boa gestão — ficou abaixo do IPCA
CANO COBRE ¼;2015;2022;8;47.68;13.66;-71.36;44.11;-80.12;✅ Boa gestão — ficou abaixo do IPCA
QUEROSENE;2015;2021;5;445.43;120.0;-73.06;36.22;-80.22;✅ Boa gestão — ficou abaixo do IPCA
ESPAÇADOR DIGITAL Nº30 DE 21 MM;2015;2025;6;67.59;22.03;-67.41;64.79;-80.22;✅ Boa gestão — ficou abaixo do IPCA
VW/CONSTELLATION 17.230(NACIONAL) 2020;2022;2025;4;48.75;11.0;-77.44;14.35;-80.25;✅ Boa gestão — ficou abaixo do IPCA
ESPAÇADOR DIGITAL Nº30 DE 25 MM;2015;2025;6;67.59;21.85;-67.67;64.79;-80.38;✅ Boa gestão — ficou abaixo do IPCA
CLIPS TAMANHO 8/0.;2015;2018;3;4.66;1.02;-78.11;13.53;-80.69;✅ Boa gestão — ficou abaixo do IPCA
BROCA ZEKRYA .TAMANHO 23MM;2015;2025;5;30.3;9.6;-68.32;64.79;-80.76;✅ Boa gestão — ficou abaixo do IPCA
PLACA ELETRONICA COMANDO DE PÉ ALLURE/AQIA KAVO;2021;2025;5;1420.09;329.9;-76.77;20.97;-80.8;✅ Boa gestão — ficou abaixo do IPCA
OLEO MINERAL PARA ENGRENAGEM FECHADAS ISO 460;2017;2021;5;2058.0;488.0;-76.29;24.48;-80.95;✅ Boa gestão — ficou abaixo do IPCA
HYUNDAI HR HDB 2013 - 2020;2020;2025;6;70.5;17.85;-74.68;33.14;-80.99;✅ Boa gestão — ficou abaixo do IPCA
COLAR CERVICAL;2015;2020;3;180.0;42.0;-76.67;23.77;-81.15;✅ Boa gestão — ficou abaixo do IPCA
CANO ESPONJOSO ¼;2015;2024;9;2.55;0.76;-70.25;58.06;-81.21;✅ Boa gestão — ficou abaixo do IPCA
OLEO MINERAL PARA ENGRENAGEM FECHADAS ISO 220;2017;2021;5;1990.0;457.0;-77.04;24.48;-81.55;✅ Boa gestão — ficou abaixo do IPCA
PERFURADOR 2 FUROS PARA ATE 12 FOLHAS;2015;2024;3;28.95;8.4;-70.98;58.06;-81.66;✅ Boa gestão — ficou abaixo do IPCA
TONER CIANO HP COLOR LASERJET PRO MFP M180FW COMPATÍVEL;2019;2024;5;178.0;43.0;-75.84;33.47;-81.9;✅ Boa gestão — ficou abaixo do IPCA
SERVIÇOS DE GEOMETRIA (AUTOMOVEL);2016;2019;3;50.0;10.0;-80.0;11.41;-82.06;✅ Boa gestão — ficou abaixo do IPCA
BOLA DE TÊNIS DE MESA.;2021;2025;3;5.98;1.29;-78.43;20.97;-82.23;✅ Boa gestão — ficou abaixo do IPCA
SAPÓLIO CREMOSO;2018;2020;3;20.14;3.89;-80.69;9.02;-82.3;✅ Boa gestão — ficou abaixo do IPCA
BROCA JET CARBIDE FG 957.;2019;2021;3;21.9;4.4;-79.91;15.03;-82.53;✅ Boa gestão — ficou abaixo do IPCA
CITROEN C3 LIVE 2023;2023;2025;3;71.0;13.5;-80.99;9.3;-82.61;✅ Boa gestão — ficou abaixo do IPCA
M. BENZ 515 CDI SPRINTER MICROONIBUS 2019;2020;2025;6;73.5;16.6;-77.41;33.14;-83.04;✅ Boa gestão — ficou abaixo do IPCA
HYUNDAI HD80 2019;2020;2025;5;71.5;16.08;-77.52;33.14;-83.11;✅ Boa gestão — ficou abaixo do IPCA
VW/15.190 EOD E.S.ORE (NACIONAL) 2011 – 2013;2022;2025;3;57.67;11.0;-80.92;14.35;-83.31;✅ Boa gestão — ficou abaixo do IPCA
DESCOLADOR FREER DUPLO;2019;2025;6;57.5;13.32;-76.83;39.16;-83.36;✅ Boa gestão — ficou abaixo do IPCA
MIDAZOLAM, MALEATO 5MG/ML INJETÁVEL, AMPOLA 3ML.;2019;2024;5;7.82;1.73;-77.88;33.47;-83.48;✅ Boa gestão — ficou abaixo do IPCA
"PAPEL TOALHA INTERFOLHADO;";2015;2019;3;50.76;9.92;-80.46;18.42;-83.49;✅ Boa gestão — ficou abaixo do IPCA
M. BENZ CAIO LO 916.ORE 2023;2022;2025;3;58.5;11.0;-81.2;14.35;-83.54;✅ Boa gestão — ficou abaixo do IPCA
M. BENZ 415 EUROLAF AMB 2018;2020;2025;6;79.0;17.1;-78.35;33.14;-83.75;✅ Boa gestão — ficou abaixo do IPCA
PAINEL DE ABS QUADRA 21;2017;2025;7;184.0;45.0;-75.54;50.59;-83.76;✅ Boa gestão — ficou abaixo do IPCA
DISJUNTOR TERMOMAGNÉTICO TRIFÁSICO,CAP DE INTERRUPÇÃO 380-3K;2015;2017;3;39.8;7.03;-82.34;9.43;-83.87;✅ Boa gestão — ficou abaixo do IPCA
M. BENZ 515 CDI SPRINTER TCA AMB 2019;2020;2025;5;79.0;16.6;-78.99;33.14;-84.22;✅ Boa gestão — ficou abaixo do IPCA
CJ. SUCTOR SALIVA VENTURI GNATUS;2016;2021;4;93.93;18.87;-79.91;28.16;-84.33;✅ Boa gestão — ficou abaixo do IPCA
CITROEN JUMPER M35LH 23S 2013;2023;2025;3;65.0;11.0;-83.08;9.3;-84.5;✅ Boa gestão — ficou abaixo do IPCA
TONER AMARELO HP COLOR LASERJET PRO MFP M180FW COMPATÍVEL;2019;2024;5;178.0;35.99;-79.78;33.47;-84.85;✅ Boa gestão — ficou abaixo do IPCA
PROTETOR LABIAL;2018;2023;4;24.99;4.99;-80.03;32.8;-84.96;✅ Boa gestão — ficou abaixo do IPCA
VALV. DE RETENCAO VERNAY;2021;2025;5;111.22;20.2;-81.84;20.97;-84.98;✅ Boa gestão — ficou abaixo do IPCA
SERVIDOR DE ARQUIVOS;2015;2024;3;35470.0;8343.75;-76.48;58.06;-85.12;✅ Boa gestão — ficou abaixo do IPCA
TONER PRETO HP COLOR LASERJET PRO MFP M180FW COMPATÍVEL;2019;2024;5;178.0;34.94;-80.37;33.47;-85.29;✅ Boa gestão — ficou abaixo do IPCA
TABULEIRO DE XADREZ OFICIAL;2021;2024;4;88.7;14.99;-83.1;16.03;-85.44;✅ Boa gestão — ficou abaixo do IPCA
SACOS PLASTICOS TRANSPARENTE NA MEDIDA 40X60CM, COM NO MINIM;2019;2024;3;435.0;82.99;-80.92;33.47;-85.71;✅ Boa gestão — ficou abaixo do IPCA
CAPACITOR 380V 2 MF;2015;2021;6;19.98;3.78;-81.09;36.22;-86.14;✅ Boa gestão — ficou abaixo do IPCA
OMEGA 3 CAPS (1000MG COM NO MÍNIMO 180MG DE EPA E 120MG E DH;2016;2019;3;1.0;0.15;-85.0;11.41;-86.17;✅ Boa gestão — ficou abaixo do IPCA
COLA BASTÃO 8GR;2015;2024;4;3.2;0.7;-78.12;58.06;-86.25;✅ Boa gestão — ficou abaixo do IPCA
SACOS PLASTICOS TRANSPARENTE NA MEDIDA 50X85CM, COM NO MINIM;2019;2024;3;690.0;125.0;-81.88;33.47;-86.43;✅ Boa gestão — ficou abaixo do IPCA
FICHA CONTROLE DE ATENDIMENTO FRENTE E VERSO;2018;2023;5;0.17;0.03;-82.35;32.8;-86.67;✅ Boa gestão — ficou abaixo do IPCA
CERTIFICADO;2015;2021;3;1.97;0.35;-82.2;36.22;-86.78;✅ Boa gestão — ficou abaixo do IPCA
M. BENZ 415 CDI SPRINTER FURGÃO 2018;2020;2025;6;93.0;16.1;-82.69;33.14;-87.0;✅ Boa gestão — ficou abaixo do IPCA
CONTROLE REMOTO;2020;2024;3;34.69;5.65;-83.71;27.7;-87.26;✅ Boa gestão — ficou abaixo do IPCA
ARQUIVO DE PAPELÃO PARA ARQUIVO MORTO;2015;2022;3;27.8;5.0;-82.01;44.11;-87.52;✅ Boa gestão — ficou abaixo do IPCA
ÓLEO LUBRIFICANTE PARA CAIXA DE TRANSMISSÃO (EATON) E MOTORE;2015;2021;7;2300.0;384.5;-83.28;36.22;-87.73;✅ Boa gestão — ficou abaixo do IPCA
RENAULT MASTER FURGÃO L2H2 2.5 16V DIESEL 2020;2020;2025;6;70.5;11.5;-83.69;33.14;-87.75;✅ Boa gestão — ficou abaixo do IPCA
ACICLOVIR 200 MG;2016;2018;3;1.75;0.22;-87.14;6.81;-87.84;✅ Boa gestão — ficou abaixo do IPCA
M. BENZ 415 CDI SPRINTER MICROONIBUS 2019;2020;2025;6;70.5;11.0;-84.4;33.14;-88.27;✅ Boa gestão — ficou abaixo do IPCA
ÓLEO LUBRIFICANTE PARA SISTEMA DE EMBREAGEM E FREIOS SAE 20W;2015;2021;7;2310.0;354.0;-84.68;36.22;-88.75;✅ Boa gestão — ficou abaixo do IPCA
PALITO DE DENTE;2016;2024;6;5.8;0.96;-83.45;48.71;-88.83;✅ Boa gestão — ficou abaixo do IPCA
CAIXA DE PASSAGEM SPLIT;2015;2021;6;25.2;3.78;-85.0;36.22;-89.01;✅ Boa gestão — ficou abaixo do IPCA
SONDA DE BORRACHA TIPO FOLEY, 2 VIAS, CALIBRE Nº 14;2019;2022;3;23.14;3.09;-86.65;21.69;-89.05;✅ Boa gestão — ficou abaixo do IPCA
SONDA DE BORRACHA TIPO FOLEY, 2 VIAS, CALIBRE Nº20;2019;2022;3;23.14;3.09;-86.65;21.69;-89.05;✅ Boa gestão — ficou abaixo do IPCA
SONDA DE BORRACHA TIPO FOLEY, 2 VIAS, CALIBRE Nº 16;2019;2022;3;23.14;3.09;-86.65;21.69;-89.05;✅ Boa gestão — ficou abaixo do IPCA
SONDA DE BORRACHA TIPO FOLEY, 2 VIAS, CALIBRE Nº 18;2019;2022;3;23.14;3.0;-87.04;21.69;-89.36;✅ Boa gestão — ficou abaixo do IPCA
VW/NEOBUS THUNDER(NACIONAL) 2003;2020;2025;6;79.67;11.25;-85.88;33.14;-89.39;✅ Boa gestão — ficou abaixo do IPCA
CASTANHA DO PARÁ;2016;2020;3;82.0;9.97;-87.84;16.45;-89.55;✅ Boa gestão — ficou abaixo do IPCA
VIDRO LISO FUME 5MM COLOCADO;2015;2017;3;219.0;25.0;-88.58;9.43;-89.57;✅ Boa gestão — ficou abaixo do IPCA
VW/MPOLO SENIOR GVO(NACIONAL) 2004;2020;2025;6;79.67;11.0;-86.19;33.14;-89.62;✅ Boa gestão — ficou abaixo do IPCA
ÓLEO LUBRIFICANTE PARA TRANSMISSÕES AUTOMOTIVAS SAE 85W140;2017;2021;3;3489.0;448.0;-87.16;24.48;-89.68;✅ Boa gestão — ficou abaixo do IPCA
SONDA DE BORRACHA TIPO FOLEY, 2 VIAS, CALIBRE Nº 12;2019;2022;3;23.14;2.9;-87.47;21.69;-89.71;✅ Boa gestão — ficou abaixo do IPCA
CABO PP.;2015;2024;3;5.99;0.96;-83.97;58.06;-89.82;✅ Boa gestão — ficou abaixo do IPCA
CÓPIA COLORIDA;2016;2021;3;1.06;0.14;-86.79;28.16;-90.0;✅ Boa gestão — ficou abaixo do IPCA
OLEO MINERAL PARA ENGRENAGEM FECHADAS ISO 150;2017;2020;4;1950.0;219.0;-88.77;13.1;-90.07;✅ Boa gestão — ficou abaixo do IPCA
GRAFITE DE 0,5 MM;2015;2024;4;5.36;0.84;-84.31;58.06;-90.1;✅ Boa gestão — ficou abaixo do IPCA
SONDA DE BORRACHA TIPO FOLEY, 2 VIAS, CALIBRE Nº22;2019;2022;3;23.14;2.76;-88.07;21.69;-90.17;✅ Boa gestão — ficou abaixo do IPCA
PERFURADOR 2 FUROS PARA ATE 20 FOLHAS;2015;2024;3;87.33;13.0;-85.11;58.06;-90.59;✅ Boa gestão — ficou abaixo do IPCA
PASTA SAPONÁCEA;2016;2021;4;30.12;3.6;-88.05;28.16;-90.68;✅ Boa gestão — ficou abaixo do IPCA
SERVIÇO DE CESSÃO DE USO E/OU MANUTENÇÃO MENSAL, HOSPEDAGEM;2017;2023;4;24988.6;3150.0;-87.39;37.78;-90.85;✅ Boa gestão — ficou abaixo do IPCA
PANTOPRAZOL 40MG CPR ZIPROL;2016;2019;3;1.65;0.16;-90.18;11.41;-90.97;✅ Boa gestão — ficou abaixo do IPCA
SONDA DE BORRACHA TIPO FOLEY, 2 VIAS, CALIBRE Nº 10;2019;2022;3;31.6;3.37;-89.34;21.69;-91.23;✅ Boa gestão — ficou abaixo do IPCA
ESPONJA DE LIMPEZA DUPLA FACE;2016;2024;5;4.9;0.6;-87.76;48.71;-91.76;✅ Boa gestão — ficou abaixo do IPCA
ÓLEO LUBRIFICANTE PARA CAIXA DE DIREÇÃO HIDRÁULICA E TRANSMI;2015;2020;4;3190.0;310.15;-90.28;23.77;-92.14;✅ Boa gestão — ficou abaixo do IPCA
ETIQUETA TERMICA 50X25  ROLOS COM 100 METROS;2019;2024;4;960.0;97.0;-89.9;33.47;-92.43;✅ Boa gestão — ficou abaixo do IPCA
ÁLCOOL EM GEL ANTISSÉPTICO;2018;2025;4;79.9;8.69;-89.12;45.15;-92.51;✅ Boa gestão — ficou abaixo do IPCA
ÓLEO LUBRIFICANTE PARA TRANSMISSÕES (CAIXAS E DIFERENCIAIS);2015;2020;4;2012.0;183.95;-90.86;23.77;-92.61;✅ Boa gestão — ficou abaixo do IPCA
ÓCULOS DE SEGURANÇA;2016;2020;3;38.0;3.21;-91.55;16.45;-92.76;✅ Boa gestão — ficou abaixo do IPCA
MASSA DE MODELAR;2018;2024;3;28.9;2.87;-90.07;39.22;-92.85;✅ Boa gestão — ficou abaixo do IPCA
FITA MATRIZ METALICA DE 7MM. ROLO 5 METROS;2017;2023;3;19.0;1.77;-90.68;37.78;-93.26;✅ Boa gestão — ficou abaixo do IPCA
CANELA EM PÓ;2018;2024;6;54.6;4.9;-91.03;39.22;-93.55;✅ Boa gestão — ficou abaixo do IPCA
CANETA MARCA-TEXTO.;2016;2020;3;12.91;0.9;-93.03;16.45;-93.99;✅ Boa gestão — ficou abaixo do IPCA
COMINHO EM PÓ;2015;2021;5;62.2;4.9;-92.12;36.22;-94.21;✅ Boa gestão — ficou abaixo do IPCA
GEL LUBRIFICANTE;2015;2022;7;5.38;0.45;-91.64;44.11;-94.24;✅ Boa gestão — ficou abaixo do IPCA
FITA ADESIVA PARA ROTULADOR ELETRÔNICO;2019;2024;4;81.0;6.23;-92.31;33.47;-94.24;✅ Boa gestão — ficou abaixo do IPCA
ATADURAS DE CREPOM TAMANHO: 10 CM;2015;2018;3;5.91;0.38;-93.57;13.53;-94.42;✅ Boa gestão — ficou abaixo do IPCA
ÓLEO LUBRIFICANTE PARA TRANSMISSÕES AUTOMOTIVAS SAE 85W140 A;2015;2020;5;3063.0;206.7;-93.25;23.77;-94.55;✅ Boa gestão — ficou abaixo do IPCA
FITA MATRIZ METALICA DE 7MM;2015;2021;3;19.62;1.3;-93.37;36.22;-95.16;✅ Boa gestão — ficou abaixo do IPCA
ÓLEO LUBRIFICANTE PARA CAIXA DE MARCHAS SAE 80W90 API GL3;2015;2020;3;3100.0;181.35;-94.15;23.77;-95.27;✅ Boa gestão — ficou abaixo do IPCA
FITA MATRIZ METÁLICA DE 5MM;2015;2021;3;16.42;1.04;-93.67;36.22;-95.37;✅ Boa gestão — ficou abaixo do IPCA
ÁGUA SANITÁRIA 1L;2015;2022;6;33.71;2.2;-93.47;44.11;-95.46;✅ Boa gestão — ficou abaixo do IPCA
SORO FISIOLÓGICO 250ML;2016;2023;7;41.7;2.49;-94.03;41.85;-95.79;✅ Boa gestão — ficou abaixo do IPCA
SORO FISIOLÓGICO 100ML;2016;2023;6;36.0;2.01;-94.42;41.85;-96.07;✅ Boa gestão — ficou abaixo do IPCA
COMPRA DE SEMENTE CERTIFICADA DE AVEIA PRETA;2015;2023;3;48.5;2.49;-94.87;50.77;-96.6;✅ Boa gestão — ficou abaixo do IPCA
COMPRA DE SEMENTE CERTIFICADA DE AZEVEM;2015;2023;3;115.5;5.07;-95.61;50.77;-97.09;✅ Boa gestão — ficou abaixo do IPCA
LANTERNA CLINICA;2016;2023;5;440.0;18.1;-95.89;41.85;-97.1;✅ Boa gestão — ficou abaixo do IPCA
FLANELA PARA LIMPEZA COR BRANCA;2016;2024;5;23.9;1.03;-95.69;48.71;-97.11;✅ Boa gestão — ficou abaixo do IPCA
CANETA ESFEROGRAFICA VERMELHA.;2018;2020;3;14.21;0.4;-97.19;9.02;-97.44;✅ Boa gestão — ficou abaixo do IPCA
CANETA ESFEROGRAFICA PRETA.;2018;2020;3;14.21;0.4;-97.19;9.02;-97.44;✅ Boa gestão — ficou abaixo do IPCA
ESCOVA DENTAL ADULTO.;2015;2018;3;23.0;0.46;-98.0;13.53;-98.22;✅ Boa gestão — ficou abaixo do IPCA
LINHA DE COSTURA;2017;2021;4;148.0;3.06;-97.93;24.48;-98.34;✅ Boa gestão — ficou abaixo do IPCA
TESTE RAPIDO DE GRAVIDEZ;2017;2021;5;67.63;0.67;-99.01;24.48;-99.21;✅ Boa gestão — ficou abaixo do IPCA
EMULSÃO ASFÁLTICA RR-1C;2018;2025;8;2906.2;4.06;-99.86;45.15;-99.9;✅ Boa gestão — ficou abaixo do IPCA
ASFALTO DILUÍDO CM-30;2015;2025;7;5003.16;7.69;-99.85;64.79;-99.91;✅ Boa gestão — ficou abaixo do IPCA
CIMENTO ASFÁLTICO DE PETRÓLEO - CAP 50-70;2019;2025;7;4334.5;5.09;-99.88;39.16;-99.92;✅ Boa gestão — ficou abaixo do IPCA
AQUISIÇÃO DE RECARGAS DE VALE TRANSPORTE PARA OS USUÁRIOS DO;2019;2022;3;10725.0;4.45;-99.96;21.69;-99.97;✅ Boa gestão — ficou abaixo do IPCA
PEUGEOT BOXER (02 - ) BOXER M350 LH  2.3 126CV TB DIESEL 201;2019;2021;3;1.0;0.0;-100.0;15.03;-100.0;✅ Boa gestão — ficou abaixo do IPCA
GM S-10 (09 - 11) CAB. DUPLA COLINA 2.8 TURBO DIESEL 4X4 200;2019;2021;3;1.0;0.0;-100.0;15.03;-100.0;✅ Boa gestão — ficou abaixo do IPCA
CONTRATAÇÃO DE EMPRESA PARA AQUISIÇÃO DE MEDICAMENTOS PARA U;2015;2020;4;555000.0;20.0;-100.0;23.77;-100.0;✅ Boa gestão — ficou abaixo do IPCA
FIAT PALIO FASE II 4P ECONOMY 1.0MPI FIRE ECONOMY FLEX 8V 20;2019;2021;3;1.0;0.0;-100.0;15.03;-100.0;✅ Boa gestão — ficou abaixo do IPCA
FIAT STRADA  CAB.SIMPLES WORKING 1.5MPI GASOLINA 2008 - 2013;2019;2021;3;1.0;0.0;-100.0;15.03;-100.0;✅ Boa gestão — ficou abaixo do IPCA
